{
  "type": "FeatureCollection",
  "crs": {
    "type": "name",
    "properties": {
      "name": "EPSG:4326"
    }
  },
  "features": [
    {
      "type": "Feature",
      "id": 1,
      "geometry": {
        "type": "Polygon",
        "coordinates": [
          [
            [-122.052827609021, 36.9774976747899, -0.000038558660889975],
            [-122.052823473202, 36.9776332268148, -0.000038558660889975],
            [-122.052694199635, 36.9776012008882, -0.000038558660889975],
            [-122.052485444523, 36.9775548143022, -0.000038558660889975],
            [-122.052349516836, 36.9775064235022, -0.000038558660889975],
            [-122.052329347716, 36.9774985442631, -0.000038558660889975],
            [-122.052362537599, 36.9774418888571, -0.000038558660889975],
            [-122.052199848253, 36.9773805407602, -0.000038558660889975],
            [-122.052198753403, 36.9773222058417, -0.000038558660889975],
            [-122.052373301196, 36.9773199080172, -0.000038558660889975],
            [-122.052372216705, 36.9772674586471, -0.000038558660889975],
            [-122.052557881778, 36.9772670384559, -0.000038558660889975],
            [-122.052560487698, 36.9773384106342, -0.000038558660889975],
            [-122.052643161251, 36.9774070777069, -0.000038558660889975],
            [-122.052728350655, 36.9774430853672, -0.000038558660889975],
            [-122.052807823503, 36.9774867300769, -0.000038558660889975],
            [-122.052827609021, 36.9774976747899, -0.000038558660889975]
          ]
        ]
      },
      "properties": {
        "OBJECTID": 1,
        "CODE": "PKG",
        "NAME": "Granary",
        "NUMBER": 118,
        "Location": "Stone House",
        "Permit_Type": "A, B, MC, N, RMC, Disability",
        "Handicapped": "Yes",
        "Meters": "No",
        "Comments": "No permit required after 5:00pm.",
        "Paystations": "No",
        "Paystation_Limit": null,
        "Meter_Limit": null,
        "Permit_Days": "M - F",
        "Permit_Period": "7:00am - 5:00pm",
        "NUM": "118",
        "GlobalID": "3a9a98a9-e009-4a6b-8ab8-eb7e6cffba63"
      }
    },
    {
      "type": "Feature",
      "id": 2,
      "geometry": {
        "type": "Polygon",
        "coordinates": [
          [
            [-122.054331250074, 36.9784059637192, -0.000038558660889975],
            [-122.05426862745, 36.9784073966256, -0.000038558660889975],
            [-122.054267770811, 36.9784041610442, -0.000038558660889975],
            [-122.054266525505, 36.9784019012265, -0.000038558660889975],
            [-122.054264067241, 36.9783996494617, -0.000038558660889975],
            [-122.054261210267, 36.9783977256369, -0.000038558660889975],
            [-122.05425674275, 36.9783961377898, -0.000038558660889975],
            [-122.054251884301, 36.9783955248352, -0.000038558660889975],
            [-122.054246651713, 36.9783968607384, -0.000038558660889975],
            [-122.054241414638, 36.9783978713707, -0.000038558660889975],
            [-122.054234974683, 36.9783995396808, -0.000038558660889975],
            [-122.054226923061, 36.978401543983, -0.000038558660889975],
            [-122.054220079928, 36.9784032158624, -0.000038558660889975],
            [-122.054213236776, 36.9784048868404, -0.000038558660889975],
            [-122.054206792351, 36.9784062307793, -0.000038558660889975],
            [-122.05420277156, 36.9784075568413, -0.000038558660889975],
            [-122.05419610056, 36.9783933438081, -0.000038558660889975],
            [-122.054188143014, 36.9783739561479, -0.000038558660889975],
            [-122.054176832776, 36.9783461698891, -0.000038558660889975],
            [-122.05416470404, 36.9783174239514, -0.000038558660889975],
            [-122.054155079339, 36.9782941716606, -0.000038558660889975],
            [-122.054145029257, 36.9782693073966, -0.000038558660889975],
            [-122.05413248881, 36.9782396089743, -0.000038558660889975],
            [-122.054122423359, 36.9782134589117, -0.000038558660889975],
            [-122.054109906586, 36.9781850659999, -0.000038558660889975],
            [-122.05409819857, 36.9781566731251, -0.000038558660889975],
            [-122.054088552271, 36.9781311816539, -0.000038558660889975],
            [-122.054077252164, 36.9781027959589, -0.000038558660889975],
            [-122.054065963339, 36.9780750634771, -0.000038558660889975],
            [-122.054044635688, 36.97802186728, -0.000038558660889975],
            [-122.054026114112, 36.9779670502969, -0.000038558660889975],
            [-122.054010041007, 36.9779138489698, -0.000038558660889975],
            [-122.05400236615, 36.9778841821356, -0.000038558660889975],
            [-122.05399554885, 36.9778580671904, -0.000038558660889975],
            [-122.053988301836, 36.9778300222088, -0.000038558660889975],
            [-122.053981491428, 36.9778042397112, -0.000038558660889975],
            [-122.053979784405, 36.9777974719694, -0.000038558660889975],
            [-122.053974251306, 36.9777765271771, -0.000038558660889975],
            [-122.053972491067, 36.9777658859178, -0.000038558660889975],
            [-122.053992185391, 36.9777624819639, -0.000038558660889975],
            [-122.054007856911, 36.9777594371097, -0.000038558660889975],
            [-122.054013474671, 36.9777577725567, -0.000038558660889975],
            [-122.054017466425, 36.9777551536766, -0.000038558660889975],
            [-122.054020232038, 36.9777512543172, -0.000038558660889975],
            [-122.054020991762, 36.9777480179257, -0.000038558660889975],
            [-122.054020946262, 36.9777447886581, -0.000038558660889975],
            [-122.05401970124, 36.9777422161206, -0.000038558660889975],
            [-122.05401764101, 36.977739005586, -0.000038558660889975],
            [-122.05401438569, 36.9777367743494, -0.000038558660889975],
            [-122.054010329574, 36.9777348728043, -0.000038558660889975],
            [-122.054001457619, 36.9777343061051, -0.000038558660889975],
            [-122.053996229725, 36.9777349984837, -0.000038558660889975],
            [-122.053980939215, 36.9777364260267, -0.000038558660889975],
            [-122.053960812921, 36.9777375737408, -0.000038558660889975],
            [-122.053957857484, 36.9777378375139, -0.000038558660889975],
            [-122.053948743355, 36.977738649257, -0.000038558660889975],
            [-122.053942312632, 36.9777396757795, -0.000038558660889975],
            [-122.053938697416, 36.9777403529778, -0.000038558660889975],
            [-122.053933886003, 36.9777420103889, -0.000038558660889975],
            [-122.053930253409, 36.9777438016924, -0.000038558660889975],
            [-122.053908329699, 36.9776638056434, -0.000038558660889975],
            [-122.053921565974, 36.9776789946291, -0.000038558660889975],
            [-122.053933831619, 36.9776860362473, -0.000038558660889975],
            [-122.053938745327, 36.9776861194782, -0.000038558660889975],
            [-122.053942948847, 36.9776854831062, -0.000038558660889975],
            [-122.053977329591, 36.9776802838677, -0.000038558660889975],
            [-122.053985773914, 36.9776792386257, -0.000038558660889975],
            [-122.05399060306, 36.9776788723849, -0.000038558660889975],
            [-122.053994616998, 36.9776778681468, -0.000038558660889975],
            [-122.053999821577, 36.9776755611421, -0.000038558660889975],
            [-122.054002600497, 36.9776726303877, -0.000038558660889975],
            [-122.054004568658, 36.9776693851051, -0.000038558660889975],
            [-122.054005337281, 36.9776667956513, -0.000038558660889975],
            [-122.054005694992, 36.9776635646163, -0.000038558660889975],
            [-122.054003630353, 36.9776600324146, -0.000038558660889975],
            [-122.054001575716, 36.9776571462346, -0.000038558660889975],
            [-122.053997913937, 36.977654596885, -0.000038558660889975],
            [-122.053988215776, 36.9776524262561, -0.000038558660889975],
            [-122.053983795358, 36.9776531114804, -0.000038558660889975],
            [-122.053975749782, 36.9776538305851, -0.000038558660889975],
            [-122.053968917016, 36.9776548606634, -0.000038558660889975],
            [-122.053958857817, 36.9776555975833, -0.000038558660889975],
            [-122.053952423794, 36.9776563015235, -0.000038558660889975],
            [-122.053949085432, 36.9776479414804, -0.000038558660889975],
            [-122.053946877857, 36.9776340844177, -0.000038558660889975],
            [-122.053943847376, 36.9776189460088, -0.000038558660889975],
            [-122.053924523216, 36.977483393764, -0.000038558660889975],
            [-122.05398194556, 36.9774650842955, -0.000038558660889975],
            [-122.054047503052, 36.9774628121694, -0.000038558660889975],
            [-122.054102326606, 36.9774702996568, -0.000038558660889975],
            [-122.054163561635, 36.9777671052356, -0.000038558660889975],
            [-122.054156333384, 36.9777691075741, -0.000038558660889975],
            [-122.054141059404, 36.9777724733829, -0.000038558660889975],
            [-122.054129207395, 36.977775485385, -0.000038558660889975],
            [-122.054124604768, 36.9777777870782, -0.000038558660889975],
            [-122.054119434602, 36.9777826791512, -0.000038558660889975],
            [-122.054116686791, 36.9777878723883, -0.000038558660889975],
            [-122.054116358026, 36.9777930442067, -0.000038558660889975],
            [-122.054117248807, 36.9777988522385, -0.000038558660889975],
            [-122.054120215437, 36.9778088420805, -0.000038558660889975],
            [-122.054123594159, 36.9778194761913, -0.000038558660889975],
            [-122.05412738163, 36.977830430186, -0.000038558660889975],
            [-122.054130738164, 36.9778394496553, -0.000038558660889975],
            [-122.05413366376, 36.9778465345992, -0.000038558660889975],
            [-122.054139772538, 36.9778506833986, -0.000038558660889975],
            [-122.054146257832, 36.9778528896169, -0.000038558660889975],
            [-122.054152714221, 36.9778531568537, -0.000038558660889975],
            [-122.054159157279, 36.9778524545846, -0.000038558660889975],
            [-122.054167602901, 36.9778507658608, -0.000038558660889975],
            [-122.054184494123, 36.9778473875106, -0.000038558660889975],
            [-122.054200575668, 36.9778436928143, -0.000038558660889975],
            [-122.054232754329, 36.9778372728907, -0.000038558660889975],
            [-122.054314043013, 36.977822343719, -0.000038558660889975],
            [-122.054343583175, 36.9779081049615, -0.000038558660889975],
            [-122.05436336564, 36.9779616380168, -0.000038558660889975],
            [-122.054383574092, 36.9780161594075, -0.000038558660889975],
            [-122.054404587171, 36.9780700464467, -0.000038558660889975],
            [-122.054427249201, 36.9781255597881, -0.000038558660889975],
            [-122.054450314951, 36.9781804432187, -0.000038558660889975],
            [-122.054468329678, 36.9782217760422, -0.000038558660889975],
            [-122.054464312285, 36.9782234282999, -0.000038558660889975],
            [-122.054457080487, 36.9782264003872, -0.000038558660889975],
            [-122.054451467067, 36.9782293608183, -0.000038558660889975],
            [-122.054443461267, 36.9782346079171, -0.000038558660889975],
            [-122.054435870952, 36.9782405001391, -0.000038558660889975],
            [-122.054429892279, 36.9782460554645, -0.000038558660889975],
            [-122.054423928118, 36.9782525829829, -0.000038558660889975],
            [-122.054416420385, 36.9782639830932, -0.000038558660889975],
            [-122.054409716818, 36.9782750534636, -0.000038558660889975],
            [-122.054401046432, 36.9782897052501, -0.000038558660889975],
            [-122.054393173496, 36.9783037029569, -0.000038558660889975],
            [-122.054386064499, 36.9783147769267, -0.000038558660889975],
            [-122.054376979761, 36.9783287844735, -0.000038558660889975],
            [-122.054370294077, 36.9783411532217, -0.000038558660889975],
            [-122.05435885607, 36.9783600423467, -0.000038558660889975],
            [-122.054349009619, 36.9783772989284, -0.000038558660889975],
            [-122.054342708161, 36.9783883693432, -0.000038558660889975],
            [-122.054331250074, 36.9784059637192, -0.000038558660889975]
          ],
          [
            [-122.054337352229, 36.9782736639327, -0.000038558660889975],
            [-122.054334109939, 36.9782730402583, -0.000038558660889975],
            [-122.054330478984, 36.9782733923478, -0.000038558660889975],
            [-122.054323629168, 36.9782747407943, -0.000038558660889975],
            [-122.0543111637, 36.9782787252653, -0.000038558660889975],
            [-122.054297495316, 36.9782833656117, -0.000038558660889975],
            [-122.054291878521, 36.9782860007496, -0.000038558660889975],
            [-122.054289907211, 36.9782892568934, -0.000038558660889975],
            [-122.054289555344, 36.9782928239965, -0.000038558660889975],
            [-122.054290426437, 36.9782970290683, -0.000038558660889975],
            [-122.054293754651, 36.9783034850182, -0.000038558660889975],
            [-122.054296265327, 36.9783092993993, -0.000038558660889975],
            [-122.054299997861, 36.9783157526647, -0.000038558660889975],
            [-122.054304114612, 36.9783209066974, -0.000038558660889975],
            [-122.054306558345, 36.978322185367, -0.000038558660889975],
            [-122.054311012434, 36.9783227992018, -0.000038558660889975],
            [-122.054313437187, 36.9783227813082, -0.000038558660889975],
            [-122.054318061084, 36.9783212885953, -0.000038558660889975],
            [-122.054322642532, 36.9783168774851, -0.000038558660889975],
            [-122.054326986142, 36.978310039028, -0.000038558660889975],
            [-122.054331737377, 36.978303520469, -0.000038558660889975],
            [-122.054340043704, 36.9782914662705, -0.000038558660889975],
            [-122.054342404819, 36.9782872352479, -0.000038558660889975],
            [-122.054343962906, 36.9782833348501, -0.000038558660889975],
            [-122.054343519541, 36.9782807462252, -0.000038558660889975],
            [-122.05434307728, 36.9782781566844, -0.000038558660889975],
            [-122.054340617932, 36.9782759067381, -0.000038558660889975],
            [-122.054337352229, 36.9782736639327, -0.000038558660889975]
          ]
        ]
      },
      "properties": {
        "OBJECTID": 2,
        "CODE": "PKG",
        "NAME": "Barn Theater",
        "NUMBER": 122,
        "Location": "Barn Theater",
        "Permit_Type": "A, B, C, N, Admissions Visitors",
        "Handicapped": "No",
        "Meters": "No",
        "Comments": "No permit required after 5:00pm.",
        "Paystations": "No",
        "Paystation_Limit": null,
        "Meter_Limit": null,
        "Permit_Days": "M - F",
        "Permit_Period": "7:00am - 5:00pm",
        "NUM": "122",
        "GlobalID": "aeb0d835-6cda-4dbe-8e48-d2ff55fa2d2d"
      }
    },
    {
      "type": "Feature",
      "id": 3,
      "geometry": {
        "type": "Polygon",
        "coordinates": [
          [
            [-122.051769396078, 36.9812411479454, 4558.47596144135],
            [-122.051762110387, 36.9812305540287, 4558.47596144135],
            [-122.051739164353, 36.981193640054, 4558.47596144135],
            [-122.051729125671, 36.9811783830422, 4558.47596144135],
            [-122.051715835523, 36.9811560850127, 4558.47596144135],
            [-122.051691847784, 36.9811176276274, 4558.47596144135],
            [-122.051671645566, 36.9810860707747, 4558.47596144135],
            [-122.051650047811, 36.9810493308017, 4558.47596144135],
            [-122.051638659092, 36.9810311998161, 4558.47596144135],
            [-122.051627737656, 36.9810123614859, 4558.47596144135],
            [-122.051609666253, 36.9809840043485, 4558.47596144135],
            [-122.051597171237, 36.9809625644787, 4558.47596144135],
            [-122.05157349921, 36.9809206801432, 2279.23796144134],
            [-122.051634101418, 36.9808901959168, -0.000038558660889975],
            [-122.051669928266, 36.9808737429776, 1508.50396144134],
            [-122.051740837717, 36.9808405919293, 4525.51196144134],
            [-122.051748235787, 36.9808371690089, 4525.51196144134],
            [-122.051900300967, 36.9807643337813, 4508.98196144134],
            [-122.051996208185, 36.9807169508856, 4492.45196144134],
            [-122.052017078531, 36.9807064383432, 4492.45196144134],
            [-122.052054126904, 36.9806901808103, 4492.45196144134],
            [-122.052089719704, 36.98067295673, 4500.46196144135],
            [-122.052098069512, 36.9806870997802, 4508.47196144133],
            [-122.052126155267, 36.9807318126984, 4508.47196144133],
            [-122.052142528978, 36.98075884056, 4508.47196144133],
            [-122.052156077728, 36.9807806042975, 2254.23596144133],
            [-122.052162520154, 36.9807929523171, 2254.94996144134],
            [-122.052163758845, 36.9807954366422, 4509.89996144135],
            [-122.052168732068, 36.9808034415404, 4509.89996144135],
            [-122.05218452511, 36.9808295479946, 4509.89996144135],
            [-122.052198519816, 36.9808519627623, 4509.89996144135],
            [-122.052211952954, 36.9808786188034, 2254.94996144134],
            [-122.05216691377, 36.9809003835685, -0.000038558660889975],
            [-122.052164788803, 36.9809036588422, -0.000038558660889975],
            [-122.052164769886, 36.980906058068, -0.000038558660889975],
            [-122.05216574349, 36.9809080538697, -0.000038558660889975],
            [-122.052168548218, 36.9809114149426, -0.000038558660889975],
            [-122.052171559527, 36.9809139558849, -0.000038558660889975],
            [-122.05217504392, 36.980916070576, -0.000038558660889975],
            [-122.052178911506, 36.9809177034368, -0.000038558660889975],
            [-122.052183058039, 36.9809188107951, -0.000038558660889975],
            [-122.052187372814, 36.9809193625823, -0.000038558660889975],
            [-122.052191743214, 36.9809193449766, -0.000038558660889975],
            [-122.052196051307, 36.9809187586464, -0.000038558660889975],
            [-122.052200183931, 36.9809176177142, -0.000038558660889975],
            [-122.052212878045, 36.9809104311999, -0.000038558660889975],
            [-122.05223766602, 36.9809521599733, 24.5099614413339],
            [-122.052235297461, 36.9809525636864, 49.0199614413432],
            [-122.052230415961, 36.9809533964649, 49.0199614413432],
            [-122.052224632978, 36.9809553956674, 49.0199614413432],
            [-122.052218380571, 36.9809584870534, 49.0199614413432],
            [-122.052213005941, 36.9809620362791, 49.0199614413432],
            [-122.052202548019, 36.9809683936773, 49.0199614413432],
            [-122.052171298885, 36.9809879526539, 49.0199614413432],
            [-122.052117722568, 36.9810220529764, 49.0199614413432],
            [-122.052084031983, 36.9810425672382, 49.0199614413432],
            [-122.052055251317, 36.9810609614384, 49.0199614413432],
            [-122.05203160761, 36.9810761006621, 49.0199614413432],
            [-122.051996403812, 36.9810979696989, 49.0199614413432],
            [-122.051963928517, 36.98111869846, 49.0199614413432],
            [-122.051931273003, 36.9811399477953, 49.0199614413432],
            [-122.051845416467, 36.9811960763598, 49.0199614413432],
            [-122.051837284284, 36.9812014826642, 49.0199614413432],
            [-122.051833940274, 36.9812048552578, 2303.74796144135],
            [-122.051829065656, 36.9812082500174, 4584.23996144134],
            [-122.051826423912, 36.9812101650514, 2279.23796144134],
            [-122.051824509304, 36.981211554028, 4558.47596144135],
            [-122.051814192015, 36.9812198272569, 4558.47596144135],
            [-122.051790537652, 36.9812374989227, 4558.47596144135],
            [-122.051774477844, 36.981248807161, 4558.47596144135],
            [-122.051769396078, 36.9812411479454, 4558.47596144135]
          ],
          [
            [-122.05186458016, 36.9811290241173, 4520.41196144134],
            [-122.051880810546, 36.9811195574361, 4520.41196144134],
            [-122.051890994021, 36.9811131802879, 4520.41196144134],
            [-122.051900757947, 36.9811067762779, 4520.41196144134],
            [-122.051908379438, 36.98110133621, 4520.41196144134],
            [-122.051915459339, 36.9810968667222, 4520.41196144134],
            [-122.051938639865, 36.9810809469444, 4520.41196144134],
            [-122.051941153977, 36.9810789984594, 4520.41196144134],
            [-122.051944685996, 36.9810712994404, 4520.41196144134],
            [-122.051946433584, 36.9810637332081, 4520.41196144134],
            [-122.051945077256, 36.9810618614543, 4520.41196144134],
            [-122.051940902128, 36.981060675163, 4520.41196144134],
            [-122.051933057359, 36.981062595443, 4520.41196144134],
            [-122.051906955128, 36.981072320546, 4520.41196144134],
            [-122.051900055986, 36.9810746662216, 4520.41196144134],
            [-122.05189406069, 36.981064765284, 4520.41196144134],
            [-122.05188857338, 36.9810559633504, 4520.41196144134],
            [-122.051882914132, 36.981046886137, 4520.41196144134],
            [-122.051877292032, 36.9810378670065, 4535.51396144135],
            [-122.051863544109, 36.9810158129991, 4550.61596144133],
            [-122.051856185107, 36.9810040088615, 4550.61596144133],
            [-122.051844888655, 36.9809858874824, 4550.61596144133],
            [-122.051835752072, 36.98097123219, 4550.61596144133],
            [-122.051824346436, 36.9809529365291, 4550.61596144133],
            [-122.051799332406, 36.9809130310868, 4550.61596144133],
            [-122.051775426672, 36.9808744635845, 4550.61596144133],
            [-122.051792560154, 36.9808666818454, 4550.61596144133],
            [-122.051800423285, 36.9808633140156, 4550.61596144133],
            [-122.051828580962, 36.9808486915459, 4550.61596144133],
            [-122.051823224591, 36.9808435602262, 4550.61596144133],
            [-122.051816891131, 36.980841263539, 4550.61596144133],
            [-122.051807592481, 36.9808414278049, 4550.61596144133],
            [-122.05179930456, 36.9808444606361, 4550.61596144133],
            [-122.051790104749, 36.9808491349543, 4550.61596144133],
            [-122.051744586576, 36.9808696866143, 4550.61596144133],
            [-122.051716295172, 36.9808824597934, 2275.30796144134],
            [-122.051707016758, 36.9808882228897, -0.000038558660889975],
            [-122.051698907903, 36.980895028426, -0.000038558660889975],
            [-122.051697838511, 36.9808970387934, -0.000038558660889975],
            [-122.051697188169, 36.980899160741, -0.000038558660889975],
            [-122.051696974852, 36.9809013399582, -0.000038558660889975],
            [-122.051697201841, 36.9809035178238, -0.000038558660889975],
            [-122.051697865716, 36.9809056376082, -0.000038558660889975],
            [-122.051698947338, 36.980907642791, -0.000038558660889975],
            [-122.051700418692, 36.9809094823768, -0.000038558660889975],
            [-122.051702241677, 36.9809111064056, -0.000038558660889975],
            [-122.051747705281, 36.980889217218, -0.000038558660889975],
            [-122.05175185945, 36.9808872162777, 2273.72996144134],
            [-122.051819852091, 36.9809967906652, 4547.45996144135],
            [-122.051827897444, 36.9810100086562, 4547.45996144135],
            [-122.051834191862, 36.9810212844416, 4547.45996144135],
            [-122.05184749179, 36.9810439464092, 4547.45996144135],
            [-122.051851774534, 36.981051860475, 4533.93596144134],
            [-122.051854882369, 36.9810573866926, 4520.41196144134],
            [-122.051858006487, 36.981062559426, 4520.41196144134],
            [-122.051862597381, 36.9810706541361, 4520.41196144134],
            [-122.051868616454, 36.9810804556277, 4520.41196144134],
            [-122.0518740771, 36.981089543595, 4520.41196144134],
            [-122.051878405564, 36.9810959196175, 4520.41196144134],
            [-122.051884515482, 36.9811054423325, 4520.41196144134],
            [-122.051872384116, 36.9811114894256, 4520.41196144134],
            [-122.05186240738, 36.981116075856, 4520.41196144134],
            [-122.051851495301, 36.9811212235561, 4520.41196144134],
            [-122.051844368509, 36.9811242400406, 4520.41196144134],
            [-122.051841191579, 36.9811258593947, 4520.41196144134],
            [-122.051839902827, 36.9811291586834, 4520.41196144134],
            [-122.051848883115, 36.9811310894172, 4520.41196144134],
            [-122.051856438137, 36.9811310195411, 4520.41196144134],
            [-122.05186458016, 36.9811290241173, 4520.41196144134]
          ],
          [
            [-122.051962400342, 36.9808494299067, 4520.41196144134],
            [-122.051975550361, 36.9808715233994, 4520.41196144134],
            [-122.051989725697, 36.9808949081746, 4520.41196144134],
            [-122.052007372428, 36.9809229302545, 4520.41196144134],
            [-122.05201561756, 36.980936030222, 4520.41196144134],
            [-122.052022165054, 36.9809483534202, 4520.41196144134],
            [-122.052034830763, 36.9809704371297, 4520.41196144134],
            [-122.052041233409, 36.980981350086, 4520.41196144134],
            [-122.052044405747, 36.9809867357555, 4520.41196144134],
            [-122.052041507647, 36.9809892904474, 4520.41196144134],
            [-122.052027821544, 36.9809953861817, 4520.41196144134],
            [-122.052017282794, 36.9810001711567, 4520.41196144134],
            [-122.052006021658, 36.9810053316269, 4520.41196144134],
            [-122.051998486724, 36.9810089807816, 4520.41196144134],
            [-122.051995704076, 36.9810108715599, 4520.41196144134],
            [-122.052003055469, 36.9810167098969, 4520.41196144134],
            [-122.052009504136, 36.9810200684484, 4520.41196144134],
            [-122.052017661425, 36.9810213116959, 4520.41196144134],
            [-122.052025216436, 36.9810212418088, 4520.41196144134],
            [-122.052033358442, 36.9810192463732, 4520.41196144134],
            [-122.052048751829, 36.9810096664409, 4520.41196144134],
            [-122.052060070651, 36.981001862903, 4520.41196144134],
            [-122.052068480866, 36.9809961059239, 4520.41196144134],
            [-122.05207753833, 36.9809905773451, 4520.41196144134],
            [-122.052083814328, 36.9809869422339, 4520.41196144134],
            [-122.052107863107, 36.9809731962595, 4520.41196144134],
            [-122.052110377211, 36.9809712477709, 4520.41196144134],
            [-122.052113444134, 36.9809636017975, 4520.41196144134],
            [-122.052115655653, 36.980955982527, 4520.41196144134],
            [-122.052114982938, 36.980953598813, 4520.41196144134],
            [-122.052111700757, 36.9809543102722, 4520.41196144134],
            [-122.052105537548, 36.980957587012, 4520.41196144134],
            [-122.052079024958, 36.9809695742004, 4520.41196144134],
            [-122.05207435475, 36.9809720425285, 4520.41196144134],
            [-122.052071312734, 36.9809727976527, 4520.41196144134],
            [-122.05206780789, 36.9809709977468, 4520.41196144134],
            [-122.052061695098, 36.9809618256434, 4520.41196144134],
            [-122.052054315546, 36.9809508761218, 4520.41196144134],
            [-122.05204118867, 36.9809283281284, 4520.41196144134],
            [-122.052016250332, 36.9808871447345, 4520.41196144134],
            [-122.051958329954, 36.9807904947196, 2260.20596144133],
            [-122.052009273437, 36.9807633083031, -0.000038558660889975],
            [-122.052007198933, 36.9807600591712, -0.000038558660889975],
            [-122.052004890144, 36.9807580288651, -0.000038558660889975],
            [-122.052001995342, 36.9807565587873, -0.000038558660889975],
            [-122.051997646211, 36.9807554856603, -0.000038558660889975],
            [-122.051991395511, 36.980755290363, -0.000038558660889975],
            [-122.051986335209, 36.9807558957065, -0.000038558660889975],
            [-122.051981465954, 36.9807571572793, -0.000038558660889975],
            [-122.051926791154, 36.9807824557664, -0.000038558660889975],
            [-122.051884148964, 36.9808031287269, -0.000038558660889975],
            [-122.051881718333, 36.9808045507049, -0.000038558660889975],
            [-122.051879609557, 36.9808062730035, -0.000038558660889975],
            [-122.051877880063, 36.9808082479968, -0.000038558660889975],
            [-122.051876575937, 36.9808104228025, -0.000038558660889975],
            [-122.051875733063, 36.9808127401679, -0.000038558660889975],
            [-122.051875373722, 36.9808151367133, -0.000038558660889975],
            [-122.051875506678, 36.9808175474361, -0.000038558660889975],
            [-122.05187613063, 36.9808199092703, -0.000038558660889975],
            [-122.051877226267, 36.9808221575869, -0.000038558660889975],
            [-122.051878765372, 36.9808242314802, -0.000038558660889975],
            [-122.05193309965, 36.9808015311785, 2260.20596144133],
            [-122.051962400342, 36.9808494299067, 4520.41196144134]
          ]
        ]
      },
      "properties": {
        "OBJECTID": 3,
        "CODE": "PKG",
        "NAME": "Campus Facilities",
        "NUMBER": 116,
        "Location": "Campus Facilities",
        "Permit_Type": "A, B, MC, N",
        "Handicapped": "No",
        "Meters": "Yes",
        "Comments": "No permit required after 5:00pm.",
        "Paystations": "No",
        "Paystation_Limit": null,
        "Meter_Limit": "2 hr.",
        "Permit_Days": "M - F",
        "Permit_Period": "7:00am - 5:00pm",
        "NUM": "116",
        "GlobalID": "471fcadb-6ded-4d28-95b7-953217907753"
      }
    },
    {
      "type": "Feature",
      "id": 4,
      "geometry": {
        "type": "Polygon",
        "coordinates": [
          [
            [-122.055287664222, 36.9852820554894, 0],
            [-122.055282133542, 36.985280520602, 0],
            [-122.055276359263, 36.9852797531741, 0],
            [-122.055270505877, 36.9852797762458, 0],
            [-122.055264741858, 36.985280588472, 0],
            [-122.055259229603, 36.9852821660588, 0],
            [-122.055254126603, 36.9852844654517, 0],
            [-122.055247177805, 36.9852503758457, 0],
            [-122.055237059853, 36.9852238705787, 0],
            [-122.055242329113, 36.9852229270678, 0],
            [-122.055247347839, 36.9852213317298, 0],
            [-122.055251992118, 36.9852191222643, 0],
            [-122.055258197914, 36.9852155591142, 0],
            [-122.055263631315, 36.9852112600744, 0],
            [-122.055268156313, 36.9852063296943, 0],
            [-122.055271660876, 36.9852008911289, 0],
            [-122.055274059046, 36.985195078901, 0],
            [-122.055284435908, 36.985157627544, 0],
            [-122.055359668279, 36.98516926005, 0],
            [-122.055434230295, 36.9851833995541, 0],
            [-122.055424136703, 36.9852198260963, 0],
            [-122.055423367424, 36.9852226021159, 0],
            [-122.055423385391, 36.9852253126653, 0],
            [-122.055423916054, 36.9852279902435, 0],
            [-122.055424944628, 36.9852305719642, 0],
            [-122.055426450791, 36.9852329986195, 0],
            [-122.055428396323, 36.9852352148452, 0],
            [-122.055430738589, 36.9852371689406, 0],
            [-122.05543342273, 36.9852388156763, 0],
            [-122.05543665173, 36.9852399757117, 0],
            [-122.055490771629, 36.9852594137211, 0],
            [-122.055545264947, 36.985284510725, 0],
            [-122.055596356, 36.9853138544391, 0],
            [-122.055643532057, 36.9853471507074, 0],
            [-122.055686318872, 36.9853840652086, 0],
            [-122.055724289758, 36.9854242278407, 0],
            [-122.05568869571, 36.9854575068882, 0],
            [-122.055690913202, 36.985484500493, 0],
            [-122.05567496302, 36.9854858279917, 0],
            [-122.055664660976, 36.9854915383644, 0],
            [-122.055629576742, 36.9855081682597, 0],
            [-122.055597096646, 36.9854704872545, 0],
            [-122.055558996983, 36.985436359787, 0],
            [-122.055515876408, 36.9854063230904, 0],
            [-122.055468413091, 36.9853808484517, 0],
            [-122.05541735, 36.9853603360013, 0],
            [-122.055363490246, 36.985345106665, 0],
            [-122.055358601422, 36.9853439173915, 0],
            [-122.055337248684, 36.9853387237526, 0],
            [-122.055301715357, 36.9853341652776, 0],
            [-122.055302788256, 36.9853070043319, 0],
            [-122.055303066491, 36.9853028118765, 0],
            [-122.055302464472, 36.9852986419722, 0],
            [-122.055300998123, 36.985294612463, 0],
            [-122.055298709122, 36.9852908372448, 0],
            [-122.055295663721, 36.9852874235772, 0],
            [-122.055291947063, 36.985284468555, 0],
            [-122.055287664222, 36.9852820554894, 0]
          ]
        ]
      },
      "properties": {
        "OBJECTID": 4,
        "CODE": "PKG",
        "NAME": "Agroecology",
        "NUMBER": 168,
        "Location": "Agroecology",
        "Permit_Type": "A, B, N, Disability",
        "Handicapped": "Yes",
        "Meters": "Yes",
        "Comments": null,
        "Paystations": "No",
        "Paystation_Limit": null,
        "Meter_Limit": "2 hr.",
        "Permit_Days": "M - F",
        "Permit_Period": "7:00am - 8:30pm",
        "NUM": "168",
        "GlobalID": "8c4ac640-20b0-45d5-bf7a-291401219357"
      }
    },
    {
      "type": "Feature",
      "id": 5,
      "geometry": {
        "type": "Polygon",
        "coordinates": [
          [
            [-122.055176349942, 36.9953060895916, -0.000038558660889975],
            [-122.055175580634, 36.9953036639206, -0.000038558660889975],
            [-122.055174001178, 36.9953015049883, -0.000038558660889975],
            [-122.055170994417, 36.9952992163858, -0.000038558660889975],
            [-122.055168222451, 36.9952980655644, -0.000038558660889975],
            [-122.055165161969, 36.9952975764604, -0.000038558660889975],
            [-122.055161032131, 36.9952978577128, -0.000038558660889975],
            [-122.055157251658, 36.9952992211474, -0.000038558660889975],
            [-122.055154246516, 36.9953015114878, -0.000038558660889975],
            [-122.055152670025, 36.9953036710356, -0.000038558660889975],
            [-122.055127567673, 36.9953389917968, -0.000038558660889975],
            [-122.055023895283, 36.9952890534505, -0.000038558660889975],
            [-122.055038063577, 36.9952679938531, -0.000038558660889975],
            [-122.055040122003, 36.995266102747, -0.000038558660889975],
            [-122.055041973126, 36.9952629365116, -0.000038558660889975],
            [-122.055042402083, 36.9952597802209, -0.000038558660889975],
            [-122.055041537919, 36.9952565177033, -0.000038558660889975],
            [-122.055039411267, 36.9952536514166, -0.000038558660889975],
            [-122.055036249764, 36.9952514856332, -0.000038558660889975],
            [-122.055033410104, 36.9952504294352, -0.000038558660889975],
            [-122.055030321053, 36.9952500254207, -0.000038558660889975],
            [-122.055027196138, 36.9952501680075, -0.000038558660889975],
            [-122.054977557299, 36.9952440022074, -0.000038558660889975],
            [-122.055021457372, 36.9950767980758, -0.000038558660889975],
            [-122.055068675597, 36.9950855446974, -0.000038558660889975],
            [-122.055072292725, 36.9950854622366, -0.000038558660889975],
            [-122.055076858485, 36.9950842595637, -0.000038558660889975],
            [-122.055080642679, 36.9950818831404, -0.000038558660889975],
            [-122.055083193912, 36.9950786165514, -0.000038558660889975],
            [-122.05508416172, 36.9950758189623, -0.000038558660889975],
            [-122.055084095963, 36.9950729161931, -0.000038558660889975],
            [-122.055082642424, 36.9950692424771, -0.000038558660889975],
            [-122.055079718576, 36.9950661831479, -0.000038558660889975],
            [-122.055076789087, 36.9950644783878, -0.000038558660889975],
            [-122.055027151036, 36.9950537895093, -0.000038558660889975],
            [-122.055051174774, 36.9949813755992, -0.000038558660889975],
            [-122.055069131394, 36.9949262012834, -0.000038558660889975],
            [-122.055101230479, 36.9948275775481, -0.000038558660889975],
            [-122.055150484607, 36.9948358482014, -0.000038558660889975],
            [-122.055155033944, 36.9948351008469, -0.000038558660889975],
            [-122.055158690594, 36.9948325341669, -0.000038558660889975],
            [-122.055161368093, 36.9948240290567, -0.000038558660889975],
            [-122.055160969009, 36.9948185407005, -0.000038558660889975],
            [-122.055157481508, 36.9948154978991, -0.000038558660889975],
            [-122.055107627114, 36.9948057473799, -0.000038558660889975],
            [-122.055137682343, 36.9947137890708, -0.000038558660889975],
            [-122.055192628761, 36.9947224172989, -0.000038558660889975],
            [-122.055209320072, 36.9947172346185, -0.000038558660889975],
            [-122.055266461668, 36.9946626310369, -0.000038558660889975],
            [-122.055276384125, 36.9946595230138, -0.000038558660889975],
            [-122.055287753132, 36.9946573113177, -0.000038558660889975],
            [-122.055299411048, 36.9946553246721, -0.000038558660889975],
            [-122.055317351253, 36.9946534831734, -0.000038558660889975],
            [-122.055332209023, 36.9946544296056, -0.000038558660889975],
            [-122.055349359737, 36.9946558032721, -0.000038558660889975],
            [-122.055450409271, 36.9946537512811, -0.000038558660889975],
            [-122.055479548202, 36.9946519451881, -0.000038558660889975],
            [-122.05550510616, 36.9946480618203, -0.000038558660889975],
            [-122.05551445664, 36.9947323420421, -0.000038558660889975],
            [-122.055504215695, 36.9947338520097, -0.000038558660889975],
            [-122.055492913075, 36.9947392674862, -0.000038558660889975],
            [-122.055489028037, 36.9947445831593, -0.000038558660889975],
            [-122.055487967487, 36.9947484886542, -0.000038558660889975],
            [-122.05548833814, 36.9947526039696, -0.000038558660889975],
            [-122.055489873675, 36.994757848269, -0.000038558660889975],
            [-122.055494518973, 36.9947616776856, -0.000038558660889975],
            [-122.055498251486, 36.9947627724342, -0.000038558660889975],
            [-122.05553121073, 36.9947696569694, -0.000038558660889975],
            [-122.055524608455, 36.9947914250184, -0.000038558660889975],
            [-122.055517800089, 36.9948138744138, -0.000038558660889975],
            [-122.055510553143, 36.9948377679617, -0.000038558660889975],
            [-122.05550392777, 36.9948596147213, -0.000038558660889975],
            [-122.055496680815, 36.9948835082684, -0.000038558660889975],
            [-122.055489386522, 36.9949075574515, -0.000038558660889975],
            [-122.055485415497, 36.9949206515722, -0.000038558660889975],
            [-122.055482660125, 36.9949297344925, -0.000038558660889975],
            [-122.055476313434, 36.9949506628231, -0.000038558660889975],
            [-122.055468686844, 36.9949758095834, -0.000038558660889975],
            [-122.055392599508, 36.9952516854092, -0.000038558660889975],
            [-122.055387454966, 36.9952703384144, -0.000038558660889975],
            [-122.055338656157, 36.9952620428615, -0.000038558660889975],
            [-122.055335230468, 36.9952618217794, -0.000038558660889975],
            [-122.055331867297, 36.9952623947166, -0.000038558660889975],
            [-122.055327860051, 36.9952641459898, -0.000038558660889975],
            [-122.055324836188, 36.9952668880823, -0.000038558660889975],
            [-122.055323158543, 36.9952702926283, -0.000038558660889975],
            [-122.055323026507, 36.9952739514325, -0.000038558660889975],
            [-122.055335653276, 36.995310529265, -0.000038558660889975],
            [-122.055194188678, 36.9953474409745, -0.000038558660889975],
            [-122.055176349942, 36.9953060895916, -0.000038558660889975]
          ],
          [
            [-122.055205909126, 36.9952304738135, -0.000038558660889975],
            [-122.055219219706, 36.9952278307052, -0.000038558660889975],
            [-122.055231800059, 36.9952234553228, -0.000038558660889975],
            [-122.055243303276, 36.9952174685451, -0.000038558660889975],
            [-122.055244897906, 36.9952152627934, -0.000038558660889975],
            [-122.055246011253, 36.995212874207, -0.000038558660889975],
            [-122.055246611002, 36.9952103699052, -0.000038558660889975],
            [-122.055246681762, 36.9952078203862, -0.000038558660889975],
            [-122.055246219411, 36.9952052978006, -0.000038558660889975],
            [-122.055245238882, 36.9952028722422, -0.000038558660889975],
            [-122.055243767429, 36.9952006118385, -0.000038558660889975],
            [-122.055241845689, 36.9951985800326, -0.000038558660889975],
            [-122.055239528789, 36.9951968346669, -0.000038558660889975],
            [-122.055236880655, 36.995195424455, -0.000038558660889975],
            [-122.055200696733, 36.9951876708141, -0.000038558660889975],
            [-122.055196594489, 36.9951883617431, -0.000038558660889975],
            [-122.055193816211, 36.995189563122, -0.000038558660889975],
            [-122.055191574677, 36.9951913467262, -0.000038558660889975],
            [-122.055189558371, 36.9951942943736, -0.000038558660889975],
            [-122.055184350874, 36.9952061153584, -0.000038558660889975],
            [-122.055143576889, 36.9951970359515, -0.000038558660889975],
            [-122.055141049165, 36.9951965568677, -0.000038558660889975],
            [-122.055137604046, 36.99519669922, -0.000038558660889975],
            [-122.055135151002, 36.9951973843839, -0.000038558660889975],
            [-122.055133033485, 36.9951985922735, -0.000038558660889975],
            [-122.055131310846, 36.9952001508706, -0.000038558660889975],
            [-122.055130198274, 36.9952020347771, -0.000038558660889975],
            [-122.055129652664, 36.9952047663585, -0.000038558660889975],
            [-122.0551302753, 36.9952074877742, -0.000038558660889975],
            [-122.055131439652, 36.9952093503406, -0.000038558660889975],
            [-122.055141416646, 36.9952168964153, -0.000038558660889975],
            [-122.055152813326, 36.9952230113938, -0.000038558660889975],
            [-122.055165316141, 36.9952275282285, -0.000038558660889975],
            [-122.055178579787, 36.9952303199481, -0.000038558660889975],
            [-122.055192236438, 36.9952313112495, -0.000038558660889975],
            [-122.055205909126, 36.9952304738135, -0.000038558660889975]
          ],
          [
            [-122.055240310667, 36.9950258633038, -0.000038558660889975],
            [-122.05524304887, 36.9950254392869, -0.000038558660889975],
            [-122.055245654688, 36.9950246448419, -0.000038558660889975],
            [-122.055248053351, 36.9950235043965, -0.000038558660889975],
            [-122.055250172524, 36.9950220513581, -0.000038558660889975],
            [-122.055251949042, 36.9950203280236, -0.000038558660889975],
            [-122.055253332303, 36.9950183864357, -0.000038558660889975],
            [-122.055254279658, 36.9950162830369, -0.000038558660889975],
            [-122.055254763193, 36.9950140803818, -0.000038558660889975],
            [-122.055254769669, 36.9950118444341, -0.000038558660889975],
            [-122.055254298183, 36.9950096400916, -0.000038558660889975],
            [-122.055253362454, 36.9950075329587, -0.000038558660889975],
            [-122.055251990764, 36.995005586643, -0.000038558660889975],
            [-122.055250222459, 36.995003856494, -0.000038558660889975],
            [-122.05524811145, 36.9950023958646, -0.000038558660889975],
            [-122.055245720408, 36.9950012471766, -0.000038558660889975],
            [-122.055206953234, 36.9949925528855, -0.000038558660889975],
            [-122.055203575982, 36.9949917949438, -0.000038558660889975],
            [-122.055200788291, 36.9949917825405, -0.000038558660889975],
            [-122.055198038879, 36.9949921535355, -0.000038558660889975],
            [-122.055195409533, 36.994992896925, -0.000038558660889975],
            [-122.055192977327, 36.9949939909544, -0.000038558660889975],
            [-122.055190815718, 36.9949954022014, -0.000038558660889975],
            [-122.055188986804, 36.994997091087, -0.000038558660889975],
            [-122.05518754568, 36.9949990055084, -0.000038558660889975],
            [-122.055186536136, 36.9950010899093, -0.000038558660889975],
            [-122.055185986087, 36.9950032817353, -0.000038558660889975],
            [-122.055185912199, 36.9950055176805, -0.000038558660889975],
            [-122.055186317563, 36.9950077301142, -0.000038558660889975],
            [-122.055187189603, 36.9950098543181, -0.000038558660889975],
            [-122.055188502304, 36.9950118275555, -0.000038558660889975],
            [-122.055190217366, 36.9950135908582, -0.000038558660889975],
            [-122.055192284268, 36.9950150917291, -0.000038558660889975],
            [-122.055194640318, 36.9950162868456, -0.000038558660889975],
            [-122.05519721736, 36.9950171401672, -0.000038558660889975],
            [-122.055234767741, 36.9950255613999, -0.000038558660889975],
            [-122.055237522953, 36.9950259040722, -0.000038558660889975],
            [-122.055240310667, 36.9950258633038, -0.000038558660889975]
          ],
          [
            [-122.055352084637, 36.9948974796945, -0.000038558660889975],
            [-122.055356012352, 36.9948942226848, -0.000038558660889975],
            [-122.055356459648, 36.9948882652385, -0.000038558660889975],
            [-122.055353459739, 36.9948812101363, -0.000038558660889975],
            [-122.055348557599, 36.9948787575575, -0.000038558660889975],
            [-122.0553041534, 36.994870422329, -0.000038558660889975],
            [-122.055299894097, 36.9948713947258, -0.000038558660889975],
            [-122.055293978815, 36.9948751360377, -0.000038558660889975],
            [-122.055291791306, 36.9948797432645, -0.000038558660889975],
            [-122.055291600848, 36.9948843238673, -0.000038558660889975],
            [-122.055293412162, 36.9948891057851, -0.000038558660889975],
            [-122.055297477389, 36.9948924851365, -0.000038558660889975],
            [-122.055341604668, 36.9949012818659, -0.000038558660889975],
            [-122.055352084637, 36.9948974796945, -0.000038558660889975]
          ],
          [
            [-122.055332187153, 36.9947467959363, -0.000038558660889975],
            [-122.055334053536, 36.994743445649, -0.000038558660889975],
            [-122.055339451163, 36.9947284949804, -0.000038558660889975],
            [-122.05537612868, 36.9947357886941, -0.000038558660889975],
            [-122.055382119819, 36.9947357088175, -0.000038558660889975],
            [-122.055392869706, 36.9947312163338, -0.000038558660889975],
            [-122.055399621881, 36.994726548246, -0.000038558660889975],
            [-122.055401761958, 36.9947196526176, -0.000038558660889975],
            [-122.055394963154, 36.9947082990054, -0.000038558660889975],
            [-122.055385464278, 36.9947043053923, -0.000038558660889975],
            [-122.055374309431, 36.9947030806948, -0.000038558660889975],
            [-122.055362574515, 36.9947014059236, -0.000038558660889975],
            [-122.055334293777, 36.9946999517425, -0.000038558660889975],
            [-122.055324918192, 36.9947019079635, -0.000038558660889975],
            [-122.055310173091, 36.9947064537047, -0.000038558660889975],
            [-122.055295467045, 36.9947128301487, -0.000038558660889975],
            [-122.055289014383, 36.9947181809469, -0.000038558660889975],
            [-122.055282547475, 36.994722844324, -0.000038558660889975],
            [-122.055280341004, 36.9947265361907, -0.000038558660889975],
            [-122.055278705117, 36.9947302204506, -0.000038558660889975],
            [-122.055280216928, 36.994734320553, -0.000038558660889975],
            [-122.055283155201, 36.9947384016383, -0.000038558660889975],
            [-122.055288347364, 36.9947410792564, -0.000038558660889975],
            [-122.055326456067, 36.9947485819076, -0.000038558660889975],
            [-122.055332187153, 36.9947467959363, -0.000038558660889975]
          ]
        ]
      },
      "properties": {
        "OBJECTID": 5,
        "CODE": "PKG",
        "NAME": "East Field House",
        "NUMBER": 103,
        "Location": "East Field House",
        "Permit_Type": "A, B, MC, N, NC, Disability",
        "Handicapped": "Yes",
        "Meters": "No",
        "Comments": "Evening and Weekend Paystation: Flatrate.",
        "Paystations": "Yes",
        "Paystation_Limit": "2 hr.",
        "Meter_Limit": null,
        "Permit_Days": "All",
        "Permit_Period": "7:00am - 8:30pm",
        "NUM": "103A",
        "GlobalID": "43919a58-98f9-4989-b0ca-78b189567097"
      }
    },
    {
      "type": "Feature",
      "id": 6,
      "geometry": {
        "type": "Polygon",
        "coordinates": [
          [
            [-122.064891830862, 36.9900305153809, -0.000038558660889975],
            [-122.064895401816, 36.9899934175517, -0.000038558660889975],
            [-122.064818909865, 36.9899743776516, -0.000038558660889975],
            [-122.064810622315, 36.9899716320346, -0.000038558660889975],
            [-122.064804512802, 36.9899698953771, -0.000038558660889975],
            [-122.064798147257, 36.9899687569424, -0.000038558660889975],
            [-122.064793297626, 36.9899683380538, -0.000038558660889975],
            [-122.06478679903, 36.9899683080706, -0.000038558660889975],
            [-122.064879923213, 36.9898779928756, -0.000038558660889975],
            [-122.064875551854, 36.9898888216966, -0.000038558660889975],
            [-122.064873632668, 36.9898943014735, -0.000038558660889975],
            [-122.06487189178, 36.9898998194123, -0.000038558660889975],
            [-122.064871366739, 36.9899024948937, -0.000038558660889975],
            [-122.064871263619, 36.989905200763, -0.000038558660889975],
            [-122.064871690352, 36.9899078869076, -0.000038558660889975],
            [-122.064872963995, 36.9899113736679, -0.000038558660889975],
            [-122.064875079839, 36.9899146806068, -0.000038558660889975],
            [-122.064877138816, 36.9899169303057, -0.000038558660889975],
            [-122.064879111542, 36.9899184376758, -0.000038558660889975],
            [-122.064882170614, 36.9899199980624, -0.000038558660889975],
            [-122.064884708165, 36.9899207922198, -0.000038558660889975],
            [-122.064887389991, 36.9899211780028, -0.000038558660889975],
            [-122.064890113086, 36.9899212261852, -0.000038558660889975],
            [-122.064892797029, 36.9899208513312, -0.000038558660889975],
            [-122.06489618155, 36.9899198083055, -0.000038558660889975],
            [-122.06489917271, 36.9899181649536, -0.000038558660889975],
            [-122.064901305401, 36.9899164060494, -0.000038558660889975],
            [-122.064904642011, 36.9898770133167, -0.000038558660889975],
            [-122.064974119961, 36.9898825671502, -0.000038558660889975],
            [-122.065041982875, 36.9898884661391, -0.000038558660889975],
            [-122.065120915617, 36.9898997273742, -0.000038558660889975],
            [-122.065107767983, 36.9899488656944, -0.000038558660889975],
            [-122.065100419227, 36.9899763290749, -0.000038558660889975],
            [-122.065081221451, 36.9900480793393, -0.000038558660889975],
            [-122.064891830862, 36.9900305153809, -0.000038558660889975]
          ]
        ]
      },
      "properties": {
        "OBJECTID": 6,
        "CODE": "PKG",
        "NAME": "Oakes College",
        "NUMBER": 161,
        "Location": "Oakes College",
        "Permit_Type": "A, B, MC, N",
        "Handicapped": "No",
        "Meters": "No",
        "Comments": null,
        "Paystations": "No",
        "Paystation_Limit": null,
        "Meter_Limit": null,
        "Permit_Days": "M - F",
        "Permit_Period": "7:00am - 8:30pm",
        "NUM": "161",
        "GlobalID": "0d3c9346-d5f0-4c5e-b496-b38443cf5871"
      }
    },
    {
      "type": "Feature",
      "id": 7,
      "geometry": {
        "type": "Polygon",
        "coordinates": [
          [
            [-122.065002805487, 36.9902650297489, -0.000038558660889975],
            [-122.064983151744, 36.9902625402666, -0.000038558660889975],
            [-122.064963467615, 36.9902602097989, -0.000038558660889975],
            [-122.064943755363, 36.9902580392166, -0.000038558660889975],
            [-122.064924016112, 36.9902560285048, -0.000038558660889975],
            [-122.064911028001, 36.9902548437387, -0.000038558660889975],
            [-122.064898016428, 36.9902538269081, -0.000038558660889975],
            [-122.064884987028, 36.9902529788388, -0.000038558660889975],
            [-122.064871942029, 36.9902522985995, -0.000038558660889975],
            [-122.064858884819, 36.9902517870459, -0.000038558660889975],
            [-122.064845818785, 36.990251445034, -0.000038558660889975],
            [-122.064832748383, 36.9902512707014, -0.000038558660889975],
            [-122.064819675896, 36.9902512658199, -0.000038558660889975],
            [-122.064805859834, 36.9902514295218, -0.000038558660889975],
            [-122.0647920482, 36.9902517517728, -0.000038558660889975],
            [-122.064778244365, 36.9902522325279, -0.000038558660889975],
            [-122.064764450554, 36.990252870856, -0.000038558660889975],
            [-122.064750669052, 36.9902536685289, -0.000038558660889975],
            [-122.064736903191, 36.9902546236994, -0.000038558660889975],
            [-122.064723155217, 36.9902557363375, -0.000038558660889975],
            [-122.064709429641, 36.9902570072839, -0.000038558660889975],
            [-122.064695727567, 36.9902584356225, -0.000038558660889975],
            [-122.064672261001, 36.9902610186876, -0.000038558660889975],
            [-122.064664479829, 36.9902249517963, -0.000038558660889975],
            [-122.064660915681, 36.9902209352127, -0.000038558660889975],
            [-122.064656144791, 36.9902178269978, -0.000038558660889975],
            [-122.064650530374, 36.9902158052221, -0.000038558660889975],
            [-122.06464347619, 36.9902145074918, -0.000038558660889975],
            [-122.064637363985, 36.9902133431203, -0.000038558660889975],
            [-122.064626957095, 36.9902115433321, -0.000038558660889975],
            [-122.064616506641, 36.9902099171569, -0.000038558660889975],
            [-122.064606015971, 36.9902084636483, -0.000038558660889975],
            [-122.064595490758, 36.9902071854339, -0.000038558660889975],
            [-122.064584933249, 36.9902060824835, -0.000038558660889975],
            [-122.064574351305, 36.9902051546917, -0.000038558660889975],
            [-122.06456374721, 36.9902044038303, -0.000038558660889975],
            [-122.064553125418, 36.990203828037, -0.000038558660889975],
            [-122.064540793335, 36.9902033941385, -0.000038558660889975],
            [-122.064531849075, 36.9902032067894, -0.000038558660889975],
            [-122.064526153756, 36.9902028551058, -0.000038558660889975],
            [-122.064518542837, 36.9902029283426, -0.000038558660889975],
            [-122.064512859963, 36.9902033893692, -0.000038558660889975],
            [-122.064507250661, 36.9902042540452, -0.000038558660889975],
            [-122.06449993274, 36.9902059337865, -0.000038558660889975],
            [-122.064492878195, 36.990208230017, -0.000038558660889975],
            [-122.064486169574, 36.9902111145941, -0.000038558660889975],
            [-122.064481395687, 36.9902136298682, -0.000038558660889975],
            [-122.064476917392, 36.9902164746199, -0.000038558660889975],
            [-122.064584156532, 36.9901108753543, -0.000038558660889975],
            [-122.064583360619, 36.9901175341438, -0.000038558660889975],
            [-122.064584869798, 36.9901233743726, -0.000038558660889975],
            [-122.064587601086, 36.9901291513481, -0.000038558660889975],
            [-122.064591080648, 36.9901347695904, -0.000038558660889975],
            [-122.064594360912, 36.990138695358, -0.000038558660889975],
            [-122.064599821874, 36.9901433804229, -0.000038558660889975],
            [-122.064604887879, 36.9901465261369, -0.000038558660889975],
            [-122.064610365565, 36.9901487795532, -0.000038558660889975],
            [-122.064619380563, 36.9901507440049, -0.000038558660889975],
            [-122.06462519605, 36.9901510400004, -0.000038558660889975],
            [-122.064630534551, 36.9901506043147, -0.000038558660889975],
            [-122.064635340822, 36.9901496431612, -0.000038558660889975],
            [-122.064640411946, 36.9901478601701, -0.000038558660889975],
            [-122.064645384547, 36.9901445843192, -0.000038558660889975],
            [-122.064649071345, 36.9901403641392, -0.000038558660889975],
            [-122.0646509613, 36.9901363374845, -0.000038558660889975],
            [-122.064651546201, 36.990132059778, -0.000038558660889975],
            [-122.064649015819, 36.9901092961905, -0.000038558660889975],
            [-122.064655495449, 36.9901079845568, -0.000038558660889975],
            [-122.064662012526, 36.9901067985877, -0.000038558660889975],
            [-122.064668562537, 36.9901057374427, -0.000038558660889975],
            [-122.064675143274, 36.9901048029536, -0.000038558660889975],
            [-122.064681750263, 36.9901039960817, -0.000038558660889975],
            [-122.064695048227, 36.9901025848803, -0.000038558660889975],
            [-122.064708372147, 36.9901013409515, -0.000038558660889975],
            [-122.064721718633, 36.9901002634395, -0.000038558660889975],
            [-122.064735085441, 36.9900993523744, -0.000038558660889975],
            [-122.064748466953, 36.9900986078317, -0.000038558660889975],
            [-122.064761862067, 36.9900980307272, -0.000038558660889975],
            [-122.06477526627, 36.9900976202203, -0.000038558660889975],
            [-122.064788676232, 36.990097378158, -0.000038558660889975],
            [-122.064808493963, 36.9900972276752, -0.000038558660889975],
            [-122.064828311892, 36.9900972484134, -0.000038558660889975],
            [-122.064848128861, 36.9900974385858, -0.000038558660889975],
            [-122.064867942621, 36.9900977982224, -0.000038558660889975],
            [-122.064887749823, 36.9900983282695, -0.000038558660889975],
            [-122.064907548221, 36.9900990287573, -0.000038558660889975],
            [-122.064924316611, 36.9900997789015, -0.000038558660889975],
            [-122.064941070544, 36.9901006977608, -0.000038558660889975],
            [-122.064957808934, 36.990101787152, -0.000038558660889975],
            [-122.064974529516, 36.9901030462043, -0.000038558660889975],
            [-122.06499122778, 36.9901044740772, -0.000038558660889975],
            [-122.065007903724, 36.9901060707705, -0.000038558660889975],
            [-122.065024551716, 36.9901078354588, -0.000038558660889975],
            [-122.065063584043, 36.9901121755448, -0.000038558660889975],
            [-122.065046714741, 36.9901743175649, -0.000038558660889975],
            [-122.065072446084, 36.9901824012229, -0.000038558660889975],
            [-122.065063702866, 36.9902087757409, -0.000038558660889975],
            [-122.065038890492, 36.9902055416987, -0.000038558660889975],
            [-122.065022426598, 36.9902676782761, -0.000038558660889975],
            [-122.065002805487, 36.9902650297489, -0.000038558660889975]
          ]
        ]
      },
      "properties": {
        "OBJECTID": 7,
        "CODE": "PKG",
        "NAME": "Oakes College",
        "NUMBER": 160,
        "Location": "Oakes College",
        "Permit_Type": "A, B, MC, N, Medical",
        "Handicapped": "No",
        "Meters": "Yes",
        "Comments": null,
        "Paystations": "No",
        "Paystation_Limit": null,
        "Meter_Limit": "2 hr.",
        "Permit_Days": "M - F",
        "Permit_Period": "7:00am - 8:30pm",
        "NUM": "160",
        "GlobalID": "e00f1530-6942-46a7-9cad-e965a3d10ef8"
      }
    },
    {
      "type": "Feature",
      "id": 8,
      "geometry": {
        "type": "Polygon",
        "coordinates": [
          [
            [-122.065748532217, 36.9906375549521, -0.000038558660889975],
            [-122.06571114719, 36.9905978589245, -0.000038558660889975],
            [-122.065704679386, 36.9905911209834, -0.000038558660889975],
            [-122.065698044152, 36.9905844889266, -0.000038558660889975],
            [-122.065691243789, 36.9905779654267, -0.000038558660889975],
            [-122.0656842806, 36.9905715531564, -0.000038558660889975],
            [-122.065677156907, 36.9905652556893, -0.000038558660889975],
            [-122.065669877222, 36.990559073866, -0.000038558660889975],
            [-122.065662442741, 36.9905530112752, -0.000038558660889975],
            [-122.065654858015, 36.9905470705594, -0.000038558660889975],
            [-122.065621735838, 36.9905215597784, -0.000038558660889975],
            [-122.065588719681, 36.9904959601494, -0.000038558660889975],
            [-122.065555810687, 36.9904702725587, -0.000038558660889975],
            [-122.065541901399, 36.9904616049856, -0.000038558660889975],
            [-122.065527863469, 36.990453071613, -0.000038558660889975],
            [-122.065513698077, 36.9904446751285, -0.000038558660889975],
            [-122.065499408594, 36.990436415487, -0.000038558660889975],
            [-122.065484996179, 36.9904282944751, -0.000038558660889975],
            [-122.065470463097, 36.9904203129637, -0.000038558660889975],
            [-122.06545581049, 36.9904124718384, -0.000038558660889975],
            [-122.065441042889, 36.990404772841, -0.000038558660889975],
            [-122.065426160312, 36.9903972168723, -0.000038558660889975],
            [-122.065411165042, 36.990389805704, -0.000038558660889975],
            [-122.065396060431, 36.9903825383898, -0.000038558660889975],
            [-122.065380847677, 36.9903754185186, -0.000038558660889975],
            [-122.065365529007, 36.990368445159, -0.000038558660889975],
            [-122.065350107828, 36.9903616200678, -0.000038558660889975],
            [-122.065334584177, 36.9903549450468, -0.000038558660889975],
            [-122.065318962528, 36.9903484191348, -0.000038558660889975],
            [-122.065303244061, 36.9903420450194, -0.000038558660889975],
            [-122.065287431022, 36.9903358226705, -0.000038558660889975],
            [-122.065271525694, 36.9903297538597, -0.000038558660889975],
            [-122.065255530324, 36.9903238385569, -0.000038558660889975],
            [-122.0652394483, 36.9903180776179, -0.000038558660889975],
            [-122.065223280782, 36.9903124728293, -0.000038558660889975],
            [-122.065207030017, 36.990307024161, -0.000038558660889975],
            [-122.065234094034, 36.9902473398665, -0.000038558660889975],
            [-122.065216551594, 36.9902427123971, -0.000038558660889975],
            [-122.065228522584, 36.9902156456972, -0.000038558660889975],
            [-122.065244052421, 36.99022094903, -0.000038558660889975],
            [-122.065272703082, 36.9901561120325, -0.000038558660889975],
            [-122.065290892759, 36.9901616626441, -0.000038558660889975],
            [-122.065307428216, 36.9901669191304, -0.000038558660889975],
            [-122.065323884938, 36.9901723325778, -0.000038558660889975],
            [-122.065340260658, 36.9901779021152, -0.000038558660889975],
            [-122.06535655199, 36.9901836268871, -0.000038558660889975],
            [-122.065372758914, 36.9901895059926, -0.000038558660889975],
            [-122.065388876939, 36.990195539492, -0.000038558660889975],
            [-122.065404904883, 36.9902017246976, -0.000038558660889975],
            [-122.065420840522, 36.9902080625405, -0.000038558660889975],
            [-122.065436681588, 36.9902145521499, -0.000038558660889975],
            [-122.065452424657, 36.9902211908682, -0.000038558660889975],
            [-122.065468069747, 36.9902279795965, -0.000038558660889975],
            [-122.06548361231, 36.9902349156923, -0.000038558660889975],
            [-122.065499051241, 36.9902420000715, -0.000038558660889975],
            [-122.065514385361, 36.9902492300466, -0.000038558660889975],
            [-122.0655296113, 36.9902566056626, -0.000038558660889975],
            [-122.065544726776, 36.9902641251481, -0.000038558660889975],
            [-122.065559730664, 36.9902717885179, -0.000038558660889975],
            [-122.065574619539, 36.9902795931147, -0.000038558660889975],
            [-122.065544688562, 36.9903177756037, -0.000038558660889975],
            [-122.065546414911, 36.9903237363705, -0.000038558660889975],
            [-122.065550745862, 36.990327133429, -0.000038558660889975],
            [-122.065555388543, 36.9903282399721, -0.000038558660889975],
            [-122.065560183241, 36.9903276934855, -0.000038558660889975],
            [-122.065565091736, 36.9903248465229, -0.000038558660889975],
            [-122.065662409563, 36.9902159097955, -0.000038558660889975],
            [-122.065665041455, 36.9902108845547, -0.000038558660889975],
            [-122.065667732139, 36.9902074392209, -0.000038558660889975],
            [-122.065663121169, 36.9902048903447, -0.000038558660889975],
            [-122.065659236056, 36.9902006771323, -0.000038558660889975],
            [-122.065654623217, 36.9901986311477, -0.000038558660889975],
            [-122.065648530406, 36.9901981280457, -0.000038558660889975],
            [-122.065642680553, 36.9901995781772, -0.000038558660889975],
            [-122.065634014515, 36.9902073979012, -0.000038558660889975],
            [-122.065629572078, 36.9902121752799, -0.000038558660889975],
            [-122.065616098621, 36.990226664382, -0.000038558660889975],
            [-122.065607070619, 36.9902219235994, -0.000038558660889975],
            [-122.065591173745, 36.9902136747279, -0.000038558660889975],
            [-122.065575166332, 36.990205566122, -0.000038558660889975],
            [-122.065559047314, 36.9901976004993, -0.000038558660889975],
            [-122.065542820041, 36.9901897769136, -0.000038558660889975],
            [-122.065526486797, 36.9901820971368, -0.000038558660889975],
            [-122.065510049846, 36.9901745620394, -0.000038558660889975],
            [-122.065493510331, 36.9901671725074, -0.000038558660889975],
            [-122.065476869394, 36.9901599294266, -0.000038558660889975],
            [-122.065460131545, 36.9901528336375, -0.000038558660889975],
            [-122.06544329568, 36.9901458860563, -0.000038558660889975],
            [-122.065426367434, 36.9901390875083, -0.000038558660889975],
            [-122.065413574392, 36.9901341115568, -0.000038558660889975],
            [-122.065400694582, 36.9901292845643, -0.000038558660889975],
            [-122.065387730251, 36.9901246065005, -0.000038558660889975],
            [-122.065374682541, 36.9901200782514, -0.000038558660889975],
            [-122.065361554858, 36.9901157015735, -0.000038558660889975],
            [-122.06534834945, 36.9901114764368, -0.000038558660889975],
            [-122.065335070845, 36.9901074045827, -0.000038558660889975],
            [-122.065321720168, 36.9901034859962, -0.000038558660889975],
            [-122.065308299701, 36.9900997224489, -0.000038558660889975],
            [-122.065294813937, 36.9900961138806, -0.000038558660889975],
            [-122.065319829153, 36.990035483766, -0.000038558660889975],
            [-122.065295123751, 36.9900285958002, -0.000038558660889975],
            [-122.065297508612, 36.9900230908423, -0.000038558660889975],
            [-122.065304975162, 36.9900058589368, -0.000038558660889975],
            [-122.065327404755, 36.9900125990019, -0.000038558660889975],
            [-122.06535654373, 36.9899450572524, -0.000038558660889975],
            [-122.06537578165, 36.9899506136101, -0.000038558660889975],
            [-122.065401162103, 36.9899588965617, -0.000038558660889975],
            [-122.065426458415, 36.9899673464568, -0.000038558660889975],
            [-122.065451667178, 36.9899759615389, -0.000038558660889975],
            [-122.065476787271, 36.989984741823, -0.000038558660889975],
            [-122.065501816428, 36.9899936864385, -0.000038558660889975],
            [-122.065526754631, 36.9900027944845, -0.000038558660889975],
            [-122.06555159851, 36.9900120660061, -0.000038558660889975],
            [-122.065576346924, 36.9900215001177, -0.000038558660889975],
            [-122.065600998749, 36.9900310968343, -0.000038558660889975],
            [-122.065619185961, 36.9900395997427, -0.000038558660889975],
            [-122.065637277066, 36.9900482346114, -0.000038558660889975],
            [-122.065655268659, 36.9900569996838, -0.000038558660889975],
            [-122.06567316188, 36.9900658958459, -0.000038558660889975],
            [-122.065690954428, 36.990074920425, -0.000038558660889975],
            [-122.065708644074, 36.9900840743524, -0.000038558660889975],
            [-122.065726229659, 36.990093355841, -0.000038558660889975],
            [-122.06574371004, 36.9901027640053, -0.000038558660889975],
            [-122.06571864784, 36.9901382893542, -0.000038558660889975],
            [-122.065720593678, 36.9901435694738, -0.000038558660889975],
            [-122.065725357144, 36.9901467507422, -0.000038558660889975],
            [-122.065731479571, 36.9901473273406, -0.000038558660889975],
            [-122.065737788231, 36.9901451446833, -0.000038558660889975],
            [-122.06578513235, 36.9900848248704, -0.000038558660889975],
            [-122.065799262951, 36.9900685578817, -0.000038558660889975],
            [-122.065809905382, 36.9900560127854, -0.000038558660889975],
            [-122.065817552227, 36.9900466755978, -0.000038558660889975],
            [-122.065822697134, 36.9900400296172, -0.000038558660889975],
            [-122.065825832704, 36.9900355617599, -0.000038558660889975],
            [-122.065828153311, 36.9900299404978, -0.000038558660889975],
            [-122.065825662788, 36.9900253156504, -0.000038558660889975],
            [-122.065821008405, 36.9900242399161, -0.000038558660889975],
            [-122.065813270331, 36.9900270491701, -0.000038558660889975],
            [-122.065807739175, 36.9900320358276, -0.000038558660889975],
            [-122.065802395534, 36.9900376102506, -0.000038558660889975],
            [-122.065795508498, 36.9900452952611, -0.000038558660889975],
            [-122.065786836881, 36.9900554311431, -0.000038558660889975],
            [-122.065769276998, 36.9900461430102, -0.000038558660889975],
            [-122.065753591761, 36.9900379138504, -0.000038558660889975],
            [-122.065737795911, 36.9900298213526, -0.000038558660889975],
            [-122.065721890626, 36.9900218682043, -0.000038558660889975],
            [-122.065705879296, 36.9900140552613, -0.000038558660889975],
            [-122.065689760797, 36.9900063825385, -0.000038558660889975],
            [-122.065673540763, 36.9899988508615, -0.000038558660889975],
            [-122.065657218109, 36.9899914620473, -0.000038558660889975],
            [-122.065640796204, 36.9899842160505, -0.000038558660889975],
            [-122.065624276209, 36.989977114658, -0.000038558660889975],
            [-122.065607661493, 36.9899701578244, -0.000038558660889975],
            [-122.065591368496, 36.9899631669312, -0.000038558660889975],
            [-122.065574984073, 36.9899563169482, -0.000038558660889975],
            [-122.065558509364, 36.9899496087609, -0.000038558660889975],
            [-122.065541944352, 36.9899430414686, -0.000038558660889975],
            [-122.065525293584, 36.9899366177135, -0.000038558660889975],
            [-122.065508558203, 36.9899303383817, -0.000038558660889975],
            [-122.065491739313, 36.989924202557, -0.000038558660889975],
            [-122.065474839179, 36.9899182111102, -0.000038558660889975],
            [-122.065457860103, 36.989912366714, -0.000038558660889975],
            [-122.065440804295, 36.9899066675363, -0.000038558660889975],
            [-122.065423672933, 36.9899011162647, -0.000038558660889975],
            [-122.065406468244, 36.9898957119683, -0.000038558660889975],
            [-122.065389192514, 36.9898904564187, -0.000038558660889975],
            [-122.065371846864, 36.9898853496007, -0.000038558660889975],
            [-122.065399784578, 36.989819629053, -0.000038558660889975],
            [-122.065374613657, 36.9898126103702, -0.000038558660889975],
            [-122.065384465035, 36.9897898744014, -0.000038558660889975],
            [-122.065409188378, 36.9897973028234, -0.000038558660889975],
            [-122.065436510287, 36.9897331937559, -0.000038558660889975],
            [-122.065453587207, 36.9897374291097, -0.000038558660889975],
            [-122.065470601133, 36.9897418221143, -0.000038558660889975],
            [-122.065487550944, 36.9897463727848, -0.000038558660889975],
            [-122.065504434373, 36.9897510802505, -0.000038558660889975],
            [-122.065521249157, 36.9897559436405, -0.000038558660889975],
            [-122.065537991926, 36.9897609630002, -0.000038558660889975],
            [-122.065554661518, 36.9897661365427, -0.000038558660889975],
            [-122.065571255708, 36.9897714651992, -0.000038558660889975],
            [-122.065587772211, 36.9897769471979, -0.000038558660889975],
            [-122.065604208762, 36.9897825816682, -0.000038558660889975],
            [-122.065620561974, 36.9897883677542, -0.000038558660889975],
            [-122.065636831845, 36.9897943054561, -0.000038558660889975],
            [-122.065653014989, 36.9898003939181, -0.000038558660889975],
            [-122.065669108016, 36.9898066322845, -0.000038558660889975],
            [-122.065685112014, 36.9898130187386, -0.000038558660889975],
            [-122.065701021365, 36.9898195533556, -0.000038558660889975],
            [-122.065714509829, 36.9898247470422, -0.000038558660889975],
            [-122.065727900503, 36.989830099749, -0.000038558660889975],
            [-122.065741192225, 36.9898356096892, -0.000038558660889975],
            [-122.065754380485, 36.9898412760221, -0.000038558660889975],
            [-122.065767464141, 36.9898470978619, -0.000038558660889975],
            [-122.065780438681, 36.9898530743681, -0.000038558660889975],
            [-122.065793302927, 36.9898592028529, -0.000038558660889975],
            [-122.065806052366, 36.9898654824757, -0.000038558660889975],
            [-122.065818685857, 36.9898719123506, -0.000038558660889975],
            [-122.065831200012, 36.9898784916221, -0.000038558660889975],
            [-122.065843591386, 36.9898852167315, -0.000038558660889975],
            [-122.065855857752, 36.9898920886101, -0.000038558660889975],
            [-122.065867996808, 36.9898991045851, -0.000038558660889975],
            [-122.065905769907, 36.9899177794788, -0.000038558660889975],
            [-122.065879767805, 36.989951702539, -0.000038558660889975],
            [-122.065882652338, 36.9899690758089, -0.000038558660889975],
            [-122.065888515088, 36.9899699145275, -0.000038558660889975],
            [-122.065893398963, 36.9899663198893, -0.000038558660889975],
            [-122.06589749902, 36.9899622031662, -0.000038558660889975],
            [-122.065902204505, 36.989957058163, -0.000038558660889975],
            [-122.065906509184, 36.9899521411352, -0.000038558660889975],
            [-122.065909779085, 36.9899482969017, -0.000038558660889975],
            [-122.06591336333, 36.989944011369, -0.000038558660889975],
            [-122.065917230364, 36.989939333625, -0.000038558660889975],
            [-122.065921337681, 36.9899343264228, -0.000038558660889975],
            [-122.06592564506, 36.9899290542871, -0.000038558660889975],
            [-122.065930113403, 36.9899235817275, -0.000038558660889975],
            [-122.065934700224, 36.9899179723981, -0.000038558660889975],
            [-122.0659393653, 36.9899122908236, -0.000038558660889975],
            [-122.065944068375, 36.9899065997269, -0.000038558660889975],
            [-122.065948088177, 36.9899022443613, -0.000038558660889975],
            [-122.065952510783, 36.989896949049, -0.000038558660889975],
            [-122.065956267517, 36.9898915617415, -0.000038558660889975],
            [-122.065958685051, 36.989886117612, -0.000038558660889975],
            [-122.065959911947, 36.989880737229, -0.000038558660889975],
            [-122.06596019537, 36.9898761211079, -0.000038558660889975],
            [-122.065959948769, 36.9898714625362, -0.000038558660889975],
            [-122.065959289648, 36.9898666319666, -0.000038558660889975],
            [-122.065958039394, 36.9898611992234, -0.000038558660889975],
            [-122.06595587119, 36.9898548460659, -0.000038558660889975],
            [-122.065953803911, 36.9898506382002, -0.000038558660889975],
            [-122.065951334611, 36.989846869206, -0.000038558660889975],
            [-122.065948379354, 36.9898435546291, -0.000038558660889975],
            [-122.066095922814, 36.9899447436378, -0.000038558660889975],
            [-122.066090920237, 36.9899429173873, -0.000038558660889975],
            [-122.066086363812, 36.9899412059071, -0.000038558660889975],
            [-122.066081580413, 36.9899398155958, -0.000038558660889975],
            [-122.066074398152, 36.9899382484117, -0.000038558660889975],
            [-122.066067507171, 36.9899370729414, -0.000038558660889975],
            [-122.066061601489, 36.9899363303348, -0.000038558660889975],
            [-122.066054478072, 36.9899359681586, -0.000038558660889975],
            [-122.066047263916, 36.9899361569291, -0.000038558660889975],
            [-122.066040268351, 36.9899369150235, -0.000038558660889975],
            [-122.06603451684, 36.9899379619217, -0.000038558660889975],
            [-122.066029550185, 36.9899394191413, -0.000038558660889975],
            [-122.066024305596, 36.9899417704725, -0.000038558660889975],
            [-122.066019739758, 36.9899444542446, -0.000038558660889975],
            [-122.066015861498, 36.9899471396004, -0.000038558660889975],
            [-122.066010906229, 36.9899508658756, -0.000038558660889975],
            [-122.066006316977, 36.9899544736864, -0.000038558660889975],
            [-122.06600177559, 36.9899589757412, -0.000038558660889975],
            [-122.06595899791, 36.9900013879789, -0.000038558660889975],
            [-122.065955364059, 36.990015412493, -0.000038558660889975],
            [-122.065961487131, 36.9900177436974, -0.000038558660889975],
            [-122.065970628766, 36.990015114756, -0.000038558660889975],
            [-122.065976253495, 36.9900106828719, -0.000038558660889975],
            [-122.06598053277, 36.9900068638378, -0.000038558660889975],
            [-122.065986415903, 36.9900014633044, -0.000038558660889975],
            [-122.065994214442, 36.9899941751886, -0.000038558660889975],
            [-122.066003511701, 36.9899853817834, -0.000038558660889975],
            [-122.06602097628, 36.9899970476121, -0.000038558660889975],
            [-122.066038305407, 36.9900088441275, -0.000038558660889975],
            [-122.066055496781, 36.9900207686571, -0.000038558660889975],
            [-122.066072549278, 36.9900328212159, -0.000038558660889975],
            [-122.066089460633, 36.9900450009333, -0.000038558660889975],
            [-122.06610623079, 36.9900573051065, -0.000038558660889975],
            [-122.066122857521, 36.9900697346666, -0.000038558660889975],
            [-122.066139339647, 36.990082286926, -0.000038558660889975],
            [-122.06615567494, 36.9900949628159, -0.000038558660889975],
            [-122.066171863326, 36.9901077587324, -0.000038558660889975],
            [-122.066187902576, 36.9901206756068, -0.000038558660889975],
            [-122.06620379153, 36.9901337116524, -0.000038558660889975],
            [-122.066219527904, 36.9901468650974, -0.000038558660889975],
            [-122.066235111698, 36.9901601359419, -0.000038558660889975],
            [-122.06625054061, 36.9901735215134, -0.000038558660889975],
            [-122.06610622269, 36.9902778528944, -0.000038558660889975],
            [-122.066090459958, 36.9902671519396, -0.000038558660889975],
            [-122.066077406489, 36.990257827685, -0.000038558660889975],
            [-122.066066674449, 36.9902497069014, -0.000038558660889975],
            [-122.066057877111, 36.9902426154434, -0.000038558660889975],
            [-122.066050628924, 36.990236381853, -0.000038558660889975],
            [-122.066044543181, 36.9902308328853, -0.000038558660889975],
            [-122.066039230926, 36.9902257953256, -0.000038558660889975],
            [-122.066034307715, 36.9902210967993, -0.000038558660889975],
            [-122.066029450299, 36.9902165902453, -0.000038558660889975],
            [-122.066024601638, 36.9902122340732, -0.000038558660889975],
            [-122.066019765887, 36.9902080120056, -0.000038558660889975],
            [-122.066014951729, 36.990203909507, -0.000038558660889975],
            [-122.066010162158, 36.9901999085131, -0.000038558660889975],
            [-122.066005407, 36.9901959953741, -0.000038558660889975],
            [-122.066000689286, 36.990192153828, -0.000038558660889975],
            [-122.065996017682, 36.9901883684379, -0.000038558660889975],
            [-122.065991396399, 36.9901846256296, -0.000038558660889975],
            [-122.065986818678, 36.9901809245924, -0.000038558660889975],
            [-122.065982281245, 36.9901772698764, -0.000038558660889975],
            [-122.065977776274, 36.9901736633889, -0.000038558660889975],
            [-122.065973297046, 36.9901701061214, -0.000038558660889975],
            [-122.065968839163, 36.990166602639, -0.000038558660889975],
            [-122.065964394819, 36.99016315575, -0.000038558660889975],
            [-122.065959957293, 36.9901597664456, -0.000038558660889975],
            [-122.065955517602, 36.9901564348468, -0.000038558660889975],
            [-122.065951053, 36.9901531477407, -0.000038558660889975],
            [-122.06594653391, 36.9901498875005, -0.000038558660889975],
            [-122.065941934162, 36.990146638256, -0.000038558660889975],
            [-122.065937227567, 36.9901433832362, -0.000038558660889975],
            [-122.065932384548, 36.9901401048139, -0.000038558660889975],
            [-122.065927378934, 36.9901367871192, -0.000038558660889975],
            [-122.065922183395, 36.9901334124949, -0.000038558660889975],
            [-122.065916791023, 36.9901299729229, -0.000038558660889975],
            [-122.065911268759, 36.9901264999477, -0.000038558660889975],
            [-122.065905708346, 36.9901230292867, -0.000038558660889975],
            [-122.065900197149, 36.9901196021233, -0.000038558660889975],
            [-122.065894824685, 36.9901162551062, -0.000038558660889975],
            [-122.065889678261, 36.990113026716, -0.000038558660889975],
            [-122.065884849714, 36.9901099571748, -0.000038558660889975],
            [-122.065880426315, 36.9901070831616, -0.000038558660889975],
            [-122.06588976338, 36.9900980963757, -0.000038558660889975],
            [-122.065896865754, 36.9900910942784, -0.000038558660889975],
            [-122.065902044427, 36.9900857978311, -0.000038558660889975],
            [-122.065906735817, 36.9900805692059, -0.000038558660889975],
            [-122.065910021642, 36.9900730181435, -0.000038558660889975],
            [-122.065907185729, 36.9900685853827, -0.000038558660889975],
            [-122.065902611443, 36.9900673103135, -0.000038558660889975],
            [-122.065897547037, 36.9900686597948, -0.000038558660889975],
            [-122.065889966454, 36.9900740641841, -0.000038558660889975],
            [-122.065880871377, 36.9900824799689, -0.000038558660889975],
            [-122.065867109375, 36.9900961664045, -0.000038558660889975],
            [-122.065847558055, 36.9901164128448, -0.000038558660889975],
            [-122.065821092873, 36.9901445131773, -0.000038558660889975],
            [-122.065793453678, 36.9901746064839, -0.000038558660889975],
            [-122.065789114614, 36.990179330212, -0.000038558660889975],
            [-122.065785488855, 36.9901845886874, -0.000038558660889975],
            [-122.065786072116, 36.9901886912093, -0.000038558660889975],
            [-122.065788873798, 36.9901918600558, -0.000038558660889975],
            [-122.065794071339, 36.9901936611725, -0.000038558660889975],
            [-122.065799062574, 36.990193112038, -0.000038558660889975],
            [-122.065803747366, 36.9901910133561, -0.000038558660889975],
            [-122.065808836537, 36.9901865958785, -0.000038558660889975],
            [-122.065813565198, 36.9901819146835, -0.000038558660889975],
            [-122.065818365208, 36.9901771532255, -0.000038558660889975],
            [-122.065822019796, 36.9901735462526, -0.000038558660889975],
            [-122.065825984942, 36.990169639519, -0.000038558660889975],
            [-122.065830791525, 36.9901649239332, -0.000038558660889975],
            [-122.065835990538, 36.9901686806217, -0.000038558660889975],
            [-122.065840030764, 36.990171550768, -0.000038558660889975],
            [-122.065843956216, 36.9901743043983, -0.000038558660889975],
            [-122.065849507582, 36.9901781491796, -0.000038558660889975],
            [-122.065856147487, 36.9901826903921, -0.000038558660889975],
            [-122.065861800702, 36.9901865166831, -0.000038558660889975],
            [-122.065866740202, 36.9901898424776, -0.000038558660889975],
            [-122.065871298248, 36.9901929237614, -0.000038558660889975],
            [-122.065875812625, 36.9901960119394, -0.000038558660889975],
            [-122.065880558572, 36.9901993223077, -0.000038558660889975],
            [-122.065885722148, 36.9902029956586, -0.000038558660889975],
            [-122.065891470112, 36.9902071631304, -0.000038558660889975],
            [-122.065897963436, 36.9902119478284, -0.000038558660889975],
            [-122.065903305262, 36.9902159260934, -0.000038558660889975],
            [-122.06590702927, 36.9902187166711, -0.000038558660889975],
            [-122.065910806013, 36.9902215579089, -0.000038558660889975],
            [-122.0659145795, 36.9902244045975, -0.000038558660889975],
            [-122.065918293814, 36.9902272151312, -0.000038558660889975],
            [-122.065923610918, 36.9902312468976, -0.000038558660889975],
            [-122.065930077846, 36.9902361662263, -0.000038558660889975],
            [-122.06593598168, 36.9902406965877, -0.000038558660889975],
            [-122.065941752327, 36.9902451971949, -0.000038558660889975],
            [-122.065947827708, 36.9902500343628, -0.000038558660889975],
            [-122.065952796326, 36.9902540554856, -0.000038558660889975],
            [-122.065956336022, 36.990256950371, -0.000038558660889975],
            [-122.065959986861, 36.9902599492042, -0.000038558660889975],
            [-122.06596369622, 36.9902630067305, -0.000038558660889975],
            [-122.065967413686, 36.9902660758634, -0.000038558660889975],
            [-122.065971088863, 36.9902691104174, -0.000038558660889975],
            [-122.06597466795, 36.9902720624499, -0.000038558660889975],
            [-122.065978101693, 36.9902748866614, -0.000038558660889975],
            [-122.06598290575, 36.9902788279833, -0.000038558660889975],
            [-122.065988926192, 36.9902838317066, -0.000038558660889975],
            [-122.06599481389, 36.9902889345406, -0.000038558660889975],
            [-122.065999351335, 36.9902930740991, -0.000038558660889975],
            [-122.066002534565, 36.9902961143549, -0.000038558660889975],
            [-122.066005882825, 36.9902994182478, -0.000038558660889975],
            [-122.066009383195, 36.9903029589152, -0.000038558660889975],
            [-122.066013007726, 36.9903066889692, -0.000038558660889975],
            [-122.066016731891, 36.9903105636792, -0.000038558660889975],
            [-122.066020529986, 36.9903145356267, -0.000038558660889975],
            [-122.066024376361, 36.9903185600966, -0.000038558660889975],
            [-122.066028243084, 36.9903225906016, -0.000038558660889975],
            [-122.066032105612, 36.9903265815101, -0.000038558660889975],
            [-122.066035944174, 36.9903305006447, -0.000038558660889975],
            [-122.066039767064, 36.9903343686215, -0.000038558660889975],
            [-122.066043586284, 36.9903382222282, -0.000038558660889975],
            [-122.066047417168, 36.9903420964057, -0.000038558660889975],
            [-122.066051272785, 36.990346025224, -0.000038558660889975],
            [-122.066055166279, 36.9903500463568, -0.000038558660889975],
            [-122.066059112964, 36.9903541938439, -0.000038558660889975],
            [-122.06606312707, 36.990358503542, -0.000038558660889975],
            [-122.066067223969, 36.9903630121938, -0.000038558660889975],
            [-122.066071441682, 36.9903677652499, -0.000038558660889975],
            [-122.066075817146, 36.9903728099776, -0.000038558660889975],
            [-122.066080389543, 36.9903781936144, -0.000038558660889975],
            [-122.06608519918, 36.9903839633823, -0.000038558660889975],
            [-122.066090284097, 36.9903901656328, -0.000038558660889975],
            [-122.066095683515, 36.9903968494051, -0.000038558660889975],
            [-122.06610143656, 36.9904040592335, -0.000038558660889975],
            [-122.066036731524, 36.9904420147734, -0.000038558660889975],
            [-122.066020149051, 36.99045174229, -0.000038558660889975],
            [-122.065959422793, 36.9904873634482, -0.000038558660889975],
            [-122.065942859985, 36.9904717004186, -0.000038558660889975],
            [-122.06592898557, 36.9904586751447, -0.000038558660889975],
            [-122.065917456417, 36.9904479416683, -0.000038558660889975],
            [-122.065907928291, 36.9904391549474, -0.000038558660889975],
            [-122.065900057017, 36.9904319726423, -0.000038558660889975],
            [-122.06589350057, 36.9904260478783, -0.000038558660889975],
            [-122.065887915898, 36.9904210383006, -0.000038558660889975],
            [-122.065882957607, 36.9904165970793, -0.000038558660889975],
            [-122.065878333173, 36.9904124343517, -0.000038558660889975],
            [-122.065873950958, 36.9904084657342, -0.000038558660889975],
            [-122.06586976877, 36.9904046611528, -0.000038558660889975],
            [-122.065865745516, 36.9904009896169, -0.000038558660889975],
            [-122.065861837878, 36.9903974210677, -0.000038558660889975],
            [-122.065858004786, 36.9903939254158, -0.000038558660889975],
            [-122.06585420511, 36.9903904698689, -0.000038558660889975],
            [-122.065850395571, 36.9903870261699, -0.000038558660889975],
            [-122.065846544214, 36.9903835704153, -0.000038558660889975],
            [-122.065842277067, 36.9903802707413, -0.000038558660889975],
            [-122.065838377604, 36.9903768246441, -0.000038558660889975],
            [-122.065834577785, 36.9903743315749, -0.000038558660889975],
            [-122.065830700098, 36.9903709599844, -0.000038558660889975],
            [-122.065826860772, 36.9903676500613, -0.000038558660889975],
            [-122.06582307701, 36.9903644186975, -0.000038558660889975],
            [-122.065819365979, 36.9903612809827, -0.000038558660889975],
            [-122.065815732303, 36.9903582431634, -0.000038558660889975],
            [-122.065812130192, 36.9903552643992, -0.000038558660889975],
            [-122.065808497889, 36.9903522923484, -0.000038558660889975],
            [-122.065804774777, 36.9903492755556, -0.000038558660889975],
            [-122.06580090024, 36.9903461625648, -0.000038558660889975],
            [-122.065796813644, 36.9903429010195, -0.000038558660889975],
            [-122.065792535239, 36.9903394383785, -0.000038558660889975],
            [-122.065786848756, 36.9903352024869, -0.000038558660889975],
            [-122.065726616505, 36.9902903419756, -0.000038558660889975],
            [-122.065715481263, 36.9902820634556, -0.000038558660889975],
            [-122.065740636765, 36.990255640728, -0.000038558660889975],
            [-122.065739481448, 36.990249803874, -0.000038558660889975],
            [-122.065736200907, 36.9902469451563, -0.000038558660889975],
            [-122.065731117916, 36.9902455191989, -0.000038558660889975],
            [-122.065723845602, 36.9902470145613, -0.000038558660889975],
            [-122.06561818459, 36.9903581342614, -0.000038558660889975],
            [-122.065617804578, 36.9903635068793, -0.000038558660889975],
            [-122.065621007627, 36.990366420712, -0.000038558660889975],
            [-122.065626066893, 36.9903671936263, -0.000038558660889975],
            [-122.065630798465, 36.9903656134122, -0.000038558660889975],
            [-122.065656727174, 36.9903392551251, -0.000038558660889975],
            [-122.065666171266, 36.9903452537951, -0.000038558660889975],
            [-122.065675488811, 36.9903513794288, -0.000038558660889975],
            [-122.065684677488, 36.9903576284528, -0.000038558660889975],
            [-122.065693735032, 36.9903639999963, -0.000038558660889975],
            [-122.06570265916, 36.9903704922875, -0.000038558660889975],
            [-122.065711445322, 36.990377102684, -0.000038558660889975],
            [-122.0657200935, 36.9903838302848, -0.000038558660889975],
            [-122.065728600286, 36.9903906733333, -0.000038558660889975],
            [-122.065736963378, 36.9903976291568, -0.000038558660889975],
            [-122.065745179369, 36.9904046959989, -0.000038558660889975],
            [-122.065753248222, 36.9904118720574, -0.000038558660889975],
            [-122.065767191717, 36.9904245485633, -0.000038558660889975],
            [-122.065781057725, 36.9904372801793, -0.000038558660889975],
            [-122.065790062232, 36.990445632353, -0.000038558660889975],
            [-122.065794842895, 36.9904500678516, -0.000038558660889975],
            [-122.065798096886, 36.9904529458493, -0.000038558660889975],
            [-122.065803467571, 36.9904573914519, -0.000038558660889975],
            [-122.065811669833, 36.9904635302428, -0.000038558660889975],
            [-122.065816308862, 36.9904678540911, -0.000038558660889975],
            [-122.065821787932, 36.9904725406595, -0.000038558660889975],
            [-122.065826515328, 36.9904767921269, -0.000038558660889975],
            [-122.065831799773, 36.9904816273009, -0.000038558660889975],
            [-122.065838815122, 36.9904883317507, -0.000038558660889975],
            [-122.065847289327, 36.9904963584974, -0.000038558660889975],
            [-122.06585850366, 36.990506595142, -0.000038558660889975],
            [-122.065871113296, 36.9905199005507, -0.000038558660889975],
            [-122.065886787401, 36.9905364767148, -0.000038558660889975],
            [-122.065919400193, 36.9905645455431, -0.000038558660889975],
            [-122.065875610467, 36.990590020753, -0.000038558660889975],
            [-122.065858579075, 36.9905992342824, -0.000038558660889975],
            [-122.065762241304, 36.9906541800375, -0.000038558660889975],
            [-122.065748532217, 36.9906375549521, -0.000038558660889975]
          ]
        ]
      },
      "properties": {
        "OBJECTID": 8,
        "CODE": "PKG",
        "NAME": "Oakes College",
        "NUMBER": 162,
        "Location": "Oakes/College Eight",
        "Permit_Type": "A, B, C162, MC, N, NC, Disability",
        "Handicapped": "Yes",
        "Meters": "No",
        "Comments": "Evening and Weekend Paystation: Flatrate.",
        "Paystations": "Yes",
        "Paystation_Limit": "2 hr.",
        "Meter_Limit": null,
        "Permit_Days": "M - F",
        "Permit_Period": "7:00am - 8:30pm",
        "NUM": "162",
        "GlobalID": "dcbde633-28b4-4fea-a0d5-4fd88629b60e"
      }
    },
    {
      "type": "Feature",
      "id": 9,
      "geometry": {
        "type": "Polygon",
        "coordinates": [
          [
            [-122.068508631282, 36.9908572139922, -0.000199999994947575],
            [-122.068524847781, 36.9908289615577, -0.000199999994947575],
            [-122.068534440002, 36.9908122496825, -0.000199999994947575],
            [-122.068544380294, 36.9907925177259, -0.000199999994947575],
            [-122.068546438176, 36.990786321372, -0.000199999994947575],
            [-122.068549778912, 36.9907804952828, -0.000199999994947575],
            [-122.068554307206, 36.9907752101644, -0.000199999994947575],
            [-122.068559890339, 36.9907706201031, -0.000199999994947575],
            [-122.068566364837, 36.9907668588715, -0.000199999994947575],
            [-122.068573541987, 36.990764035348, -0.000199999994947575],
            [-122.068579148535, 36.9907647593211, -0.000199999994947575],
            [-122.068586699832, 36.9907651633543, -0.000199999994947575],
            [-122.068593915743, 36.9907651086822, -0.000199999994947575],
            [-122.068598950379, 36.9907651302025, -0.000199999994947575],
            [-122.06860397974, 36.990765329329, -0.000199999994947575],
            [-122.068608992611, 36.9907657071136, -0.000199999994947575],
            [-122.068613979953, 36.9907662609746, -0.000199999994947575],
            [-122.068618932798, 36.9907669919334, -0.000199999994947575],
            [-122.06862383984, 36.9907678965376, -0.000199999994947575],
            [-122.068628692075, 36.9907689740068, -0.000199999994947575],
            [-122.068633480461, 36.9907702217592, -0.000199999994947575],
            [-122.068641479921, 36.9907718039335, -0.000199999994947575],
            [-122.068648394299, 36.9907719966356, -0.000199999994947575],
            [-122.068654505444, 36.9907713845563, -0.000199999994947575],
            [-122.06866044489, 36.9907700826674, -0.000199999994947575],
            [-122.068666090705, 36.9907681160395, -0.000199999994947575],
            [-122.068671939124, 36.9907651463599, -0.000199999994947575],
            [-122.068675486793, 36.9907627717669, -0.000199999994947575],
            [-122.068680177272, 36.990758689361, -0.000199999994947575],
            [-122.068690373729, 36.9907422397058, -0.000199999994947575],
            [-122.068693216347, 36.9907381677289, -0.000199999994947575],
            [-122.068695861712, 36.9907340109885, -0.000199999994947575],
            [-122.06869830773, 36.9907297767223, -0.000199999994947575],
            [-122.068700548897, 36.9907254704115, -0.000199999994947575],
            [-122.068702583099, 36.9907210983929, -0.000199999994947575],
            [-122.068704407099, 36.9907166670185, -0.000199999994947575],
            [-122.068706017659, 36.9907121826402, -0.000199999994947575],
            [-122.068707412664, 36.9907076515948, -0.000199999994947575],
            [-122.06870859116, 36.9907030820058, -0.000199999994947575],
            [-122.068709549893, 36.9906984793243, -0.000199999994947575],
            [-122.068710288992, 36.9906938498568, -0.000199999994947575],
            [-122.068710805259, 36.9906892017571, -0.000199999994947575],
            [-122.068714209114, 36.9906657537373, -0.000199999994947575],
            [-122.068716544372, 36.9906496612265, -0.000199999994947575],
            [-122.068715290816, 36.9906400488091, -0.000199999994947575],
            [-122.068714168476, 36.9906324145538, -0.000199999994947575],
            [-122.068713123033, 36.9906264708086, -0.000199999994947575],
            [-122.068712096798, 36.9906219299665, -0.000199999994947575],
            [-122.068710461089, 36.9906172008596, -0.000199999994947575],
            [-122.06870784286, 36.9906129256498, -0.000199999994947575],
            [-122.068704384248, 36.990609293479, -0.000199999994947575],
            [-122.068700171894, 36.9906056119651, -0.000199999994947575],
            [-122.068694955652, 36.9906015230923, -0.000199999994947575],
            [-122.068691155499, 36.9905986966769, -0.000199999994947575],
            [-122.068684409132, 36.9905938019834, -0.000199999994947575],
            [-122.068677669651, 36.9905893442768, -0.000199999994947575],
            [-122.068672109699, 36.9905862261067, -0.000199999994947575],
            [-122.068667889959, 36.9905842876032, -0.000199999994947575],
            [-122.068662075423, 36.9905818893064, -0.000199999994947575],
            [-122.068653729993, 36.9905782120005, -0.000199999994947575],
            [-122.068647060773, 36.9905744283428, -0.000199999994947575],
            [-122.068641629365, 36.9905703648909, -0.000199999994947575],
            [-122.06863754032, 36.9905660788169, -0.000199999994947575],
            [-122.06863500374, 36.9905615709004, -0.000199999994947575],
            [-122.068633905321, 36.9905568012235, -0.000199999994947575],
            [-122.068633717774, 36.9905516434997, -0.000199999994947575],
            [-122.068634476226, 36.9905452519352, -0.000199999994947575],
            [-122.068636090229, 36.9905387281061, -0.000199999994947575],
            [-122.068637887845, 36.9905331417549, -0.000199999994947575],
            [-122.068640147173, 36.9905268552745, -0.000199999994947575],
            [-122.068643125556, 36.9905192271579, -0.000199999994947575],
            [-122.068645296937, 36.9905140007648, -0.000199999994947575],
            [-122.068648786036, 36.9905061359756, -0.000199999994947575],
            [-122.068652623061, 36.9904982547923, -0.000199999994947575],
            [-122.068655439244, 36.9904929719649, -0.000199999994947575],
            [-122.068659017157, 36.9904867767977, -0.000199999994947575],
            [-122.068661226794, 36.9904832198052, -0.000199999994947575],
            [-122.068663525063, 36.9904796571148, -0.000199999994947575],
            [-122.068665877299, 36.9904760964022, -0.000199999994947575],
            [-122.068668248854, 36.9904725462442, -0.000199999994947575],
            [-122.068670606203, 36.9904690152022, -0.000199999994947575],
            [-122.068672913557, 36.9904655109671, -0.000199999994947575],
            [-122.06867618797, 36.9904603292196, -0.000199999994947575],
            [-122.068680107918, 36.9904535671063, -0.000199999994947575],
            [-122.068683480204, 36.9904469403272, -0.000199999994947575],
            [-122.068686399216, 36.9904403421732, -0.000199999994947575],
            [-122.068688953893, 36.9904336741191, -0.000199999994947575],
            [-122.068691509738, 36.9904259867972, -0.000199999994947575],
            [-122.06869500703, 36.990414590111, -0.000199999994947575],
            [-122.068718846348, 36.9903348570812, -0.000199999994947575],
            [-122.068746829099, 36.9902559947551, -0.000199999994947575],
            [-122.068753288204, 36.9902394042996, -0.000199999994947575],
            [-122.068755281855, 36.9902368018723, -0.000199999994947575],
            [-122.068757766853, 36.9902344875282, -0.000199999994947575],
            [-122.068760680406, 36.9902325206895, -0.000199999994947575],
            [-122.068763948298, 36.99023095192, -0.000199999994947575],
            [-122.068767484859, 36.9902298211233, -0.000199999994947575],
            [-122.068771201944, 36.9902291574215, -0.000199999994947575],
            [-122.068775003286, 36.9902289774297, -0.000199999994947575],
            [-122.068786465292, 36.9902291152743, -0.000199999994947575],
            [-122.068797824348, 36.9902303476524, -0.000199999994947575],
            [-122.068808920536, 36.9902326559873, -0.000199999994947575],
            [-122.068814999094, 36.9902116728116, -0.000199999994947575],
            [-122.068862136407, 36.9902196759365, -0.000199999994947575],
            [-122.068856386788, 36.9902398949831, -0.000199999994947575],
            [-122.068916693765, 36.9902465845616, -0.000199999994947575],
            [-122.06891988499, 36.9902477979084, -0.000199999994947575],
            [-122.068922223578, 36.9902489064683, -0.000199999994947575],
            [-122.068936350925, 36.9902586908963, -0.000199999994947575],
            [-122.068938009158, 36.9902655185815, -0.000199999994947575],
            [-122.068938313997, 36.9902724708103, -0.000199999994947575],
            [-122.06893725621, 36.9902793746772, -0.000199999994947575],
            [-122.068934862582, 36.9902860603972, -0.000199999994947575],
            [-122.068931193704, 36.9902923631378, -0.000199999994947575],
            [-122.068903229184, 36.9903621988906, -0.000199999994947575],
            [-122.068877633616, 36.990424439042, -0.000199999994947575],
            [-122.068826080218, 36.9905280443984, -0.000199999994947575],
            [-122.068815971544, 36.9905483689277, -0.000199999994947575],
            [-122.068811363569, 36.9905581719205, -0.000199999994947575],
            [-122.068798742968, 36.9905850062209, -0.000199999994947575],
            [-122.068797769987, 36.9905876904494, -0.000199999994947575],
            [-122.068797208807, 36.9905902429726, -0.000199999994947575],
            [-122.068797018504, 36.9905926409097, -0.000199999994947575],
            [-122.068796915424, 36.9905962020184, -0.000199999994947575],
            [-122.068796955612, 36.9905990925134, -0.000199999994947575],
            [-122.068797110321, 36.9906019796659, -0.000199999994947575],
            [-122.068797277068, 36.9906042601518, -0.000199999994947575],
            [-122.06879760348, 36.9906083210554, -0.000199999994947575],
            [-122.068798059734, 36.9906130579119, -0.000199999994947575],
            [-122.068798304755, 36.9906163421782, -0.000199999994947575],
            [-122.068798294143, 36.9906189521834, -0.000199999994947575],
            [-122.068798098044, 36.9906215565722, -0.000199999994947575],
            [-122.06879771743, 36.9906241481221, -0.000199999994947575],
            [-122.068797153257, 36.9906267187094, -0.000199999994947575],
            [-122.068796087314, 36.9906305991735, -0.000199999994947575],
            [-122.068794821107, 36.9906331755972, -0.000199999994947575],
            [-122.068792871469, 36.9906358954899, -0.000199999994947575],
            [-122.068790185979, 36.990638669437, -0.000199999994947575],
            [-122.068787004205, 36.990641080568, -0.000199999994947575],
            [-122.068784345931, 36.9906426303253, -0.000199999994947575],
            [-122.06877630764, 36.9906467154009, -0.000199999994947575],
            [-122.068772798572, 36.9906476574782, -0.000199999994947575],
            [-122.068769331933, 36.9906486945115, -0.000199999994947575],
            [-122.068762780039, 36.9906511167176, -0.000199999994947575],
            [-122.068760046584, 36.9906526170185, -0.000199999994947575],
            [-122.068757040795, 36.9906549554887, -0.000199999994947575],
            [-122.068754717557, 36.9906571622174, -0.000199999994947575],
            [-122.068752604553, 36.99065969866, -0.000199999994947575],
            [-122.068750984259, 36.9906629106819, -0.000199999994947575],
            [-122.068750418116, 36.9906659246837, -0.000199999994947575],
            [-122.06875031083, 36.9906684783123, -0.000199999994947575],
            [-122.068750470439, 36.9906704173411, -0.000199999994947575],
            [-122.068756427912, 36.99071653161, -0.000199999994947575],
            [-122.068756905086, 36.9907193666626, -0.000199999994947575],
            [-122.06875777281, 36.9907223433582, -0.000199999994947575],
            [-122.068759004008, 36.9907250799536, -0.000199999994947575],
            [-122.068760073332, 36.9907269517758, -0.000199999994947575],
            [-122.06876153227, 36.9907288129513, -0.000199999994947575],
            [-122.068763203436, 36.9907302927707, -0.000199999994947575],
            [-122.068765554218, 36.9907318229295, -0.000199999994947575],
            [-122.068768644944, 36.990733064668, -0.000199999994947575],
            [-122.068772017893, 36.9907336726756, -0.000199999994947575],
            [-122.068833160031, 36.9907356342138, -0.000199999994947575],
            [-122.068836210609, 36.9907361375101, -0.000199999994947575],
            [-122.068839144409, 36.9907371812918, -0.000199999994947575],
            [-122.068841144799, 36.9907386098203, -0.000199999994947575],
            [-122.068842635599, 36.990740920263, -0.000199999994947575],
            [-122.068843653485, 36.9907443085872, -0.000199999994947575],
            [-122.068844781348, 36.9908431572793, -0.000199999994947575],
            [-122.06884459716, 36.9908457939512, -0.000199999994947575],
            [-122.068844077579, 36.9908484017893, -0.000199999994947575],
            [-122.068842456185, 36.9908522599844, -0.000199999994947575],
            [-122.068839886216, 36.9908543799134, -0.000199999994947575],
            [-122.068837664458, 36.9908555831495, -0.000199999994947575],
            [-122.06883417893, 36.9908566844235, -0.000199999994947575],
            [-122.068830302635, 36.9908572574448, -0.000199999994947575],
            [-122.068827800016, 36.9908573857267, -0.000199999994947575],
            [-122.068796576264, 36.9908578876424, -0.000199999994947575],
            [-122.068776296882, 36.9908582135319, -0.000199999994947575],
            [-122.068772205734, 36.9908575908505, -0.000199999994947575],
            [-122.068768042903, 36.9908575161587, -0.000199999994947575],
            [-122.068763920815, 36.9908579933517, -0.000199999994947575],
            [-122.068759953768, 36.9908590082758, -0.000199999994947575],
            [-122.068756249035, 36.9908605333537, -0.000199999994947575],
            [-122.068752907995, 36.9908625275694, -0.000199999994947575],
            [-122.068750021614, 36.9908649356281, -0.000199999994947575],
            [-122.068747669403, 36.9908676915743, -0.000199999994947575],
            [-122.068745914979, 36.9908707215558, -0.000199999994947575],
            [-122.068744806008, 36.9908739411205, -0.000199999994947575],
            [-122.068738687767, 36.9908952330348, -0.000199999994947575],
            [-122.068728419954, 36.9909154722801, -0.000199999994947575],
            [-122.068714263614, 36.990934140762, -0.000199999994947575],
            [-122.068696581761, 36.9909507613711, -0.000199999994947575],
            [-122.068641994644, 36.9909771236076, -0.000199999994947575],
            [-122.068634014751, 36.9909829300724, -0.000199999994947575],
            [-122.068629864655, 36.9909857768804, -0.000199999994947575],
            [-122.068624661111, 36.9909884792431, -0.000199999994947575],
            [-122.068620054979, 36.9909902011825, -0.000199999994947575],
            [-122.068614157736, 36.9909915881152, -0.000199999994947575],
            [-122.068605655969, 36.9909925279298, -0.000199999994947575],
            [-122.068597204725, 36.9909920684089, -0.000199999994947575],
            [-122.068546003764, 36.9909903182335, -0.000199999994947575],
            [-122.068534547407, 36.9909274985323, -0.000199999994947575],
            [-122.068537976448, 36.9909267044333, -0.000199999994947575],
            [-122.068541219711, 36.9909255145038, -0.000199999994947575],
            [-122.068545201576, 36.9909234341748, -0.000199999994947575],
            [-122.068548662277, 36.9909208219384, -0.000199999994947575],
            [-122.06855149232, 36.9909177603744, -0.000199999994947575],
            [-122.068553601582, 36.9909143453202, -0.000199999994947575],
            [-122.068554924916, 36.9909106848941, -0.000199999994947575],
            [-122.068555420892, 36.9909068932038, -0.000199999994947575],
            [-122.068555071836, 36.9909030921484, -0.000199999994947575],
            [-122.068553891462, 36.9908994005014, -0.000199999994947575],
            [-122.068551914773, 36.9908959340461, -0.000199999994947575],
            [-122.06854920475, 36.9908928036841, -0.000199999994947575],
            [-122.068516747152, 36.9908849049485, -0.000199999994947575],
            [-122.068513429604, 36.9908827010726, -0.000199999994947575],
            [-122.06851059801, 36.9908800968401, -0.000199999994947575],
            [-122.068508329051, 36.9908771597109, -0.000199999994947575],
            [-122.068506679417, 36.9908739682281, -0.000199999994947575],
            [-122.068505693501, 36.9908706038035, -0.000199999994947575],
            [-122.06850539679, 36.9908671571153, -0.000199999994947575],
            [-122.068505797867, 36.9908637163651, -0.000199999994947575],
            [-122.068506885156, 36.9908603727294, -0.000199999994947575],
            [-122.068508631282, 36.9908572139922, -0.000199999994947575]
          ]
        ]
      },
      "properties": {
        "OBJECTID": 9,
        "CODE": "PKG",
        "NAME": "Family Student Housing",
        "NUMBER": 134,
        "Location": "Family Student Housing",
        "Permit_Type": "Limited A",
        "Handicapped": "No",
        "Meters": "No",
        "Comments": "Permits required 24/7.",
        "Paystations": "No",
        "Paystation_Limit": null,
        "Meter_Limit": null,
        "Permit_Days": "All",
        "Permit_Period": "All",
        "NUM": "134",
        "GlobalID": "38651f96-69a4-4427-9ab5-468ec8c9063e"
      }
    },
    {
      "type": "Feature",
      "id": 10,
      "geometry": {
        "type": "Polygon",
        "coordinates": [
          [
            [-122.068278794151, 36.9909328187859, 0],
            [-122.068282228152, 36.99093054126, 0],
            [-122.068284030207, 36.9909279080726, 0],
            [-122.068284797274, 36.9909254762479, 0],
            [-122.068284872193, 36.990922609439, 0],
            [-122.068284446908, 36.9909197836002, 0],
            [-122.068283740311, 36.9909177428797, 0],
            [-122.068282265901, 36.9909154096799, 0],
            [-122.068280168149, 36.990913407488, 0],
            [-122.068276884954, 36.9909113419277, 0],
            [-122.068273516161, 36.9909104490723, 0],
            [-122.068269954934, 36.9909101860357, 0],
            [-122.068266620543, 36.9909104020892, 0],
            [-122.06824100468, 36.9909131986095, 0],
            [-122.068235666067, 36.990911479703, 0],
            [-122.06823077878, 36.9909090472906, 0],
            [-122.068226487022, 36.9909059742328, 0],
            [-122.068222919701, 36.9909023543235, 0],
            [-122.068220185775, 36.9908982942416, 0],
            [-122.068218366461, 36.9908939172603, 0],
            [-122.068217515028, 36.9908893533367, 0],
            [-122.068218584234, 36.9908868642803, 0],
            [-122.068218998901, 36.9908842884963, 0],
            [-122.068217010793, 36.9908736603884, 0],
            [-122.068216058146, 36.9908694141452, 0],
            [-122.068215248884, 36.9908651479504, 0],
            [-122.068213808325, 36.9908567988147, 0],
            [-122.06821323346, 36.9908531585033, 0],
            [-122.068211647819, 36.9908421131387, 0],
            [-122.068211218065, 36.990838481691, 0],
            [-122.068210983452, 36.9908358019859, 0],
            [-122.068210954103, 36.990833859403, 0],
            [-122.068210904935, 36.9908304841856, 0],
            [-122.068210873875, 36.9908270077909, 0],
            [-122.068210734083, 36.9908242420989, 0],
            [-122.06821030171, 36.9908180116385, 0],
            [-122.068209838533, 36.9908128341885, 0],
            [-122.068209480703, 36.990809580276, 0],
            [-122.068209044883, 36.9908047980831, 0],
            [-122.068208787529, 36.990800008084, 0],
            [-122.06820871087, 36.9907978444429, 0],
            [-122.06820871612, 36.9907951380823, 0],
            [-122.068208960071, 36.9907920806513, 0],
            [-122.068214810016, 36.990741645909, 0],
            [-122.068213444388, 36.9907339257017, 0],
            [-122.068212352256, 36.990728918021, 0],
            [-122.068211941348, 36.9907267264303, 0],
            [-122.068211663868, 36.9907245222315, 0],
            [-122.068211492717, 36.9907215460813, 0],
            [-122.068211453336, 36.990718639354, 0],
            [-122.06821156591, 36.9907164993038, 0],
            [-122.06821180334, 36.990714366587, 0],
            [-122.068212330743, 36.9907105726736, 0],
            [-122.068212641492, 36.9907075936498, 0],
            [-122.068212541655, 36.990705073447, 0],
            [-122.068212945846, 36.9907010820257, 0],
            [-122.06821416567, 36.9906971985976, 0],
            [-122.06821616741, 36.9906935299567, 0],
            [-122.068218894731, 36.9906901759921, 0],
            [-122.068222275409, 36.9906872286953, 0],
            [-122.068226214529, 36.9906847695485, 0],
            [-122.068230605625, 36.9906828648692, 0],
            [-122.068235328452, 36.9906815667406, 0],
            [-122.068240253462, 36.990680912051, 0],
            [-122.06824524618, 36.9906809170272, 0],
            [-122.068253692089, 36.9906826824771, 0],
            [-122.068256421143, 36.9906834983197, 0],
            [-122.068260381259, 36.9906847328899, 0],
            [-122.068264968022, 36.9906857409462, 0],
            [-122.068268646308, 36.9906863376537, 0],
            [-122.068271192755, 36.9906866404672, 0],
            [-122.068275422506, 36.9906869612045, 0],
            [-122.068278765527, 36.9906869973693, 0],
            [-122.068279946841, 36.9906621814891, 0],
            [-122.068329582192, 36.9906628903171, 0],
            [-122.068328886164, 36.9906873806506, 0],
            [-122.068385900348, 36.9906811528817, 0],
            [-122.068393289384, 36.9906815879472, 0],
            [-122.068396751859, 36.9906823407554, 0],
            [-122.068402318908, 36.9906840782117, 0],
            [-122.0684060241, 36.9906860164333, 0],
            [-122.068409264605, 36.9906883511201, 0],
            [-122.068412104646, 36.9906910913218, 0],
            [-122.068413885364, 36.9906933519108, 0],
            [-122.068416649084, 36.9906974935964, 0],
            [-122.068417630224, 36.9906996081276, 0],
            [-122.068418358043, 36.990701911711, 0],
            [-122.068418734503, 36.9907038523307, 0],
            [-122.068418873334, 36.9907049048629, 0],
            [-122.06841893526, 36.9907068470078, 0],
            [-122.068418811803, 36.9907468563417, 0],
            [-122.06841986127, 36.9907518645943, 0],
            [-122.068420557675, 36.9907550842147, 0],
            [-122.068421182695, 36.9907583822977, 0],
            [-122.068421963989, 36.990762223503, 0],
            [-122.068422928642, 36.9907659685185, 0],
            [-122.068424088025, 36.9907696775717, 0],
            [-122.068425438655, 36.9907733453022, 0],
            [-122.068427043158, 36.9907773881215, 0],
            [-122.068429177212, 36.9907824719113, 0],
            [-122.068430754, 36.9907862636695, 0],
            [-122.068431960925, 36.9907896134076, 0],
            [-122.0684330079, 36.9907929968381, 0],
            [-122.06843751866, 36.9908088630192, 0],
            [-122.068438874282, 36.9908138986972, 0],
            [-122.068440019443, 36.9908189164774, 0],
            [-122.068441105664, 36.9908244469291, 0],
            [-122.068441856416, 36.9908292996863, 0],
            [-122.068442423276, 36.9908341693349, 0],
            [-122.068442805025, 36.9908390513856, 0],
            [-122.068443000408, 36.9908439395469, 0],
            [-122.068443463597, 36.9908509986922, 0],
            [-122.068444207219, 36.9908654033166, 0],
            [-122.068442117955, 36.9908797225659, 0],
            [-122.068437250159, 36.9908936006379, 0],
            [-122.068431341305, 36.9908980878302, 0],
            [-122.068428717135, 36.9908991198345, 0],
            [-122.068426291465, 36.9908998661945, 0],
            [-122.06842252714, 36.9909007441033, 0],
            [-122.068418043385, 36.9909014406312, 0],
            [-122.068414939521, 36.9909018284214, 0],
            [-122.068411814788, 36.9909020777081, 0],
            [-122.068408677066, 36.9909021892864, 0],
            [-122.06839532498, 36.9909024120597, 0],
            [-122.068391563108, 36.9909029772197, 0],
            [-122.068388884349, 36.9909038162, 0],
            [-122.068386446174, 36.9909050394597, 0],
            [-122.068383636134, 36.9909071229536, 0],
            [-122.068381473618, 36.9909096564501, 0],
            [-122.068380068304, 36.9909125123075, 0],
            [-122.068379491346, 36.9909155471803, 0],
            [-122.068379593428, 36.9909178519672, 0],
            [-122.06838022688, 36.9909201018467, 0],
            [-122.068381272774, 36.9909222506543, 0],
            [-122.068382797722, 36.9909242064738, 0],
            [-122.06838466891, 36.9909259575727, 0],
            [-122.068386913356, 36.9909273990492, 0],
            [-122.068389401265, 36.9909285560794, 0],
            [-122.068392132902, 36.9909296025904, 0],
            [-122.068275305951, 36.9909343841947, 0],
            [-122.068278794151, 36.9909328187859, 0]
          ]
        ]
      },
      "properties": {
        "OBJECTID": 10,
        "CODE": "PKG",
        "NAME": "Family Student Housing",
        "NUMBER": 132,
        "Location": "Family Student Housing",
        "Permit_Type": null,
        "Handicapped": "No",
        "Meters": "Yes",
        "Comments": "Permits required 24/7.",
        "Paystations": "No",
        "Paystation_Limit": null,
        "Meter_Limit": "2 hr.",
        "Permit_Days": "All",
        "Permit_Period": "All",
        "NUM": "132",
        "GlobalID": "25ac7b0c-ae3b-4e13-92e7-feedb187a7d6"
      }
    },
    {
      "type": "Feature",
      "id": 11,
      "geometry": {
        "type": "Polygon",
        "coordinates": [
          [
            [-122.067605191633, 36.9909613446972, 0],
            [-122.067607943408, 36.990958406771, 0],
            [-122.067609623239, 36.9909559987333, 0],
            [-122.067610887472, 36.9909534331639, 0],
            [-122.067611954071, 36.9909501727251, 0],
            [-122.067612483482, 36.9909477107546, 0],
            [-122.067612662772, 36.9909448912084, 0],
            [-122.067612456731, 36.9909420723344, 0],
            [-122.067612140056, 36.9909400885528, 0],
            [-122.067611473407, 36.9909373777035, 0],
            [-122.067609990697, 36.9909338928793, 0],
            [-122.067607831001, 36.9909306451548, 0],
            [-122.067605377577, 36.9909280186961, 0],
            [-122.067602584701, 36.9909260835099, 0],
            [-122.067598199913, 36.9909240417458, 0],
            [-122.067594346275, 36.9909226876657, 0],
            [-122.06759080487, 36.9909218674034, 0],
            [-122.067587696635, 36.9909215081393, 0],
            [-122.06758407698, 36.9909215135221, 0],
            [-122.067581380273, 36.9909216011279, 0],
            [-122.067578692431, 36.9909217904497, 0],
            [-122.067576017966, 36.9909220823278, 0],
            [-122.067569799448, 36.990922879637, 0],
            [-122.067566335616, 36.9909232992776, 0],
            [-122.067561440019, 36.9909238571154, 0],
            [-122.067556744517, 36.9909243131326, 0],
            [-122.067552028895, 36.9909246126121, 0],
            [-122.067546619249, 36.9909247637081, 0],
            [-122.067543607639, 36.9909247275748, 0],
            [-122.067540147523, 36.9909243568163, 0],
            [-122.067536326469, 36.9909236484535, 0],
            [-122.067533535334, 36.9909227649373, 0],
            [-122.067530964025, 36.9909215945906, 0],
            [-122.067528661156, 36.9909199907665, 0],
            [-122.067526837307, 36.9909180308419, 0],
            [-122.06752553295, 36.9909160927749, 0],
            [-122.067523428275, 36.9909126820944, 0],
            [-122.067521501966, 36.9909092050322, 0],
            [-122.06752056579, 36.9909074134186, 0],
            [-122.067519201115, 36.9909050616122, 0],
            [-122.067517540297, 36.9909024623516, 0],
            [-122.067515182488, 36.9908987117169, 0],
            [-122.067512946141, 36.9908949134891, 0],
            [-122.067510835788, 36.9908910694096, 0],
            [-122.067508770506, 36.9908870165484, 0],
            [-122.06750736442, 36.9908840804225, 0],
            [-122.067506105237, 36.9908812928223, 0],
            [-122.06750148232, 36.9908732811314, 0],
            [-122.067474392711, 36.9908052876616, 0],
            [-122.067451861294, 36.9907362326127, 0],
            [-122.067433952808, 36.9906663115781, 0],
            [-122.067433506593, 36.9906640420554, 0],
            [-122.067432204128, 36.9906591813855, 0],
            [-122.067432530566, 36.990656468006, 0],
            [-122.067432908641, 36.9906533222602, 0],
            [-122.067434453522, 36.9906490785009, 0],
            [-122.067438810671, 36.9906435028378, 0],
            [-122.067445628927, 36.9906395234668, 0],
            [-122.067452474383, 36.9906371694864, 0],
            [-122.067461786613, 36.9906367370528, 0],
            [-122.067469072615, 36.9906363273386, 0],
            [-122.067478367859, 36.9906349200386, 0],
            [-122.067487327725, 36.9906328927159, 0],
            [-122.067496899166, 36.9906302398558, 0],
            [-122.067492176546, 36.9906164843842, 0],
            [-122.067526738297, 36.9906090582372, 0],
            [-122.067531784521, 36.9906230310532, 0],
            [-122.067551625028, 36.9906199833583, 0],
            [-122.067596788752, 36.9906175596499, 0],
            [-122.067599795783, 36.9906175922384, 0],
            [-122.067603556305, 36.9906176083931, 0],
            [-122.067606480348, 36.9906177556472, 0],
            [-122.067609390047, 36.990618022953, 0],
            [-122.06761244998, 36.9906184369371, 0],
            [-122.067615009171, 36.9906189198326, 0],
            [-122.067617339781, 36.9906195391768, 0],
            [-122.067620292748, 36.9906205872372, 0],
            [-122.067624866597, 36.990622429999, 0],
            [-122.067628667712, 36.9906241209296, 0],
            [-122.067633762037, 36.9906266244826, 0],
            [-122.067636574687, 36.9906304753435, 0],
            [-122.067638610627, 36.9906346295306, 0],
            [-122.067639822807, 36.990638985841, 0],
            [-122.067640179842, 36.9906434401579, 0],
            [-122.067639673876, 36.9906478853445, 0],
            [-122.067638318396, 36.9906522139774, 0],
            [-122.067636143825, 36.9906563229114, 0],
            [-122.067633204253, 36.9906601122882, 0],
            [-122.067632434081, 36.9906623963539, 0],
            [-122.067630582819, 36.9906655790202, 0],
            [-122.06762990054, 36.9906679294945, 0],
            [-122.067629810764, 36.9906700322885, 0],
            [-122.06762979423, 36.9906720917422, 0],
            [-122.067629440248, 36.9906741313983, 0],
            [-122.067628755987, 36.9906791305124, 0],
            [-122.067628685404, 36.9906819909539, 0],
            [-122.067629821758, 36.9906876117593, 0],
            [-122.067639251322, 36.9907111414217, 0],
            [-122.067645028435, 36.9907354185927, 0],
            [-122.067645912958, 36.9907381796844, 0],
            [-122.067648377976, 36.990741791894, 0],
            [-122.067649875956, 36.9907433182149, 0],
            [-122.067651400358, 36.9907454642032, 0],
            [-122.067652327264, 36.9907477263643, 0],
            [-122.067653100854, 36.9907504474917, 0],
            [-122.067653584046, 36.9907527120108, 0],
            [-122.067654013559, 36.9907557414649, 0],
            [-122.06765419183, 36.9907593285305, 0],
            [-122.067653890271, 36.9907621569294, 0],
            [-122.067653452208, 36.9907644203107, 0],
            [-122.067653029301, 36.9907671403945, 0],
            [-122.067652810058, 36.9907698757652, 0],
            [-122.067652711302, 36.9907721940657, 0],
            [-122.067652651362, 36.9907742730278, 0],
            [-122.067652657363, 36.9907768197253, 0],
            [-122.067652802624, 36.9907817310906, 0],
            [-122.067653094198, 36.9907861709668, 0],
            [-122.067653635134, 36.9907913617926, 0],
            [-122.067658818165, 36.9908153801929, 0],
            [-122.067659603417, 36.990839746976, 0],
            [-122.067655971158, 36.9908639478247, 0],
            [-122.067648000548, 36.9908874697957, 0],
            [-122.067645993183, 36.9908885574783, 0],
            [-122.067643903977, 36.9908899760983, 0],
            [-122.067640818143, 36.9908923570698, 0],
            [-122.067638451803, 36.9908944922593, 0],
            [-122.067635820513, 36.9908976583721, 0],
            [-122.06763206631, 36.9909055843684, 0],
            [-122.067631282592, 36.9909082957828, 0],
            [-122.067630706284, 36.9909110404578, 0],
            [-122.067630339406, 36.9909138075519, 0],
            [-122.067630043979, 36.990916929658, 0],
            [-122.067630021616, 36.9909197858467, 0],
            [-122.067630394352, 36.9909226250105, 0],
            [-122.067631252128, 36.990925396375, 0],
            [-122.067633464276, 36.9909304025277, 0],
            [-122.067635564646, 36.9909337682044, 0],
            [-122.067637559106, 36.9909360971272, 0],
            [-122.067639279702, 36.9909376853428, 0],
            [-122.067641851716, 36.9909396424213, 0],
            [-122.067645380637, 36.9909416938828, 0],
            [-122.06764825369, 36.9909429493904, 0],
            [-122.067650819333, 36.9909437944792, 0],
            [-122.067653472343, 36.990944519436, 0],
            [-122.067656709726, 36.9909450914473, 0],
            [-122.067661108933, 36.9909454027203, 0],
            [-122.067670511809, 36.990945220486, 0],
            [-122.067675800696, 36.99094504307, 0],
            [-122.067681165672, 36.9909451737413, 0],
            [-122.067641373278, 36.990952775663, 0],
            [-122.067602788884, 36.9909636732311, 0],
            [-122.067605191633, 36.9909613446972, 0]
          ]
        ]
      },
      "properties": {
        "OBJECTID": 11,
        "CODE": "PKG",
        "NAME": "Family Student Housing",
        "NUMBER": 130,
        "Location": "Family Student Housing",
        "Permit_Type": null,
        "Handicapped": "No",
        "Meters": "No",
        "Comments": "Permits required 24/7.",
        "Paystations": "No",
        "Paystation_Limit": null,
        "Meter_Limit": null,
        "Permit_Days": "All",
        "Permit_Period": "All",
        "NUM": "130",
        "GlobalID": "d33a2462-d2f4-443e-84f1-976a94edbdad"
      }
    },
    {
      "type": "Feature",
      "id": 12,
      "geometry": {
        "type": "Polygon",
        "coordinates": [
          [
            [-122.067100882488, 36.991197017791, 0],
            [-122.067105571335, 36.9911902688347, 0],
            [-122.067107711683, 36.9911866172768, 0],
            [-122.067109396132, 36.9911828150353, 0],
            [-122.067110704505, 36.9911789187143, 0],
            [-122.067111560254, 36.9911744904601, 0],
            [-122.06711157018, 36.9911694769771, 0],
            [-122.067111083104, 36.9911634202781, 0],
            [-122.067106919235, 36.9911590991084, 0],
            [-122.067104581397, 36.9911572731504, 0],
            [-122.067101946142, 36.9911557305584, 0],
            [-122.06709906465, 36.9911545012853, 0],
            [-122.06709599589, 36.9911536115749, 0],
            [-122.067057755512, 36.9911449943615, 0],
            [-122.067021581821, 36.9911318334842, 0],
            [-122.066988308038, 36.9911144331713, 0],
            [-122.066986201378, 36.9911129177217, 0],
            [-122.066983261182, 36.9911104906446, 0],
            [-122.066980565063, 36.9911074853263, 0],
            [-122.066978648146, 36.9911045109962, 0],
            [-122.06697712345, 36.9911019198127, 0],
            [-122.066975172253, 36.9910990793199, 0],
            [-122.066973431519, 36.9910964721132, 0],
            [-122.066972480484, 36.9910946140066, 0],
            [-122.066971736046, 36.9910926963495, 0],
            [-122.06697120412, 36.9910907334816, 0],
            [-122.066970888397, 36.9910887406737, 0],
            [-122.066970475981, 36.9910847530171, 0],
            [-122.066969510376, 36.9910759540998, 0],
            [-122.066969140369, 36.9910734059836, 0],
            [-122.066968593282, 36.99107087827, 0],
            [-122.066967803242, 36.9910681753831, 0],
            [-122.066966657127, 36.9910648833914, 0],
            [-122.066965442936, 36.9910618284274, 0],
            [-122.066964095805, 36.9910588094944, 0],
            [-122.066962618058, 36.9910558301663, 0],
            [-122.066961361156, 36.9910534201305, 0],
            [-122.066960021839, 36.991051044546, 0],
            [-122.06695851649, 36.9910487342754, 0],
            [-122.066956849753, 36.9910464964658, 0],
            [-122.066953801413, 36.991042655964, 0],
            [-122.066951356898, 36.9910394327809, 0],
            [-122.066949080378, 36.9910361307397, 0],
            [-122.066946975355, 36.9910327561015, 0],
            [-122.066945035313, 36.9910294810823, 0],
            [-122.066940537208, 36.9910218488989, 0],
            [-122.066938780168, 36.9910189985881, 0],
            [-122.066934904227, 36.9910134542277, 0],
            [-122.066928216642, 36.9910028144252, 0],
            [-122.066916584505, 36.9909843060133, 0],
            [-122.066914614488, 36.9909822858601, 0],
            [-122.066910924799, 36.9909786134835, 0],
            [-122.066908162158, 36.99097597314, 0],
            [-122.066905415921, 36.9909735804048, 0],
            [-122.066902886452, 36.9909714001436, 0],
            [-122.066900991105, 36.9909695664359, 0],
            [-122.066899216637, 36.9909676572064, 0],
            [-122.066897569864, 36.9909656759686, 0],
            [-122.06689605204, 36.9909636290138, 0],
            [-122.066894744598, 36.9909617576699, 0],
            [-122.066891935703, 36.9909577625496, 0],
            [-122.066890427997, 36.990955231517, 0],
            [-122.066889233362, 36.9909524673756, 0],
            [-122.066888775562, 36.9909504494401, 0],
            [-122.066888817449, 36.9909478813721, 0],
            [-122.066889542004, 36.9909453482932, 0],
            [-122.066890975553, 36.9909421739533, 0],
            [-122.066892427085, 36.9909396996006, 0],
            [-122.066894208725, 36.990937216308, 0],
            [-122.066896910424, 36.9909343538707, 0],
            [-122.066899357291, 36.9909323618061, 0],
            [-122.066901656631, 36.9909311061972, 0],
            [-122.066904449898, 36.9909299394805, 0],
            [-122.066908066228, 36.990928644553, 0],
            [-122.06691129426, 36.9909276387175, 0],
            [-122.066914697848, 36.9909269162028, 0],
            [-122.06691847208, 36.9909260814672, 0],
            [-122.066923647114, 36.9909243249181, 0],
            [-122.066961797892, 36.9909054605255, 0],
            [-122.066945614018, 36.9908848765235, 0],
            [-122.066975702947, 36.9908694061729, 0],
            [-122.066987409511, 36.990863387549, 0],
            [-122.067003759609, 36.9908840765546, 0],
            [-122.067045947458, 36.9908628165992, 0],
            [-122.067048578989, 36.990862405451, 0],
            [-122.067051574293, 36.9908630059643, 0],
            [-122.067055529613, 36.9908648723776, 0],
            [-122.067070788364, 36.9908939328185, 0],
            [-122.067072465581, 36.9908968878372, 0],
            [-122.067074011207, 36.9908998896832, 0],
            [-122.067075798005, 36.9909037885836, 0],
            [-122.06707778664, 36.9909081533943, 0],
            [-122.067080393018, 36.9909134255209, 0],
            [-122.067085088843, 36.9909224023298, 0],
            [-122.067089175044, 36.9909302148729, 0],
            [-122.067091386707, 36.9909342847, 0],
            [-122.067093737746, 36.9909383039901, 0],
            [-122.067096368558, 36.990942486243, 0],
            [-122.067098746876, 36.9909459824733, 0],
            [-122.067101149388, 36.9909491845889, 0],
            [-122.067103711995, 36.9909523061498, 0],
            [-122.067106431197, 36.9909553408947, 0],
            [-122.067109303511, 36.9909582834631, 0],
            [-122.067112437762, 36.9909612342281, 0],
            [-122.067114378034, 36.9909630132572, 0],
            [-122.06711734314, 36.9909657725374, 0],
            [-122.0671205344, 36.9909688171619, 0],
            [-122.067123630349, 36.9909719243481, 0],
            [-122.067126628704, 36.990975092324, 0],
            [-122.067129046041, 36.9909777129689, 0],
            [-122.067132791725, 36.9909819144894, 0],
            [-122.067135367468, 36.9909849655799, 0],
            [-122.067137009248, 36.990987299249, 0],
            [-122.06713825873, 36.9909897841818, 0],
            [-122.067139261422, 36.9909926635487, 0],
            [-122.067140192395, 36.9909956592321, 0],
            [-122.067141551612, 36.9909993106398, 0],
            [-122.067142589812, 36.9910017921025, 0],
            [-122.067143803329, 36.9910042225455, 0],
            [-122.067145187483, 36.9910065930196, 0],
            [-122.067146737631, 36.9910088963776, 0],
            [-122.067149388315, 36.9910125772979, 0],
            [-122.067150888749, 36.9910145442767, 0],
            [-122.067152510307, 36.9910164474459, 0],
            [-122.067154249565, 36.9910182841477, 0],
            [-122.06715670534, 36.9910205933633, 0],
            [-122.06716007686, 36.9910235544576, 0],
            [-122.06716294996, 36.9910258887073, 0],
            [-122.067165925782, 36.991028138667, 0],
            [-122.06716991374, 36.991030922055, 0],
            [-122.067174622771, 36.9910342346705, 0],
            [-122.067178262185, 36.9910370587885, 0],
            [-122.067181743586, 36.991040009394, 0],
            [-122.067183832536, 36.9910418603227, 0],
            [-122.067187090645, 36.9910448779127, 0],
            [-122.067190181436, 36.9910480067952, 0],
            [-122.067193099162, 36.9910512407388, 0],
            [-122.067195429506, 36.9910539454611, 0],
            [-122.067197173701, 36.9910562876666, 0],
            [-122.067198962306, 36.9910596268987, 0],
            [-122.067200069481, 36.9910631519198, 0],
            [-122.067200743708, 36.9910670873939, 0],
            [-122.067200949734, 36.9910699062687, 0],
            [-122.067200582003, 36.9910736556756, 0],
            [-122.067199249269, 36.991079075345, 0],
            [-122.067198431807, 36.991081839479, 0],
            [-122.067197402178, 36.9910845577987, 0],
            [-122.067195866721, 36.9910878011012, 0],
            [-122.06719396502, 36.9910909907463, 0],
            [-122.067191237715, 36.9910941869768, 0],
            [-122.06718879066, 36.9910963313522, 0],
            [-122.067179483402, 36.9911034082096, 0],
            [-122.067175116208, 36.9911067292068, 0],
            [-122.06717292286, 36.9911082186091, 0],
            [-122.06716995291, 36.9911098554262, 0],
            [-122.067167219868, 36.9911114854557, 0],
            [-122.067164925282, 36.991113668336, 0],
            [-122.067163379179, 36.9911162403906, 0],
            [-122.067162051872, 36.9911201982478, 0],
            [-122.067161771246, 36.9911229001967, 0],
            [-122.067162062886, 36.991124923067, 0],
            [-122.067162637854, 36.9911269024786, 0],
            [-122.067163693623, 36.9911290953226, 0],
            [-122.067165110987, 36.9911309039057, 0],
            [-122.067168666939, 36.9911343041079, 0],
            [-122.067171222557, 36.9911363371174, 0],
            [-122.067174199866, 36.991138066166, 0],
            [-122.06717845541, 36.9911394599206, 0],
            [-122.067181859635, 36.9911397899857, 0],
            [-122.067185660052, 36.9911397785824, 0],
            [-122.06718805728, 36.9911394985485, 0],
            [-122.06709726673, 36.9912018922645, 0],
            [-122.067100882488, 36.991197017791, 0]
          ]
        ]
      },
      "properties": {
        "OBJECTID": 12,
        "CODE": "PKG",
        "NAME": "Family Student Housing",
        "NUMBER": 129,
        "Location": "Family Student Housing",
        "Permit_Type": "Limited A",
        "Handicapped": "No",
        "Meters": "No",
        "Comments": "Permits required 24/7.",
        "Paystations": "No",
        "Paystation_Limit": null,
        "Meter_Limit": null,
        "Permit_Days": "All",
        "Permit_Period": "All",
        "NUM": "129",
        "GlobalID": "e4167fe9-7371-476e-afa7-098d6e916430"
      }
    },
    {
      "type": "Feature",
      "id": 13,
      "geometry": {
        "type": "Polygon",
        "coordinates": [
          [
            [-122.067732517117, 36.9913405707475, 0],
            [-122.067729651079, 36.9913404587644, 0],
            [-122.067726595165, 36.9913404538717, 0],
            [-122.067724173401, 36.9913404738008, 0],
            [-122.067662324175, 36.9913411490631, 0],
            [-122.067600531917, 36.9913389036538, 0],
            [-122.067598278661, 36.9913383851047, 0],
            [-122.067596156578, 36.991337584521, 0],
            [-122.06759422003, 36.9913365228011, 0],
            [-122.06759252016, 36.9913352280959, 0],
            [-122.067591099202, 36.9913337322809, 0],
            [-122.067589992783, 36.9913320736288, 0],
            [-122.067589285822, 36.9913270021889, 0],
            [-122.067589299583, 36.9913236801977, 0],
            [-122.067589145911, 36.9913200873942, 0],
            [-122.067588874181, 36.9913172432681, 0],
            [-122.067588438859, 36.9913146888216, 0],
            [-122.067587743647, 36.9913113096689, 0],
            [-122.067584791898, 36.9912948277181, 0],
            [-122.067579155636, 36.9912788026991, 0],
            [-122.067573651153, 36.9912718851923, 0],
            [-122.067571804427, 36.9912694758791, 0],
            [-122.067570181018, 36.991267215867, 0],
            [-122.067568720177, 36.9912648860807, 0],
            [-122.067567427651, 36.9912624927514, 0],
            [-122.067566377024, 36.9912603854553, 0],
            [-122.067565383974, 36.9912582377328, 0],
            [-122.067564524986, 36.9912560539635, 0],
            [-122.067563804628, 36.9912538376906, 0],
            [-122.06756322305, 36.9912515961219, 0],
            [-122.067561909182, 36.9912458136834, 0],
            [-122.067561295311, 36.9912428326671, 0],
            [-122.067560804722, 36.9912398373774, 0],
            [-122.067560443575, 36.9912370151804, 0],
            [-122.067560451737, 36.9912334787799, 0],
            [-122.067561140491, 36.9912299855033, 0],
            [-122.067562613484, 36.9912256345647, 0],
            [-122.067565332055, 36.9912175016943, 0],
            [-122.067567751209, 36.9912102019469, 0],
            [-122.067568491224, 36.9912074956262, 0],
            [-122.067568984816, 36.9912050936162, 0],
            [-122.067569299676, 36.9912028481122, 0],
            [-122.067569477287, 36.9912005936382, 0],
            [-122.067569512086, 36.9911981175868, 0],
            [-122.067569310492, 36.9911955654067, 0],
            [-122.067568603595, 36.9911924874102, 0],
            [-122.067567213638, 36.9911883335532, 0],
            [-122.067566234907, 36.9911849347791, 0],
            [-122.067565418486, 36.9911815076893, 0],
            [-122.067564791012, 36.9911785746192, 0],
            [-122.067564148813, 36.9911755281964, 0],
            [-122.067563824857, 36.9911731957498, 0],
            [-122.067563838171, 36.9911700675217, 0],
            [-122.067564275383, 36.9911667948133, 0],
            [-122.067569918118, 36.9911449343919, 0],
            [-122.067570961062, 36.9911226266053, 0],
            [-122.067571233359, 36.9911193651248, 0],
            [-122.067571604762, 36.9911149316598, 0],
            [-122.067571422611, 36.9911119655698, 0],
            [-122.067571033556, 36.9911084525309, 0],
            [-122.067570547373, 36.991105345434, 0],
            [-122.067568904662, 36.9910961356624, 0],
            [-122.067566717512, 36.991084149414, 0],
            [-122.06756521464, 36.9910757181985, 0],
            [-122.067564847136, 36.9910731294965, 0],
            [-122.067564663601, 36.9910705275081, 0],
            [-122.067564666985, 36.9910678382955, 0],
            [-122.067564850624, 36.9910657648808, 0],
            [-122.067565245424, 36.9910637967721, 0],
            [-122.067565852166, 36.9910618636655, 0],
            [-122.067567387437, 36.9910586122496, 0],
            [-122.067569875356, 36.9910555201608, 0],
            [-122.067572717922, 36.991053271331, 0],
            [-122.067575430053, 36.9910515550581, 0],
            [-122.067580120149, 36.9910491182854, 0],
            [-122.06758390915, 36.9910475921129, 0],
            [-122.067586908897, 36.9910467371224, 0],
            [-122.067594489508, 36.9910449932776, 0],
            [-122.067600159249, 36.9910440086834, 0],
            [-122.067605538127, 36.9910431370421, 0],
            [-122.067610945321, 36.991042383978, 0],
            [-122.067616978335, 36.9910416873898, 0],
            [-122.067620500921, 36.9910411759375, 0],
            [-122.067624278321, 36.9910402239811, 0],
            [-122.067628488749, 36.9910387579312, 0],
            [-122.067631860118, 36.991036976924, 0],
            [-122.067634589005, 36.9910347719765, 0],
            [-122.067636507856, 36.9910319741135, 0],
            [-122.067636985161, 36.9910276626889, 0],
            [-122.067635368976, 36.9910248339265, 0],
            [-122.067633130012, 36.9910227398965, 0],
            [-122.067629457269, 36.9910206876637, 0],
            [-122.067627028553, 36.9910198362284, 0],
            [-122.067688243628, 36.9910091968749, 0],
            [-122.067687386252, 36.9910173110449, 0],
            [-122.067689224673, 36.9910205063102, 0],
            [-122.067693792771, 36.9910229331216, 0],
            [-122.067698988243, 36.9910233391323, 0],
            [-122.067702180189, 36.9910232953354, 0],
            [-122.067705364631, 36.9910231074479, 0],
            [-122.067708531518, 36.9910227783086, 0],
            [-122.067711669581, 36.9910223062664, 0],
            [-122.067714765838, 36.9910217689988, 0],
            [-122.067720321661, 36.991020870642, 0],
            [-122.067729656075, 36.9910195078559, 0],
            [-122.067732875107, 36.9910194700024, 0],
            [-122.067735508981, 36.9910197626408, 0],
            [-122.067738506085, 36.9910202874121, 0],
            [-122.067741535602, 36.9910210730943, 0],
            [-122.067743767249, 36.9910219560139, 0],
            [-122.067746285405, 36.9910234857462, 0],
            [-122.067749329707, 36.9910263241527, 0],
            [-122.067750682168, 36.9910297043847, 0],
            [-122.067750951886, 36.9910327747375, 0],
            [-122.067750633407, 36.9910349004317, 0],
            [-122.067749975369, 36.9910369054231, 0],
            [-122.067748140695, 36.991040506023, 0],
            [-122.067747428569, 36.9910427721868, 0],
            [-122.067747212112, 36.9910451028836, 0],
            [-122.067747496612, 36.9910474286503, 0],
            [-122.067748273902, 36.9910496811059, 0],
            [-122.067749651578, 36.9910641123587, 0],
            [-122.067753476906, 36.991078257481, 0],
            [-122.067755911097, 36.9910832975966, 0],
            [-122.067756561601, 36.9910851813647, 0],
            [-122.067758241653, 36.9910906912249, 0],
            [-122.0677601552, 36.9910961384682, 0],
            [-122.067761051993, 36.9910987335743, 0],
            [-122.067761639028, 36.9911008597158, 0],
            [-122.067762269388, 36.991103930629, 0],
            [-122.067762758334, 36.9911069007065, 0],
            [-122.067762960779, 36.9911089554149, 0],
            [-122.067763281457, 36.9911132822506, 0],
            [-122.067763616353, 36.9911159768301, 0],
            [-122.067763867218, 36.9911181444385, 0],
            [-122.067763817404, 36.9911207081078, 0],
            [-122.067763452659, 36.9911232543808, 0],
            [-122.067762689631, 36.9911266873757, 0],
            [-122.067761332039, 36.9911329590158, 0],
            [-122.067760362032, 36.9911365407859, 0],
            [-122.067752144398, 36.9911639421259, 0],
            [-122.067748394225, 36.9911919638291, 0],
            [-122.067755773983, 36.9912306818426, 0],
            [-122.067765256984, 36.9912716110604, 0],
            [-122.067769695876, 36.9913130884044, 0],
            [-122.067770199871, 36.9913201677308, 0],
            [-122.067769661249, 36.9913272448478, 0],
            [-122.067767474778, 36.9913294398051, 0],
            [-122.067765426583, 36.9913311011987, 0],
            [-122.067762588464, 36.9913329714712, 0],
            [-122.067759278951, 36.9913347561569, 0],
            [-122.067754977927, 36.9913365649819, 0],
            [-122.067751758735, 36.9913376716557, 0],
            [-122.067748411769, 36.9913386313494, 0],
            [-122.067744983794, 36.9913394776799, 0],
            [-122.067741348639, 36.9913401943187, 0],
            [-122.067737819509, 36.9913405544616, 0],
            [-122.067735318516, 36.9913406538598, 0],
            [-122.067732517117, 36.9913405707475, 0]
          ]
        ]
      },
      "properties": {
        "OBJECTID": 13,
        "CODE": "PKG",
        "NAME": "Family Student Housing",
        "NUMBER": 131,
        "Location": "Family Student Housing",
        "Permit_Type": null,
        "Handicapped": "No ",
        "Meters": "No",
        "Comments": "Permits required 24/7.",
        "Paystations": "No",
        "Paystation_Limit": null,
        "Meter_Limit": null,
        "Permit_Days": "All",
        "Permit_Period": "All",
        "NUM": "131",
        "GlobalID": "dde6070a-1216-4c6f-acea-6bfeb9ea7c42"
      }
    },
    {
      "type": "Feature",
      "id": 14,
      "geometry": {
        "type": "Polygon",
        "coordinates": [
          [
            [-122.068565454349, 36.9916486026646, 0],
            [-122.06852795993, 36.9916422631313, 0],
            [-122.06850020295, 36.9916382529258, 0],
            [-122.068487008383, 36.9916359123921, 0],
            [-122.068498068977, 36.9915833339209, 0],
            [-122.068498653751, 36.9915792751842, 0],
            [-122.068499024732, 36.9915752003969, 0],
            [-122.068499179823, 36.9915711167969, 0],
            [-122.068499119157, 36.9915670306906, 0],
            [-122.068498842922, 36.9915629510876, 0],
            [-122.068498352373, 36.9915588842792, 0],
            [-122.068497646556, 36.9915548383892, 0],
            [-122.068496728954, 36.9915508187777, 0],
            [-122.068495599773, 36.9915468353553, 0],
            [-122.068494261355, 36.9915428925964, 0],
            [-122.068492716133, 36.9915389994802, 0],
            [-122.06849096761, 36.991535162268, 0],
            [-122.068489017058, 36.9915313881523, 0],
            [-122.068486870225, 36.9915276833641, 0],
            [-122.068484528367, 36.9915240541948, 0],
            [-122.068481998391, 36.9915205086625, 0],
            [-122.068479283762, 36.9915170512264, 0],
            [-122.068476389141, 36.9915136899346, 0],
            [-122.068473319115, 36.9915104292315, 0],
            [-122.068458799997, 36.991497227271, 0],
            [-122.068444386077, 36.9914839517987, 0],
            [-122.068430075146, 36.9914706046468, 0],
            [-122.068414567368, 36.9914477767858, 0],
            [-122.068392190152, 36.9914416422033, 0],
            [-122.068337561245, 36.9914266661128, 0],
            [-122.068323889521, 36.9914224565883, 0],
            [-122.068311233864, 36.9914165481666, 0],
            [-122.068299918749, 36.9914090923928, 0],
            [-122.068290235768, 36.9914002800054, 0],
            [-122.068282433481, 36.9913903392704, 0],
            [-122.068276713841, 36.9913795261164, 0],
            [-122.068273224199, 36.9913681179333, 0],
            [-122.06827288581, 36.9913439091609, 0],
            [-122.068276125162, 36.9913198388382, 0],
            [-122.068282896525, 36.991296245528, 0],
            [-122.068286120605, 36.9912877913265, 0],
            [-122.068288428393, 36.991281025667, 0],
            [-122.068290342389, 36.991275253913, 0],
            [-122.068293311532, 36.9912695463779, 0],
            [-122.068298635969, 36.9912640252677, 0],
            [-122.068303374933, 36.9912598412918, 0],
            [-122.068307881814, 36.9912562714463, 0],
            [-122.068312186152, 36.9912525249857, 0],
            [-122.068315858254, 36.9912484689028, 0],
            [-122.068318578633, 36.9912441904026, 0],
            [-122.068320153286, 36.9912403517687, 0],
            [-122.068321292668, 36.9912357367487, 0],
            [-122.068322330496, 36.9912306166222, 0],
            [-122.068322895004, 36.9912265554554, 0],
            [-122.068323295759, 36.9912200875945, 0],
            [-122.068323248066, 36.9912114061179, 0],
            [-122.068323460961, 36.9912049804352, 0],
            [-122.068323744677, 36.9912007076576, 0],
            [-122.068324412125, 36.9911931313455, 0],
            [-122.0683253567, 36.9911890326261, 0],
            [-122.068327926538, 36.9911834638352, 0],
            [-122.068333244547, 36.9911747318501, 0],
            [-122.068340657198, 36.9911507000444, 0],
            [-122.068344479356, 36.9911261343376, 0],
            [-122.068344659792, 36.9911013787741, 0],
            [-122.068330270172, 36.9910523209942, 0],
            [-122.06832961075, 36.9910480753155, 0],
            [-122.068328326762, 36.9910429728859, 0],
            [-122.06832614125, 36.9910364478731, 0],
            [-122.06832441669, 36.9910314982613, 0],
            [-122.06832210683, 36.9910259581246, 0],
            [-122.068320010938, 36.9910192057068, 0],
            [-122.068320869601, 36.991013414796, 0],
            [-122.068324219594, 36.9910093747587, 0],
            [-122.068332762546, 36.991006964561, 0],
            [-122.068342922694, 36.9910055482681, 0],
            [-122.068349442877, 36.9910051551036, 0],
            [-122.068354726333, 36.9910049326702, 0],
            [-122.068361258125, 36.9910048800008, 0],
            [-122.068366891832, 36.9910052900031, 0],
            [-122.068376988551, 36.9910058923368, 0],
            [-122.068384197582, 36.9910050771615, 0],
            [-122.068389362536, 36.9910031620721, 0],
            [-122.068392224067, 36.9909998865054, 0],
            [-122.068392535285, 36.9909953709363, 0],
            [-122.068390982118, 36.9909915806623, 0],
            [-122.068386771259, 36.9909887237107, 0],
            [-122.068381499046, 36.9909867957419, 0],
            [-122.068464275409, 36.9909847086253, 0],
            [-122.068460192317, 36.9909862459903, 0],
            [-122.068457460123, 36.9909878075482, 0],
            [-122.068454592195, 36.9909904541681, 0],
            [-122.068453225563, 36.9909924191251, 0],
            [-122.06845308552, 36.9909947496973, 0],
            [-122.068454439115, 36.9909976450631, 0],
            [-122.068457162345, 36.9910005472473, 0],
            [-122.068460263487, 36.9910019645873, 0],
            [-122.068464858283, 36.9910024957956, 0],
            [-122.068468284569, 36.9910027525298, 0],
            [-122.068471893506, 36.99100293291, 0],
            [-122.068476353606, 36.9910030396634, 0],
            [-122.068480640091, 36.9910030099668, 0],
            [-122.068484921637, 36.9910028514655, 0],
            [-122.068491407027, 36.9910025137338, 0],
            [-122.068495965292, 36.9910023181673, 0],
            [-122.06850082294, 36.9910022023863, 0],
            [-122.068504657891, 36.9910022310294, 0],
            [-122.068508187669, 36.99100244041, 0],
            [-122.068511694162, 36.9910028258365, 0],
            [-122.068515164941, 36.9910033838716, 0],
            [-122.068518585386, 36.9910041138105, 0],
            [-122.068522513962, 36.991005182075, 0],
            [-122.068526204402, 36.9910064671247, 0],
            [-122.068530355106, 36.9910085417412, 0],
            [-122.06853301113, 36.9910105931975, 0],
            [-122.068534829331, 36.9910129803495, 0],
            [-122.068535720501, 36.9910149825389, 0],
            [-122.068536236467, 36.9910171474826, 0],
            [-122.068536608886, 36.9910195396552, 0],
            [-122.068536783298, 36.9910214883985, 0],
            [-122.068536749986, 36.9910234426384, 0],
            [-122.068536509752, 36.9910253870438, 0],
            [-122.068536063438, 36.9910273080855, 0],
            [-122.068535204477, 36.9910302881731, 0],
            [-122.068534661071, 36.9910324015737, 0],
            [-122.068534241606, 36.991034532233, 0],
            [-122.068533948272, 36.9910366774177, 0],
            [-122.068533584554, 36.9910400780131, 0],
            [-122.068533314483, 36.9910436053191, 0],
            [-122.068533335949, 36.9910464068475, 0],
            [-122.068533676529, 36.9910500710352, 0],
            [-122.068534091508, 36.9910527257847, 0],
            [-122.068534900183, 36.9910553500072, 0],
            [-122.068537949147, 36.9910624960456, 0],
            [-122.068538812992, 36.9910645346503, 0],
            [-122.068540406564, 36.9910684838909, 0],
            [-122.068541292469, 36.9910718469565, 0],
            [-122.068541558529, 36.9910744180947, 0],
            [-122.068541377498, 36.9910774215101, 0],
            [-122.068540522163, 36.991080360094, 0],
            [-122.068538843169, 36.9910829681998, 0],
            [-122.068537022923, 36.9910854295075, 0],
            [-122.068535834011, 36.9910872433786, 0],
            [-122.068534745925, 36.991089097349, 0],
            [-122.068533320227, 36.9910917840577, 0],
            [-122.068532363559, 36.9910951421588, 0],
            [-122.068532275955, 36.9910978316031, 0],
            [-122.068532842338, 36.9911002049463, 0],
            [-122.068533650888, 36.9911028769338, 0],
            [-122.068534150454, 36.9911050096549, 0],
            [-122.068534619439, 36.9911078294983, 0],
            [-122.068534884515, 36.991110944972, 0],
            [-122.068534569469, 36.9911145242508, 0],
            [-122.06853361086, 36.991117305613, 0],
            [-122.068530646175, 36.991122203821, 0],
            [-122.068507605574, 36.9911628682552, 0],
            [-122.068505463483, 36.9911673471606, 0],
            [-122.068504545255, 36.9911698567197, 0],
            [-122.068503790704, 36.9911723496589, 0],
            [-122.068503253609, 36.9911746576327, 0],
            [-122.068502864116, 36.9911769861518, 0],
            [-122.068502225235, 36.9911817350306, 0],
            [-122.068501752098, 36.9911844693112, 0],
            [-122.068501001645, 36.9911874272121, 0],
            [-122.068500617466, 36.9911894186127, 0],
            [-122.068500700051, 36.9911917579072, 0],
            [-122.068501331847, 36.9911946810014, 0],
            [-122.068501946914, 36.9911970185435, 0],
            [-122.068502713041, 36.9911993270187, 0],
            [-122.068503744613, 36.9912018653344, 0],
            [-122.068504729747, 36.9912042781072, 0],
            [-122.068505466226, 36.9912064581099, 0],
            [-122.068506067314, 36.9912086642654, 0],
            [-122.068506531792, 36.991210892084, 0],
            [-122.068507059143, 36.9912138706543, 0],
            [-122.068507545683, 36.9912161864935, 0],
            [-122.068508178922, 36.9912184796327, 0],
            [-122.068508968258, 36.9912207697718, 0],
            [-122.068509816695, 36.9912232537745, 0],
            [-122.068510484382, 36.9912257438123, 0],
            [-122.068510977366, 36.9912282605314, 0],
            [-122.068511294338, 36.9912307949374, 0],
            [-122.068511450576, 36.991234024524, 0],
            [-122.068511342837, 36.9912370945435, 0],
            [-122.068510722035, 36.9912402354464, 0],
            [-122.068509432181, 36.9912442081366, 0],
            [-122.06850826417, 36.9912475600673, 0],
            [-122.068507006979, 36.9912508915683, 0],
            [-122.068504577058, 36.991257080307, 0],
            [-122.068503400889, 36.9912599880579, 0],
            [-122.068502193316, 36.9912627907911, 0],
            [-122.068472423174, 36.9913300714905, 0],
            [-122.068465422629, 36.9913377473731, 0],
            [-122.068457907598, 36.9913478994484, 0],
            [-122.068453033623, 36.9913532568002, 0],
            [-122.068448194545, 36.9913578647891, 0],
            [-122.068443444584, 36.9913622751189, 0],
            [-122.068429715948, 36.9913750205641, 0],
            [-122.068431592459, 36.9913912204594, 0],
            [-122.068435029831, 36.9913963083551, 0],
            [-122.068436749053, 36.991400141456, 0],
            [-122.06843828283, 36.9914040248135, 0],
            [-122.068439628785, 36.9914079521513, 0],
            [-122.068442357998, 36.9914159252832, 0],
            [-122.068444297126, 36.9914203357972, 0],
            [-122.068446384748, 36.9914247019586, 0],
            [-122.068458769287, 36.9914405929495, 0],
            [-122.068461509677, 36.9914444231346, 0],
            [-122.068464414711, 36.9914481754056, 0],
            [-122.068467477557, 36.9914518453482, 0],
            [-122.068470697016, 36.9914554293739, 0],
            [-122.068474067341, 36.9914589212516, 0],
            [-122.068486541321, 36.9914739305691, 0],
            [-122.068492331131, 36.9914799276819, 0],
            [-122.0684966974, 36.9914831772643, 0],
            [-122.068499546916, 36.9914851864674, 0],
            [-122.068501526387, 36.9914865810378, 0],
            [-122.068505397033, 36.9914890694652, 0],
            [-122.068511162273, 36.9914917937652, 0],
            [-122.068520256757, 36.9914937856886, 0],
            [-122.068677649183, 36.9915175922232, 0],
            [-122.068656696326, 36.9915960148439, 0],
            [-122.068609031594, 36.9915888874686, 0],
            [-122.068594130998, 36.9916534512173, 0],
            [-122.068565454349, 36.9916486026646, 0]
          ]
        ]
      },
      "properties": {
        "OBJECTID": 14,
        "CODE": "PKG",
        "NAME": "Family Student Housing",
        "NUMBER": 133,
        "Location": "Family Student Housing",
        "Permit_Type": "Limited A",
        "Handicapped": "No",
        "Meters": "No",
        "Comments": "Permits required 24/7.",
        "Paystations": "No",
        "Paystation_Limit": null,
        "Meter_Limit": null,
        "Permit_Days": "All",
        "Permit_Period": "All",
        "NUM": "133",
        "GlobalID": "ea55d778-894e-4fec-aa18-f26f6c04ec9f"
      }
    },
    {
      "type": "Feature",
      "id": 15,
      "geometry": {
        "type": "Polygon",
        "coordinates": [
          [
            [-122.067802782295, 36.9920311993365, 0],
            [-122.067790399527, 36.9920253421628, 0],
            [-122.067768115492, 36.992016843272, 0],
            [-122.067744783613, 36.9920104050738, 0],
            [-122.067681574387, 36.991997522106, 0],
            [-122.067620852219, 36.9919784370006, 0],
            [-122.067461517895, 36.9919282708248, 0],
            [-122.067441916869, 36.9919225205161, 0],
            [-122.06743709804, 36.9919213776617, 0],
            [-122.067432562315, 36.9919196425226, 0],
            [-122.067428422913, 36.9919173568351, 0],
            [-122.067424781037, 36.9919145787182, 0],
            [-122.067421729129, 36.9919113772231, 0],
            [-122.067419340708, 36.9919078297661, 0],
            [-122.067417677201, 36.9919040265428, 0],
            [-122.067417697879, 36.9918990985283, 0],
            [-122.067416900193, 36.9918945780356, 0],
            [-122.067415736444, 36.9918924875782, 0],
            [-122.067414174124, 36.9918905709996, 0],
            [-122.067412170639, 36.9918889406203, 0],
            [-122.067409869548, 36.9918875845983, 0],
            [-122.067407278966, 36.9918866226835, 0],
            [-122.0674035848, 36.991885913512, 0],
            [-122.067400731735, 36.9918858319869, 0],
            [-122.067397915145, 36.9918862059765, 0],
            [-122.067395208156, 36.9918869326633, 0],
            [-122.067392734545, 36.9918880752702, 0],
            [-122.067389882521, 36.991890088109, 0],
            [-122.067387258969, 36.9918924971076, 0],
            [-122.067410939055, 36.9918135505423, 0],
            [-122.067413394237, 36.9918184660182, 0],
            [-122.067418255143, 36.9918227003097, 0],
            [-122.067427103201, 36.991825426499, 0],
            [-122.067434268308, 36.9918249246886, 0],
            [-122.067440881552, 36.9918217212993, 0],
            [-122.067444841994, 36.9918173738891, 0],
            [-122.067446652974, 36.9918118838057, 0],
            [-122.06744821138, 36.9918071568238, 0],
            [-122.067450960032, 36.9918029915154, 0],
            [-122.067454533178, 36.991799250406, 0],
            [-122.067458831861, 36.9917960366602, 0],
            [-122.067463734378, 36.9917934402305, 0],
            [-122.0674691074, 36.9917915323002, 0],
            [-122.067474800392, 36.9917903671614, 0],
            [-122.067480655592, 36.9917899757719, 0],
            [-122.06748651035, 36.9917903702306, 0],
            [-122.067492202632, 36.9917915382954, 0],
            [-122.067649406544, 36.9918213678391, 0],
            [-122.067653675257, 36.9918218836357, 0],
            [-122.067660941928, 36.9918222104475, 0],
            [-122.067668196801, 36.9918226716955, 0],
            [-122.067675436508, 36.9918232674249, 0],
            [-122.067681572253, 36.9918242591952, 0],
            [-122.067687665299, 36.9918254119517, 0],
            [-122.067693706585, 36.9918267222116, 0],
            [-122.067699692759, 36.9918281909209, 0],
            [-122.067705615886, 36.9918298145817, 0],
            [-122.067711469187, 36.9918315914825, 0],
            [-122.067717248172, 36.9918335216838, 0],
            [-122.067722944883, 36.9918356007865, 0],
            [-122.067728554829, 36.9918378288511, 0],
            [-122.067734070052, 36.9918402014785, 0],
            [-122.067747011135, 36.9918461656063, 0],
            [-122.067754030506, 36.9918492290616, 0],
            [-122.067797047779, 36.9918655663811, 0],
            [-122.067841822154, 36.9918785141046, 0],
            [-122.067844132157, 36.9918779297246, 0],
            [-122.067906024534, 36.9918932833563, 0],
            [-122.067907562649, 36.9918937177872, 0],
            [-122.067910955041, 36.9918950393057, 0],
            [-122.067914039398, 36.9918967813165, 0],
            [-122.067916734979, 36.9918988971416, 0],
            [-122.067918972123, 36.9919013327443, 0],
            [-122.067920692215, 36.9919040249275, 0],
            [-122.067921852228, 36.9919069039763, 0],
            [-122.067922419041, 36.9919098901295, 0],
            [-122.067922383247, 36.9919129096156, 0],
            [-122.067921743247, 36.9919158858543, 0],
            [-122.067920517658, 36.9919187419939, 0],
            [-122.067900349043, 36.9919531061951, 0],
            [-122.067926823655, 36.9919628978268, 0],
            [-122.067907960967, 36.9920015332664, 0],
            [-122.067878823256, 36.9919950541695, 0],
            [-122.067858192971, 36.9920286170968, 0],
            [-122.067853157851, 36.9920322877479, 0],
            [-122.067847422061, 36.9920352234283, 0],
            [-122.067841150079, 36.9920373381159, 0],
            [-122.067834522634, 36.9920385708042, 0],
            [-122.067827730003, 36.9920388873939, 0],
            [-122.067820969711, 36.9920382780209, 0],
            [-122.067814434251, 36.9920367608255, 0],
            [-122.067808313253, 36.9920343783191, 0],
            [-122.067802782295, 36.9920311993365, 0]
          ]
        ]
      },
      "properties": {
        "OBJECTID": 15,
        "CODE": "PKG",
        "NAME": "Family Student Housing",
        "NUMBER": 135,
        "Location": "Family Student Housing",
        "Permit_Type": "Limited A",
        "Handicapped": "No",
        "Meters": "Yes",
        "Comments": "Permits required 24/7.",
        "Paystations": "No",
        "Paystation_Limit": null,
        "Meter_Limit": "2 hr.",
        "Permit_Days": "All",
        "Permit_Period": "All",
        "NUM": "135",
        "GlobalID": "efb2a1c6-eed2-4c90-a613-52e3aebfcccb"
      }
    },
    {
      "type": "Feature",
      "id": 16,
      "geometry": {
        "type": "Polygon",
        "coordinates": [
          [
            [-122.064171650003, 36.9927231557769, -0.000038558660889975],
            [-122.06418598283, 36.9926871699377, -0.000038558660889975],
            [-122.064184791594, 36.9926827862765, -0.000038558660889975],
            [-122.064179886862, 36.9926788687589, -0.000038558660889975],
            [-122.064172887235, 36.9926770728058, -0.000038558660889975],
            [-122.064165457056, 36.9926779600754, -0.000038558660889975],
            [-122.064160762549, 36.9926812195584, -0.000038558660889975],
            [-122.064146583777, 36.9927154333818, -0.000038558660889975],
            [-122.06406169741, 36.9926964198859, -0.000038558660889975],
            [-122.064088192706, 36.9926314093246, -0.000038558660889975],
            [-122.064065822544, 36.9926258280522, -0.000038558660889975],
            [-122.064076283257, 36.9926005949303, -0.000038558660889975],
            [-122.064081886518, 36.9926020734651, -0.000038558660889975],
            [-122.064088788908, 36.9926038941583, -0.000038558660889975],
            [-122.064101001951, 36.9926071152994, -0.000038558660889975],
            [-122.064124813938, 36.9925460762243, -0.000038558660889975],
            [-122.064300175489, 36.992589914722, -0.000038558660889975],
            [-122.064285398066, 36.9926296852481, -0.000038558660889975],
            [-122.064287493127, 36.9926342027824, -0.000038558660889975],
            [-122.064292044208, 36.9926365146023, -0.000038558660889975],
            [-122.064297425791, 36.9926363586281, -0.000038558660889975],
            [-122.064301758374, 36.9926337925056, -0.000038558660889975],
            [-122.064323731251, 36.9925829507376, -0.000038558660889975],
            [-122.064262877965, 36.9925660717724, -0.000038558660889975],
            [-122.064296703169, 36.992481357378, -0.000038558660889975],
            [-122.064351928965, 36.9924943041743, -0.000038558660889975],
            [-122.064356552789, 36.9924925596387, -0.000038558660889975],
            [-122.064359327965, 36.9924891186107, -0.000038558660889975],
            [-122.064359425404, 36.9924844680392, -0.000038558660889975],
            [-122.064356193575, 36.9924806064998, -0.000038558660889975],
            [-122.064302969182, 36.9924660116184, -0.000038558660889975],
            [-122.064344195655, 36.992363503, -0.000038558660889975],
            [-122.06439666552, 36.9923760739828, -0.000038558660889975],
            [-122.064403128672, 36.9923741777111, -0.000038558660889975],
            [-122.064406095317, 36.9923691966757, -0.000038558660889975],
            [-122.064404934477, 36.9923642772992, -0.000038558660889975],
            [-122.064401341348, 36.9923615696298, -0.000038558660889975],
            [-122.064349238844, 36.9923478654267, -0.000038558660889975],
            [-122.064391208579, 36.9922437228704, -0.000038558660889975],
            [-122.064521398554, 36.9922782049672, -0.000038558660889975],
            [-122.064493267066, 36.9923480769922, -0.000038558660889975],
            [-122.064493467565, 36.9923520368576, -0.000038558660889975],
            [-122.064496741804, 36.9923569089654, -0.000038558660889975],
            [-122.064503059498, 36.9923601081928, -0.000038558660889975],
            [-122.064509248338, 36.9923611679087, -0.000038558660889975],
            [-122.064515818383, 36.9923597108815, -0.000038558660889975],
            [-122.064519977997, 36.9923566090569, -0.000038558660889975],
            [-122.064505664702, 36.9923904489321, -0.000038558660889975],
            [-122.064503346591, 36.9923959286454, -0.000038558660889975],
            [-122.064499026238, 36.9923896475805, -0.000038558660889975],
            [-122.064491714816, 36.9923869059688, -0.000038558660889975],
            [-122.064484833791, 36.9923867567298, -0.000038558660889975],
            [-122.064479722898, 36.9923890647411, -0.000038558660889975],
            [-122.064475901305, 36.9923934534434, -0.000038558660889975],
            [-122.064421089353, 36.9925344775274, -0.000038558660889975],
            [-122.064395684261, 36.9925983074021, -0.000038558660889975],
            [-122.064389475607, 36.9926141408455, -0.000038558660889975],
            [-122.064376037999, 36.9926492495589, -0.000038558660889975],
            [-122.064376973066, 36.9926547640485, -0.000038558660889975],
            [-122.064380323056, 36.992658850203, -0.000038558660889975],
            [-122.064385528773, 36.9926613605154, -0.000038558660889975],
            [-122.064391396467, 36.9926618342618, -0.000038558660889975],
            [-122.06439832444, 36.9926604075883, -0.000038558660889975],
            [-122.064398436039, 36.9926629591771, -0.000038558660889975],
            [-122.064369533879, 36.9927311202229, -0.000038558660889975],
            [-122.064365695955, 36.9927257239652, -0.000038558660889975],
            [-122.064360666471, 36.9927225056529, -0.000038558660889975],
            [-122.064355481799, 36.9927215982829, -0.000038558660889975],
            [-122.064349864744, 36.9927221539432, -0.000038558660889975],
            [-122.064345291531, 36.9927246025341, -0.000038558660889975],
            [-122.064342392404, 36.9927283498277, -0.000038558660889975],
            [-122.064327233662, 36.9927642710618, -0.000038558660889975],
            [-122.064171650003, 36.9927231557769, -0.000038558660889975]
          ]
        ]
      },
      "properties": {
        "OBJECTID": 16,
        "CODE": "PKG",
        "NAME": "Rachel Carson College",
        "NUMBER": 146,
        "Location": "College Eight",
        "Permit_Type": "A, B, MC, N, NC, Disability, Medical",
        "Handicapped": "Yes",
        "Meters": "Yes",
        "Comments": "R & C Permits allowed after 5pm.",
        "Paystations": "No",
        "Paystation_Limit": null,
        "Meter_Limit": "2 hr.",
        "Permit_Days": "M - F",
        "Permit_Period": "7:00am - 8:30pm",
        "NUM": "146",
        "GlobalID": "dc72f1f0-d48d-4716-9de3-3bb7f1403ebe"
      }
    },
    {
      "type": "Feature",
      "id": 17,
      "geometry": {
        "type": "Polygon",
        "coordinates": [
          [
            [-122.067445243093, 36.9928131858693, 0],
            [-122.067441488223, 36.9928102713874, 0],
            [-122.067438327822, 36.992806933467, 0],
            [-122.067435836532, 36.9928032495091, 0],
            [-122.067434071193, 36.9927993052648, 0],
            [-122.067433071893, 36.9927951912162, 0],
            [-122.067432863109, 36.9927910034625, 0],
            [-122.0674320851, 36.9927830140037, 0],
            [-122.067430163015, 36.992770541149, 0],
            [-122.067428438289, 36.9927580503224, 0],
            [-122.067426912062, 36.9927455424094, 0],
            [-122.067425582145, 36.9927330201433, 0],
            [-122.067424450821, 36.9927204852957, 0],
            [-122.06742351813, 36.9927079396686, 0],
            [-122.067422783002, 36.9926953859798, 0],
            [-122.067422246581, 36.9926828251152, 0],
            [-122.067421908942, 36.9926702606785, 0],
            [-122.067421770103, 36.9926576935708, 0],
            [-122.067419550967, 36.9926056541157, 0],
            [-122.06741935264, 36.9925945423368, 0],
            [-122.067418553244, 36.9925896713017, 0],
            [-122.067417548762, 36.9925848246509, 0],
            [-122.067416338182, 36.992580007805, 0],
            [-122.067414926128, 36.9925752270103, 0],
            [-122.067414029292, 36.9925720920857, 0],
            [-122.067413320546, 36.9925689257956, 0],
            [-122.067412802304, 36.9925657362184, 0],
            [-122.067412475841, 36.9925625305466, 0],
            [-122.06741235371, 36.9925595870807, 0],
            [-122.067412401082, 36.9925560988179, 0],
            [-122.067412590122, 36.9925536918884, 0],
            [-122.067413096422, 36.9925496918887, 0],
            [-122.067413347937, 36.9925475328498, 0],
            [-122.067413374555, 36.9925453642159, 0],
            [-122.067413176597, 36.9925432013029, 0],
            [-122.067412754364, 36.9925410585261, 0],
            [-122.067397558044, 36.992506778459, 0],
            [-122.067389645555, 36.9924709532062, 0],
            [-122.067389464392, 36.9924498487416, 0],
            [-122.067392983415, 36.9924289333787, 0],
            [-122.067400131531, 36.9924086226222, 0],
            [-122.067494165567, 36.9923775367893, 0],
            [-122.067497857584, 36.9923814236023, 0],
            [-122.067503085602, 36.992385320417, 0],
            [-122.06750794161, 36.9923879731731, 0],
            [-122.067513219174, 36.9923900462031, 0],
            [-122.06751913896, 36.9923915617753, 0],
            [-122.067524071999, 36.9923922542968, 0],
            [-122.067530115512, 36.9923928084328, 0],
            [-122.067535802568, 36.9923947461873, 0],
            [-122.067541005057, 36.9923974204211, 0],
            [-122.067545576456, 36.992400754699, 0],
            [-122.067549385643, 36.9924046570587, 0],
            [-122.06755232804, 36.992409015355, 0],
            [-122.067588109559, 36.9924593655747, 0],
            [-122.067589614215, 36.9924622859567, 0],
            [-122.067594158656, 36.9924690631619, 0],
            [-122.06759852381, 36.992475916674, 0],
            [-122.067602707339, 36.9924828420187, 0],
            [-122.067606708063, 36.9924898365082, 0],
            [-122.067610523678, 36.9924968974699, 0],
            [-122.067614152987, 36.9925040213151, 0],
            [-122.067617592562, 36.9925112053863, 0],
            [-122.067620843453, 36.9925184460647, 0],
            [-122.067623903338, 36.9925257397767, 0],
            [-122.067626769913, 36.9925330838496, 0],
            [-122.067629443122, 36.9925404755806, 0],
            [-122.067631920606, 36.9925479095944, 0],
            [-122.067634201223, 36.9925553850049, 0],
            [-122.067637010355, 36.9925785377197, 0],
            [-122.067637320889, 36.9926017988097, 0],
            [-122.067638314399, 36.9926052586664, 0],
            [-122.067640102112, 36.9926107580705, 0],
            [-122.067641692901, 36.9926162961686, 0],
            [-122.067643087776, 36.99262186754, 0],
            [-122.067644285539, 36.992627468596, 0],
            [-122.067645283868, 36.9926330957631, 0],
            [-122.067646081489, 36.9926387418489, 0],
            [-122.067646680612, 36.9926444050211, 0],
            [-122.067647077734, 36.9926500790187, 0],
            [-122.067647275027, 36.9926557602075, 0],
            [-122.067647272439, 36.9926581646318, 0],
            [-122.067647270132, 36.9926614432121, 0],
            [-122.067647064077, 36.9926671235128, 0],
            [-122.067646657911, 36.9926727974905, 0],
            [-122.067646050398, 36.9926784597548, 0],
            [-122.067645242565, 36.992684105786, 0],
            [-122.067639689847, 36.9927225460982, 0],
            [-122.067640258753, 36.9927273003703, 0],
            [-122.067641316036, 36.9927361268905, 0],
            [-122.067646581153, 36.9927801002662, 0],
            [-122.067646892325, 36.9927823580854, 0],
            [-122.067646995918, 36.9927846286072, 0],
            [-122.067646893897, 36.9927868982872, 0],
            [-122.067646584911, 36.9927891563294, 0],
            [-122.067646070964, 36.9927913909911, 0],
            [-122.067645355142, 36.9927935887129, 0],
            [-122.067644440589, 36.9927957386384, 0],
            [-122.067643332695, 36.9927978298807, 0],
            [-122.067642037936, 36.992799849736, 0],
            [-122.067639578129, 36.9928028918825, 0],
            [-122.067637101173, 36.9928053818266, 0],
            [-122.067635135522, 36.9928070168747, 0],
            [-122.067633024689, 36.9928085322124, 0],
            [-122.067630783105, 36.9928099195349, 0],
            [-122.067628419625, 36.9928111724149, 0],
            [-122.067625949802, 36.9928122825325, 0],
            [-122.067581177044, 36.9928192880663, 0],
            [-122.067535666422, 36.9928217876067, 0],
            [-122.06749012157, 36.9928197428606, 0],
            [-122.067445243093, 36.9928131858693, 0]
          ]
        ]
      },
      "properties": {
        "OBJECTID": 17,
        "CODE": "PKG",
        "NAME": "Family Student Housing",
        "NUMBER": 136,
        "Location": "Family Student Housing",
        "Permit_Type": "Limited A",
        "Handicapped": "No",
        "Meters": "No",
        "Comments": "Permits required 24/7.",
        "Paystations": "No",
        "Paystation_Limit": null,
        "Meter_Limit": null,
        "Permit_Days": "All",
        "Permit_Period": "All",
        "NUM": "136",
        "GlobalID": "a6c5d897-8d6b-4058-a067-a2acb2ca9073"
      }
    },
    {
      "type": "Feature",
      "id": 18,
      "geometry": {
        "type": "Polygon",
        "coordinates": [
          [
            [-122.061996106168, 36.9937600520658, -0.000038558660889975],
            [-122.061994652491, 36.9937589243088, -0.000038558660889975],
            [-122.061992351503, 36.9937583810565, -0.000038558660889975],
            [-122.061985355912, 36.9937590487836, -0.000038558660889975],
            [-122.061971647753, 36.9937603795457, -0.000038558660889975],
            [-122.061965512654, 36.993761150202, -0.000038558660889975],
            [-122.061954653315, 36.9937618696592, -0.000038558660889975],
            [-122.061950076348, 36.9937619309402, -0.000038558660889975],
            [-122.061935181748, 36.9937474408898, -0.000038558660889975],
            [-122.06191873506, 36.993734004387, -0.000038558660889975],
            [-122.06190710221, 36.9937249787643, -0.000038558660889975],
            [-122.061896063823, 36.9937170933033, -0.000038558660889975],
            [-122.061881398945, 36.9937067312469, -0.000038558660889975],
            [-122.061868764245, 36.9936977199348, -0.000038558660889975],
            [-122.061855544765, 36.9936881414882, -0.000038558660889975],
            [-122.061843244229, 36.9936814210422, -0.000038558660889975],
            [-122.06182994418, 36.993674827527, -0.000038558660889975],
            [-122.061817646029, 36.9936682214982, -0.000038558660889975],
            [-122.061805085334, 36.9936627662037, -0.000038558660889975],
            [-122.061795831157, 36.993658070507, -0.000038558660889975],
            [-122.061786612768, 36.993655094711, -0.000038558660889975],
            [-122.061777304279, 36.993654646169, -0.000038558660889975],
            [-122.061771891948, 36.9936558658472, -0.000038558660889975],
            [-122.061695959792, 36.9937333144772, -0.000038558660889975],
            [-122.061693057926, 36.9937382882654, -0.000038558660889975],
            [-122.06169161436, 36.9937445042042, -0.000038558660889975],
            [-122.061653737975, 36.9937460160717, -0.000038558660889975],
            [-122.061644010963, 36.9937464040229, -0.000038558660889975],
            [-122.06156570608, 36.9937511245803, -0.000038558660889975],
            [-122.061557203174, 36.9937481400902, -0.000038558660889975],
            [-122.061417084998, 36.9936975687517, -0.000038558660889975],
            [-122.061328765244, 36.9936678795053, -0.000038558660889975],
            [-122.061266996673, 36.993649081766, -0.000038558660889975],
            [-122.061238408992, 36.9936434452768, -0.000038558660889975],
            [-122.061221992492, 36.9936411218047, -0.000038558660889975],
            [-122.061205404727, 36.9936387744878, -0.000038558660889975],
            [-122.061197561417, 36.9936384405697, -0.000038558660889975],
            [-122.061149987721, 36.9936364177914, -0.000038558660889975],
            [-122.06111078815, 36.9936364827492, -0.000038558660889975],
            [-122.061057771209, 36.9936394875411, -0.000038558660889975],
            [-122.0609926399, 36.9936447199468, -0.000038558660889975],
            [-122.060843141493, 36.9936589999312, -0.000038558660889975],
            [-122.060796831862, 36.99360614084, -0.000038558660889975],
            [-122.060788080252, 36.9935981093281, -0.000038558660889975],
            [-122.060778697316, 36.9935872177602, -0.000038558660889975],
            [-122.060772355925, 36.9935781212322, -0.000038558660889975],
            [-122.060745075606, 36.9935409082038, -0.000038558660889975],
            [-122.060739939467, 36.9935328796863, -0.000038558660889975],
            [-122.0607366527, 36.9935261529849, -0.000038558660889975],
            [-122.060731908759, 36.9935181832049, -0.000038558660889975],
            [-122.060726384931, 36.9935071246508, -0.000038558660889975],
            [-122.06071951316, 36.9934960778215, -0.000038558660889975],
            [-122.06071301172, 36.9934900898489, -0.000038558660889975],
            [-122.060709832651, 36.9934884345294, -0.000038558660889975],
            [-122.060704469577, 36.9934852691881, -0.000038558660889975],
            [-122.060697410853, 36.993482953828, -0.000038558660889975],
            [-122.060775149327, 36.993451112772, -0.000038558660889975],
            [-122.060784531466, 36.9934408407003, -0.000038558660889975],
            [-122.060803801279, 36.9934321819528, -0.000038558660889975],
            [-122.060806922195, 36.9934308785252, -0.000038558660889975],
            [-122.060812319071, 36.9934289696848, -0.000038558660889975],
            [-122.060830590577, 36.9934201179158, -0.000038558660889975],
            [-122.060848887069, 36.9934124139314, -0.000038558660889975],
            [-122.060860944128, 36.9934074321232, -0.000038558660889975],
            [-122.060870165444, 36.9934036363771, -0.000038558660889975],
            [-122.06088910676, 36.9933957678521, -0.000038558660889975],
            [-122.061001460549, 36.9933327931359, -0.000038558660889975],
            [-122.06100309198, 36.9933286393292, -0.000038558660889975],
            [-122.061010304253, 36.9933177555243, -0.000038558660889975],
            [-122.061015625888, 36.9933121753137, -0.000038558660889975],
            [-122.061022518863, 36.9933065749778, -0.000038558660889975],
            [-122.061026300335, 36.9933026222054, -0.000038558660889975],
            [-122.061029957132, 36.9932995894184, -0.000038558660889975],
            [-122.061042888455, 36.9932885137309, -0.000038558660889975],
            [-122.061048056897, 36.9932855616493, -0.000038558660889975],
            [-122.061048700863, 36.9932851934556, -0.000038558660889975],
            [-122.061049106119, 36.993284961833, -0.000038558660889975],
            [-122.061049675694, 36.9932846360897, -0.000038558660889975],
            [-122.061124805451, 36.9932029530957, -0.000038558660889975],
            [-122.061131134917, 36.9932114757033, -0.000038558660889975],
            [-122.061132357886, 36.9932124236155, -0.000038558660889975],
            [-122.061140545955, 36.9932168578647, -0.000038558660889975],
            [-122.06114436652, 36.9932183504835, -0.000038558660889975],
            [-122.06114963354, 36.9932204086207, -0.000038558660889975],
            [-122.061152751085, 36.993220672406, -0.000038558660889975],
            [-122.061154909736, 36.9932208552991, -0.000038558660889975],
            [-122.061156656463, 36.9932210031509, -0.000038558660889975],
            [-122.0611632333, 36.9932198120758, -0.000038558660889975],
            [-122.06116621365, 36.9932183410949, -0.000038558660889975],
            [-122.061171820055, 36.9932140295527, -0.000038558660889975],
            [-122.061174161053, 36.9932096373444, -0.000038558660889975],
            [-122.061176372599, 36.993205935381, -0.000038558660889975],
            [-122.061177700912, 36.9932009826639, -0.000038558660889975],
            [-122.061177471835, 36.9931899686269, -0.000038558660889975],
            [-122.061179821246, 36.9931860350139, -0.000038558660889975],
            [-122.061184007902, 36.9931809295933, -0.000038558660889975],
            [-122.061191878851, 36.9931741680376, -0.000038558660889975],
            [-122.061198382042, 36.9931704086405, -0.000038558660889975],
            [-122.0612060536, 36.9931677808277, -0.000038558660889975],
            [-122.061221137835, 36.9931639065915, -0.000038558660889975],
            [-122.061235116868, 36.9931618837786, -0.000038558660889975],
            [-122.061248814251, 36.9931600936367, -0.000038558660889975],
            [-122.061260547205, 36.993160166418, -0.000038558660889975],
            [-122.06127373016, 36.9931611372082, -0.000038558660889975],
            [-122.061288705707, 36.9931657572749, -0.000038558660889975],
            [-122.061324973785, 36.9931760591775, -0.000038558660889975],
            [-122.061366400059, 36.9931867516406, -0.000038558660889975],
            [-122.061415870218, 36.9931989423549, -0.000038558660889975],
            [-122.061459789683, 36.9932194712977, -0.000038558660889975],
            [-122.061519844687, 36.9932452923465, -0.000038558660889975],
            [-122.061590983488, 36.9932675215336, -0.000038558660889975],
            [-122.061634993727, 36.9932786389229, -0.000038558660889975],
            [-122.061825987507, 36.9933402335952, -0.000038558660889975],
            [-122.06188721179, 36.9933604153493, -0.000038558660889975],
            [-122.061976921741, 36.9933881344704, -0.000038558660889975],
            [-122.062027338074, 36.9934114447175, -0.000038558660889975],
            [-122.062059177467, 36.9934289215264, -0.000038558660889975],
            [-122.062073933546, 36.9934367571913, -0.000038558660889975],
            [-122.062087987231, 36.9934451763206, -0.000038558660889975],
            [-122.062115990313, 36.993463967057, -0.000038558660889975],
            [-122.062158211849, 36.993499092598, -0.000038558660889975],
            [-122.062184849627, 36.9935209999083, -0.000038558660889975],
            [-122.062202059538, 36.9935367214957, -0.000038558660889975],
            [-122.062227939514, 36.9935634585335, -0.000038558660889975],
            [-122.062245279655, 36.9935854903385, -0.000038558660889975],
            [-122.062277800213, 36.9936287789981, -0.000038558660889975],
            [-122.062319574555, 36.9936836502406, -0.000038558660889975],
            [-122.06232061415, 36.9936923580805, -0.000038558660889975],
            [-122.062285741731, 36.9937053535007, -0.000038558660889975],
            [-122.062202967378, 36.9937246895367, -0.000038558660889975],
            [-122.062198947787, 36.9937240548508, -0.000038558660889975],
            [-122.062159223732, 36.993733308555, -0.000038558660889975],
            [-122.062114087354, 36.9937437828407, -0.000038558660889975],
            [-122.062092070798, 36.9937514223851, -0.000038558660889975],
            [-122.06199707734, 36.9937639619628, -0.000038558660889975],
            [-122.061996106168, 36.9937600520658, -0.000038558660889975]
          ]
        ]
      },
      "properties": {
        "OBJECTID": 18,
        "CODE": "PKG",
        "NAME": "Arts",
        "NUMBER": 126,
        "Location": "Performing Arts",
        "Permit_Type": "A, B, MC, N, Disability, Medical",
        "Handicapped": "Yes",
        "Meters": "No",
        "Comments": "Evening and Weekend Paystation: Flatrate.",
        "Paystations": "Yes",
        "Paystation_Limit": "2 hr.",
        "Meter_Limit": null,
        "Permit_Days": "All",
        "Permit_Period": "7:00am - 8:30pm",
        "NUM": "126",
        "GlobalID": "3ed107b2-7e8c-4d78-b7c7-aa999fd4d4f0"
      }
    },
    {
      "type": "Feature",
      "id": 19,
      "geometry": {
        "type": "Polygon",
        "coordinates": [
          [
            [-122.056743421472, 36.9957551706684, -0.000038558660889975],
            [-122.056690504698, 36.995731230024, -0.000038558660889975],
            [-122.05669391669, 36.9957271056924, -0.000038558660889975],
            [-122.056694874054, 36.99572581142, -0.000038558660889975],
            [-122.056695638752, 36.9957244368087, -0.000038558660889975],
            [-122.056696197662, 36.995722999156, -0.000038558660889975],
            [-122.056696544493, 36.9957215201748, -0.000038558660889975],
            [-122.056696674001, 36.9957200179589, -0.000038558660889975],
            [-122.05669658439, 36.9957185141608, -0.000038558660889975],
            [-122.056696278335, 36.9957170294723, -0.000038558660889975],
            [-122.056695758475, 36.9957155827834, -0.000038558660889975],
            [-122.056695031979, 36.9957141947257, -0.000038558660889975],
            [-122.056694109349, 36.9957128840842, -0.000038558660889975],
            [-122.056693002172, 36.9957116678269, -0.000038558660889975],
            [-122.056691726545, 36.9957105637631, -0.000038558660889975],
            [-122.056690299618, 36.9957095860829, -0.000038558660889975],
            [-122.056688739659, 36.9957087489617, -0.000038558660889975],
            [-122.056643912837, 36.9956812586887, -0.000038558660889975],
            [-122.056651526671, 36.9956704644306, -0.000038558660889975],
            [-122.05665932654, 36.9956597560065, -0.000038558660889975],
            [-122.056667312501, 36.9956491361194, -0.000038558660889975],
            [-122.056675480079, 36.9956386057301, -0.000038558660889975],
            [-122.056683830454, 36.9956281675265, -0.000038558660889975],
            [-122.056692360293, 36.9956178233552, -0.000038558660889975],
            [-122.05670106851, 36.9956075750333, -0.000038558660889975],
            [-122.056709952916, 36.9955974252933, -0.000038558660889975],
            [-122.056719012405, 36.9955873750513, -0.000038558660889975],
            [-122.05672824591, 36.9955774270251, -0.000038558660889975],
            [-122.0567376501, 36.9955675830613, -0.000038558660889975],
            [-122.056747225011, 36.9955578449619, -0.000038558660889975],
            [-122.056756966187, 36.9955482145887, -0.000038558660889975],
            [-122.056766874772, 36.9955386928276, -0.000038558660889975],
            [-122.056776946345, 36.9955292833423, -0.000038558660889975],
            [-122.056787179804, 36.9955199870486, -0.000038558660889975],
            [-122.056797574044, 36.9955108048625, -0.000038558660889975],
            [-122.056808125769, 36.9955017404326, -0.000038558660889975],
            [-122.056818833857, 36.9954927937739, -0.000038558660889975],
            [-122.056851074372, 36.9955133766693, -0.000038558660889975],
            [-122.05685258382, 36.9955147578823, -0.000038558660889975],
            [-122.056854255821, 36.9955160134625, -0.000038558660889975],
            [-122.056856074386, 36.9955171310065, -0.000038558660889975],
            [-122.056858021302, 36.9955180990419, -0.000038558660889975],
            [-122.056860078411, 36.9955189087989, -0.000038558660889975],
            [-122.056862224185, 36.995519551553, -0.000038558660889975],
            [-122.056864438293, 36.9955200221682, -0.000038558660889975],
            [-122.056866699265, 36.9955203146228, -0.000038558660889975],
            [-122.056868985721, 36.9955204273998, -0.000038558660889975],
            [-122.05687127516, 36.9955203589968, -0.000038558660889975],
            [-122.056873545119, 36.9955201097138, -0.000038558660889975],
            [-122.056875772065, 36.9955196825684, -0.000038558660889975],
            [-122.05687793696, 36.9955190805182, -0.000038558660889975],
            [-122.056880017489, 36.9955183110706, -0.000038558660889975],
            [-122.056881992442, 36.995517380817, -0.000038558660889975],
            [-122.056883844035, 36.9955162990066, -0.000038558660889975],
            [-122.056885553379, 36.9955150758047, -0.000038558660889975],
            [-122.056887103869, 36.9955137231484, -0.000038558660889975],
            [-122.056888481182, 36.9955122547468, -0.000038558660889975],
            [-122.056889671017, 36.9955106852098, -0.000038558660889975],
            [-122.056890662421, 36.9955090282016, -0.000038558660889975],
            [-122.056891445659, 36.9955073018758, -0.000038558660889975],
            [-122.056892012064, 36.9955055216685, -0.000038558660889975],
            [-122.056892357498, 36.9955037047576, -0.000038558660889975],
            [-122.05689247786, 36.9955018701229, -0.000038558660889975],
            [-122.056892372383, 36.9955000348973, -0.000038558660889975],
            [-122.05689204142, 36.9954982161987, -0.000038558660889975],
            [-122.056891489858, 36.9954964328872, -0.000038558660889975],
            [-122.056890720299, 36.9954947020505, -0.000038558660889975],
            [-122.056889743205, 36.9954930406717, -0.000038558660889975],
            [-122.056888565653, 36.995491464878, -0.000038558660889975],
            [-122.056887200296, 36.9954899889195, -0.000038558660889975],
            [-122.056885660951, 36.9954886288334, -0.000038558660889975],
            [-122.056855149719, 36.9954642090177, -0.000038558660889975],
            [-122.05686675255, 36.9954556081882, -0.000038558660889975],
            [-122.056878506444, 36.9954471405206, -0.000038558660889975],
            [-122.056890409193, 36.9954388078467, -0.000038558660889975],
            [-122.056902457446, 36.9954306111125, -0.000038558660889975],
            [-122.056914650117, 36.9954225521347, -0.000038558660889975],
            [-122.056926983894, 36.9954146336611, -0.000038558660889975],
            [-122.056971810659, 36.9954421238248, -0.000038558660889975],
            [-122.056973559778, 36.9954430890908, -0.000038558660889975],
            [-122.056975420512, 36.9954439104786, -0.000038558660889975],
            [-122.056977373578, 36.9954445792334, -0.000038558660889975],
            [-122.056979399734, 36.9954450884027, -0.000038558660889975],
            [-122.056981479772, 36.9954454328355, -0.000038558660889975],
            [-122.056983592276, 36.9954456092129, -0.000038558660889975],
            [-122.056985715869, 36.9954456160178, -0.000038558660889975],
            [-122.056987829209, 36.995445453535, -0.000038558660889975],
            [-122.056989912097, 36.9954451229353, -0.000038558660889975],
            [-122.056991944372, 36.9954446271915, -0.000038558660889975],
            [-122.056993904804, 36.9954439719938, -0.000038558660889975],
            [-122.056995773289, 36.9954431630179, -0.000038558660889975],
            [-122.056997532022, 36.9954422086122, -0.000038558660889975],
            [-122.056999164343, 36.9954411180109, -0.000038558660889975],
            [-122.057000652524, 36.9954399031662, -0.000038558660889975],
            [-122.057001982186, 36.9954385750842, -0.000038558660889975],
            [-122.057003141255, 36.995437147444, -0.000038558660889975],
            [-122.057057087882, 36.9953704086812, -0.000038558660889975],
            [-122.057058422626, 36.9953681883487, -0.000038558660889975],
            [-122.057059557049, 36.9953658976931, -0.000038558660889975],
            [-122.057060485759, 36.9953635476008, -0.000038558660889975],
            [-122.057061203401, 36.9953611507598, -0.000038558660889975],
            [-122.057061705707, 36.9953587180416, -0.000038558660889975],
            [-122.057061991852, 36.9953562638761, -0.000038558660889975],
            [-122.057062058692, 36.9953537991197, -0.000038558660889975],
            [-122.057061906487, 36.9953513363857, -0.000038558660889975],
            [-122.057061535519, 36.9953488891883, -0.000038558660889975],
            [-122.0570609494, 36.9953464691946, -0.000038558660889975],
            [-122.057060148391, 36.9953440890179, -0.000038558660889975],
            [-122.057059139494, 36.9953417611815, -0.000038558660889975],
            [-122.057057925161, 36.9953394955659, -0.000038558660889975],
            [-122.057056513552, 36.9953373064811, -0.000038558660889975],
            [-122.057054911595, 36.9953352028466, -0.000038558660889975],
            [-122.057053125147, 36.9953331962999, -0.000038558660889975],
            [-122.057051166771, 36.9953312965863, -0.000038558660889975],
            [-122.057049043411, 36.9953295135263, -0.000038558660889975],
            [-122.05704676875, 36.9953278568503, -0.000038558660889975],
            [-122.057044350802, 36.995326333661, -0.000038558660889975],
            [-122.05704185997, 36.9953249799677, -0.000038558660889975],
            [-122.057039256382, 36.9953237692667, -0.000038558660889975],
            [-122.057036554771, 36.9953227076697, -0.000038558660889975],
            [-122.057033766443, 36.9953217986306, -0.000038558660889975],
            [-122.057030907273, 36.9953210491471, -0.000038558660889975],
            [-122.057027988512, 36.9953204599702, -0.000038558660889975],
            [-122.057025025995, 36.9953200362957, -0.000038558660889975],
            [-122.057022034364, 36.9953197797305, -0.000038558660889975],
            [-122.057019027095, 36.9953196900948, -0.000038558660889975],
            [-122.05701601997, 36.9953197698817, -0.000038558660889975],
            [-122.057013026431, 36.9953200171092, -0.000038558660889975],
            [-122.057010062182, 36.9953204306666, -0.000038558660889975],
            [-122.057007141826, 36.9953210103589, -0.000038558660889975],
            [-122.056990234513, 36.9953223886349, -0.000038558660889975],
            [-122.056986190759, 36.9953118706974, -0.000038558660889975],
            [-122.05698236388, 36.9953013002998, -0.000038558660889975],
            [-122.056978755093, 36.9952906819316, -0.000038558660889975],
            [-122.056975363293, 36.9952800165089, -0.000038558660889975],
            [-122.05697219082, 36.9952693085064, -0.000038558660889975],
            [-122.056969237712, 36.9952585597261, -0.000038558660889975],
            [-122.056966506289, 36.9952477737418, -0.000038558660889975],
            [-122.056963995484, 36.9952369532713, -0.000038558660889975],
            [-122.056961707599, 36.9952261009875, -0.000038558660889975],
            [-122.056959641568, 36.9952152196081, -0.000038558660889975],
            [-122.056957799711, 36.9952043127071, -0.000038558660889975],
            [-122.056956180961, 36.9951933830023, -0.000038558660889975],
            [-122.056954787621, 36.9951824331664, -0.000038558660889975],
            [-122.056953617518, 36.9951714668333, -0.000038558660889975],
            [-122.056952672956, 36.995160486676, -0.000038558660889975],
            [-122.05695195399, 36.995149495397, -0.000038558660889975],
            [-122.056951459552, 36.9951384957144, -0.000038558660889975],
            [-122.05695119086, 36.9951274921178, -0.000038558660889975],
            [-122.056951147932, 36.9951164855083, -0.000038558660889975],
            [-122.056951330843, 36.9951054794895, -0.000038558660889975],
            [-122.056951738562, 36.9950944785811, -0.000038558660889975],
            [-122.056952372232, 36.9950834836692, -0.000038558660889975],
            [-122.056953231927, 36.9950724983576, -0.000038558660889975],
            [-122.056954315476, 36.9950615262799, -0.000038558660889975],
            [-122.056955624057, 36.9950505701239, -0.000038558660889975],
            [-122.056957157727, 36.9950396325926, -0.000038558660889975],
            [-122.056958914295, 36.9950287164187, -0.000038558660889975],
            [-122.056960894958, 36.9950178251911, -0.000038558660889975],
            [-122.056963098651, 36.9950069616275, -0.000038558660889975],
            [-122.056965524306, 36.9949961284457, -0.000038558660889975],
            [-122.056968171996, 36.9949853292495, -0.000038558660889975],
            [-122.056971040637, 36.9949745658557, -0.000038558660889975],
            [-122.056974130303, 36.9949638418682, -0.000038558660889975],
            [-122.05697743768, 36.9949531600346, -0.000038558660889975],
            [-122.056980965071, 36.994942523028, -0.000038558660889975],
            [-122.056984709181, 36.9949319344969, -0.000038558660889975],
            [-122.056988670047, 36.9949213962432, -0.000038558660889975],
            [-122.057011529273, 36.994869250878, -0.000038558660889975],
            [-122.057032666101, 36.994823061957, -0.000038558660889975],
            [-122.057080860438, 36.9948302230551, -0.000038558660889975],
            [-122.057098516695, 36.9948066239428, -0.000038558660889975],
            [-122.057074225511, 36.9947927156036, -0.000038558660889975],
            [-122.057049589491, 36.9947839018051, -0.000038558660889975],
            [-122.057038036541, 36.9947275790779, -0.000038558660889975],
            [-122.057030220793, 36.9946894736715, -0.000038558660889975],
            [-122.057045343174, 36.9946867638152, -0.000038558660889975],
            [-122.057050282715, 36.9946855470637, -0.000038558660889975],
            [-122.057055159513, 36.994684176144, -0.000038558660889975],
            [-122.057059965741, 36.994682652963, -0.000038558660889975],
            [-122.057064693575, 36.9946809794276, -0.000038558660889975],
            [-122.057069336351, 36.9946791592315, -0.000038558660889975],
            [-122.057073887384, 36.9946771951674, -0.000038558660889975],
            [-122.057078338851, 36.9946750891422, -0.000038558660889975],
            [-122.057082682982, 36.9946728457657, -0.000038558660889975],
            [-122.057086915322, 36.9946704668995, -0.000038558660889975],
            [-122.057091029244, 36.9946679580395, -0.000038558660889975],
            [-122.057095015799, 36.9946653211073, -0.000038558660889975],
            [-122.057098871731, 36.9946625615538, -0.000038558660889975],
            [-122.057102590374, 36.9946596830725, -0.000038558660889975],
            [-122.057103157482, 36.9946583705744, -0.000038558660889975],
            [-122.057103527059, 36.9946570138507, -0.000038558660889975],
            [-122.057103691616, 36.9946556310252, -0.000038558660889975],
            [-122.057103649336, 36.9946542428497, -0.000038558660889975],
            [-122.057103386068, 36.9946528711417, -0.000038558660889975],
            [-122.057102934719, 36.9946515316835, -0.000038558660889975],
            [-122.057102288961, 36.9946502443857, -0.000038558660889975],
            [-122.057101457032, 36.9946490271623, -0.000038558660889975],
            [-122.057100463884, 36.9946478913959, -0.000038558660889975],
            [-122.057099294409, 36.9946468670273, -0.000038558660889975],
            [-122.057097982472, 36.9946459617155, -0.000038558660889975],
            [-122.057096544039, 36.9946451869627, -0.000038558660889975],
            [-122.057095001856, 36.9946445559833, -0.000038558660889975],
            [-122.057085063906, 36.994640847738, -0.000038558660889975],
            [-122.057075035965, 36.9946372965996, -0.000038558660889975],
            [-122.057064921496, 36.9946339070277, -0.000038558660889975],
            [-122.057054726096, 36.9946306780464, -0.000038558660889975],
            [-122.057044453191, 36.9946276123136, -0.000038558660889975],
            [-122.057039759963, 36.9946262961262, -0.000038558660889975],
            [-122.057034106151, 36.9946247097843, -0.000038558660889975],
            [-122.057023689523, 36.9946219731014, -0.000038558660889975],
            [-122.057013207801, 36.9946194022047, -0.000038558660889975],
            [-122.057002664373, 36.9946169979503, -0.000038558660889975],
            [-122.05699206377, 36.9946147620802, -0.000038558660889975],
            [-122.056981409379, 36.9946126954502, -0.000038558660889975],
            [-122.056904252444, 36.9945467169066, -0.000038558660889975],
            [-122.056888203052, 36.9944912994947, -0.000038558660889975],
            [-122.056902543728, 36.9944248505354, -0.000038558660889975],
            [-122.057027797476, 36.9942549953788, -0.000038558660889975],
            [-122.057078067537, 36.9942720608268, -0.000038558660889975],
            [-122.057085280493, 36.9942682732644, -0.000038558660889975],
            [-122.057092672328, 36.9942647140196, -0.000038558660889975],
            [-122.057100230742, 36.9942613859601, -0.000038558660889975],
            [-122.057107944672, 36.9942582973444, -0.000038558660889975],
            [-122.057115801799, 36.9942554501392, -0.000038558660889975],
            [-122.057123791006, 36.9942528499, -0.000038558660889975],
            [-122.05713190001, 36.9942505003957, -0.000038558660889975],
            [-122.057140116551, 36.9942484062955, -0.000038558660889975],
            [-122.057148428292, 36.9942465686656, -0.000038558660889975],
            [-122.057156822953, 36.9942449912746, -0.000038558660889975],
            [-122.057165288216, 36.9942436760891, -0.000038558660889975],
            [-122.057173809536, 36.994242626007, -0.000038558660889975],
            [-122.0571823757, 36.994241842079, -0.000038558660889975],
            [-122.057190973249, 36.9942413253862, -0.000038558660889975],
            [-122.057199589827, 36.9942410760932, -0.000038558660889975],
            [-122.05720821087, 36.994241096197, -0.000038558660889975],
            [-122.057216825109, 36.9942413840456, -0.000038558660889975],
            [-122.057225419085, 36.9942419407198, -0.000038558660889975],
            [-122.057233979264, 36.9942427636967, -0.000038558660889975],
            [-122.057242493289, 36.9942438531413, -0.000038558660889975],
            [-122.05725094877, 36.9942452074166, -0.000038558660889975],
            [-122.057259332153, 36.9942468230987, -0.000038558660889975],
            [-122.057267629922, 36.9942486985657, -0.000038558660889975],
            [-122.057275831913, 36.9942508312497, -0.000038558660889975],
            [-122.057283924573, 36.9942532177269, -0.000038558660889975],
            [-122.057291894349, 36.9942558545734, -0.000038558660889975],
            [-122.057299731038, 36.9942587374195, -0.000038558660889975],
            [-122.057307423334, 36.9942618628114, -0.000038558660889975],
            [-122.057314957629, 36.9942652246224, -0.000038558660889975],
            [-122.057322323719, 36.9942688184828, -0.000038558660889975],
            [-122.057329510261, 36.9942726391369, -0.000038558660889975],
            [-122.057336507015, 36.9942766804129, -0.000038558660889975],
            [-122.057343301515, 36.9942809370704, -0.000038558660889975],
            [-122.057349885747, 36.9942854020066, -0.000038558660889975],
            [-122.057356249455, 36.994290068149, -0.000038558660889975],
            [-122.057362382398, 36.9942949293259, -0.000038558660889975],
            [-122.057368275422, 36.994299977549, -0.000038558660889975],
            [-122.057373919394, 36.9943052057305, -0.000038558660889975],
            [-122.057379154078, 36.9943090641536, -0.000038558660889975],
            [-122.057384394575, 36.9943132568419, -0.000038558660889975],
            [-122.057387258997, 36.994315668949, -0.000038558660889975],
            [-122.057391388934, 36.9943194024346, -0.000038558660889975],
            [-122.057395350484, 36.9943232508173, -0.000038558660889975],
            [-122.057399139059, 36.9943272096523, -0.000038558660889975],
            [-122.057402751179, 36.994331273579, -0.000038558660889975],
            [-122.057406181114, 36.9943354372667, -0.000038558660889975],
            [-122.057409425402, 36.9943396962556, -0.000038558660889975],
            [-122.057412478314, 36.9943440452152, -0.000038558660889975],
            [-122.057415338597, 36.9943484778537, -0.000038558660889975],
            [-122.057418000523, 36.9943529888405, -0.000038558660889975],
            [-122.057420460609, 36.9943575728148, -0.000038558660889975],
            [-122.057422717602, 36.9943622234853, -0.000038558660889975],
            [-122.057424768038, 36.9943669363921, -0.000038558660889975],
            [-122.05742660838, 36.9943717034717, -0.000038558660889975],
            [-122.057428236288, 36.9943765202493, -0.000038558660889975],
            [-122.057429651631, 36.9943813804184, -0.000038558660889975],
            [-122.057430849784, 36.9943862777324, -0.000038558660889975],
            [-122.05743183176, 36.9943912067705, -0.000038558660889975],
            [-122.057432595144, 36.9943961594544, -0.000038558660889975],
            [-122.057433139841, 36.9944011312791, -0.000038558660889975],
            [-122.057433463476, 36.9944061159683, -0.000038558660889975],
            [-122.057433567001, 36.9944111053984, -0.000038558660889975],
            [-122.057433450344, 36.9944160959655, -0.000038558660889975],
            [-122.057433113335, 36.9944210795612, -0.000038558660889975],
            [-122.057432555844, 36.9944260498789, -0.000038558660889975],
            [-122.0574317789, 36.9944310023988, -0.000038558660889975],
            [-122.057430784582, 36.9944359289825, -0.000038558660889975],
            [-122.057429571653, 36.9944408242393, -0.000038558660889975],
            [-122.057358059653, 36.9945766407807, -0.000038558660889975],
            [-122.057302145503, 36.9945654022121, -0.000038558660889975],
            [-122.05729766288, 36.9945650853513, -0.000038558660889975],
            [-122.057295368358, 36.9945652322347, -0.000038558660889975],
            [-122.057293103425, 36.9945655598631, -0.000038558660889975],
            [-122.057290889331, 36.9945660634468, -0.000038558660889975],
            [-122.057288747359, 36.9945667399981, -0.000038558660889975],
            [-122.057286698682, 36.9945675811238, -0.000038558660889975],
            [-122.057284763386, 36.9945685802471, -0.000038558660889975],
            [-122.057282959238, 36.994569727218, -0.000038558660889975],
            [-122.057281305106, 36.9945710109702, -0.000038558660889975],
            [-122.057279815332, 36.9945724186956, -0.000038558660889975],
            [-122.057278506482, 36.994573936655, -0.000038558660889975],
            [-122.057277388366, 36.9945755502985, -0.000038558660889975],
            [-122.057276474164, 36.9945772450311, -0.000038558660889975],
            [-122.057275772487, 36.9945790027138, -0.000038558660889975],
            [-122.057275288633, 36.9945808079558, -0.000038558660889975],
            [-122.057275028968, 36.994582642648, -0.000038558660889975],
            [-122.057274994241, 36.9945844887568, -0.000038558660889975],
            [-122.057275186326, 36.9945863282331, -0.000038558660889975],
            [-122.057275603742, 36.9945881439741, -0.000038558660889975],
            [-122.057276240501, 36.9945899180358, -0.000038558660889975],
            [-122.057277091755, 36.9945916333602, -0.000038558660889975],
            [-122.057278149285, 36.9945932729343, -0.000038558660889975],
            [-122.057279402667, 36.9945948215771, -0.000038558660889975],
            [-122.057280839226, 36.9945962641374, -0.000038558660889975],
            [-122.057283919255, 36.9945973711438, -0.000038558660889975],
            [-122.057342245096, 36.994607935877, -0.000038558660889975],
            [-122.057300728415, 36.9947329314548, -0.000038558660889975],
            [-122.057259349277, 36.9947415810422, -0.000038558660889975],
            [-122.057257008554, 36.9947421548062, -0.000038558660889975],
            [-122.057254744426, 36.994742900577, -0.000038558660889975],
            [-122.057252576983, 36.9947438117781, -0.000038558660889975],
            [-122.057250524044, 36.9947448809619, -0.000038558660889975],
            [-122.057248604517, 36.9947460988643, -0.000038558660889975],
            [-122.057246833903, 36.9947474544639, -0.000038558660889975],
            [-122.057245227684, 36.9947489358387, -0.000038558660889975],
            [-122.057243801342, 36.9947505310663, -0.000038558660889975],
            [-122.057242564666, 36.9947522246959, -0.000038558660889975],
            [-122.057241530894, 36.9947540048353, -0.000038558660889975],
            [-122.057240707513, 36.9947558533606, -0.000038558660889975],
            [-122.057240102068, 36.9947577548508, -0.000038558660889975],
            [-122.057239719858, 36.9947596939149, -0.000038558660889975],
            [-122.057239562773, 36.9947616534049, -0.000038558660889975],
            [-122.057239634951, 36.9947636161431, -0.000038558660889975],
            [-122.057239933773, 36.9947655641404, -0.000038558660889975],
            [-122.057240456673, 36.9947674821107, -0.000038558660889975],
            [-122.057241201051, 36.9947693529663, -0.000038558660889975],
            [-122.057242157565, 36.9947711597089, -0.000038558660889975],
            [-122.057243320282, 36.9947728870975, -0.000038558660889975],
            [-122.057244677671, 36.994774520867, -0.000038558660889975],
            [-122.057246218183, 36.9947760458512, -0.000038558660889975],
            [-122.0572479292, 36.9947774496017, -0.000038558660889975],
            [-122.057249795858, 36.9947787197004, -0.000038558660889975],
            [-122.057251802191, 36.9947798446447, -0.000038558660889975],
            [-122.057253928917, 36.9947808156802, -0.000038558660889975],
            [-122.057256160106, 36.9947816231063, -0.000038558660889975],
            [-122.057258474304, 36.9947822618022, -0.000038558660889975],
            [-122.05726085225, 36.9947827239143, -0.000038558660889975],
            [-122.057263274792, 36.9947830069947, -0.000038558660889975],
            [-122.057265718287, 36.9947831086553, -0.000038558660889975],
            [-122.057268164727, 36.9947830273343, -0.000038558660889975],
            [-122.05727058942, 36.9947827642622, -0.000038558660889975],
            [-122.057272974433, 36.994782321481, -0.000038558660889975],
            [-122.057275296233, 36.9947817020083, -0.000038558660889975],
            [-122.057277536981, 36.9947809123908, -0.000038558660889975],
            [-122.057279676591, 36.9947799592047, -0.000038558660889975],
            [-122.057281697258, 36.9947788507985, -0.000038558660889975],
            [-122.057283578953, 36.9947775964517, -0.000038558660889975],
            [-122.057326307528, 36.9947218937272, -0.000038558660889975],
            [-122.057417655849, 36.9947482796426, -0.000038558660889975],
            [-122.057412782206, 36.9948101233544, -0.000038558660889975],
            [-122.057413457596, 36.9948129467907, -0.000038558660889975],
            [-122.057414341191, 36.9948157332021, -0.000038558660889975],
            [-122.05741543052, 36.9948184718073, -0.000038558660889975],
            [-122.057416720903, 36.9948211536567, -0.000038558660889975],
            [-122.057418207642, 36.9948237689, -0.000038558660889975],
            [-122.05741988718, 36.9948263085728, -0.000038558660889975],
            [-122.057421751469, 36.9948287637705, -0.000038558660889975],
            [-122.057423794685, 36.9948311246577, -0.000038558660889975],
            [-122.05742600996, 36.9948333850177, -0.000038558660889975],
            [-122.057428389207, 36.9948355341442, -0.000038558660889975],
            [-122.057430924451, 36.9948375667364, -0.000038558660889975],
            [-122.057433605415, 36.9948394748209, -0.000038558660889975],
            [-122.057436422945, 36.9948412504089, -0.000038558660889975],
            [-122.057439367963, 36.9948428891159, -0.000038558660889975],
            [-122.057442429086, 36.9948443838841, -0.000038558660889975],
            [-122.057445596093, 36.9948457294429, -0.000038558660889975],
            [-122.05744885766, 36.9948469214374, -0.000038558660889975],
            [-122.057452201338, 36.9948479555278, -0.000038558660889975],
            [-122.057455615819, 36.9948488282604, -0.000038558660889975],
            [-122.057459089778, 36.9948495352804, -0.000038558660889975],
            [-122.057462609718, 36.9948500758666, -0.000038558660889975],
            [-122.057466163228, 36.9948504474814, -0.000038558660889975],
            [-122.057469737916, 36.9948506484876, -0.000038558660889975],
            [-122.05747332253, 36.9948506781344, -0.000038558660889975],
            [-122.057516837856, 36.9948501674729, -0.000038558660889975],
            [-122.057517379734, 36.994854515709, -0.000038558660889975],
            [-122.057517735367, 36.9948588763447, -0.000038558660889975],
            [-122.057517903519, 36.9948632439894, -0.000038558660889975],
            [-122.05751788522, 36.9948676141234, -0.000038558660889975],
            [-122.057517680339, 36.99487198044, -0.000038558660889975],
            [-122.057517288802, 36.9948763393355, -0.000038558660889975],
            [-122.057516710476, 36.9948806845033, -0.000038558660889975],
            [-122.057515946374, 36.9948850105227, -0.000038558660889975],
            [-122.057514998666, 36.9948893137599, -0.000038558660889975],
            [-122.057513866099, 36.9948935879233, -0.000038558660889975],
            [-122.057510924579, 36.9949046794378, -0.000038558660889975],
            [-122.057510506837, 36.9949062053292, -0.000038558660889975],
            [-122.05750733397, 36.994917409878, -0.000038558660889975],
            [-122.057505993135, 36.9949219346502, -0.000038558660889975],
            [-122.057503779382, 36.9949292773945, -0.000038558660889975],
            [-122.057502265509, 36.9949341262031, -0.000038558660889975],
            [-122.057500023498, 36.9949411358828, -0.000038558660889975],
            [-122.057498401476, 36.9949460789581, -0.000038558660889975],
            [-122.057494954873, 36.994956274219, -0.000038558660889975],
            [-122.057490532837, 36.994968678712, -0.000038558660889975],
            [-122.057485899678, 36.9949810337543, -0.000038558660889975],
            [-122.057481055318, 36.9949933357419, -0.000038558660889975],
            [-122.057476003129, 36.9950055846299, -0.000038558660889975],
            [-122.057470740771, 36.9950177759435, -0.000038558660889975],
            [-122.057465271593, 36.9950299087368, -0.000038558660889975],
            [-122.057391335331, 36.9950291456649, -0.000038558660889975],
            [-122.057389572208, 36.9950296170954, -0.000038558660889975],
            [-122.057387887687, 36.9950302487903, -0.000038558660889975],
            [-122.057386306308, 36.9950310323112, -0.000038558660889975],
            [-122.057384849188, 36.9950319565619, -0.000038558660889975],
            [-122.057383532933, 36.9950330096053, -0.000038558660889975],
            [-122.057382378603, 36.9950341776422, -0.000038558660889975],
            [-122.057381399339, 36.9950354442758, -0.000038558660889975],
            [-122.057380608303, 36.99503679401, -0.000038558660889975],
            [-122.057380017457, 36.9950382077601, -0.000038558660889975],
            [-122.057379634271, 36.9950396665014, -0.000038558660889975],
            [-122.057379462826, 36.995041150353, -0.000038558660889975],
            [-122.057379506118, 36.9950426412511, -0.000038558660889975],
            [-122.057379764823, 36.995044117558, -0.000038558660889975],
            [-122.05738023293, 36.9950455604289, -0.000038558660889975],
            [-122.057380905537, 36.995046950103, -0.000038558660889975],
            [-122.057381774388, 36.9950482677653, -0.000038558660889975],
            [-122.057382826773, 36.9950494964629, -0.000038558660889975],
            [-122.057384048877, 36.9950506201588, -0.000038558660889975],
            [-122.057385424639, 36.9950516228457, -0.000038558660889975],
            [-122.057386934684, 36.9950524912645, -0.000038558660889975],
            [-122.057388559673, 36.9950532139577, -0.000038558660889975],
            [-122.057452262042, 36.9950680632381, -0.000038558660889975],
            [-122.057406911456, 36.9952326219887, -0.000038558660889975],
            [-122.0573274779, 36.9952189298344, -0.000038558660889975],
            [-122.057325686223, 36.9952188374976, -0.000038558660889975],
            [-122.057323894822, 36.9952189208899, -0.000038558660889975],
            [-122.057322128406, 36.9952191796814, -0.000038558660889975],
            [-122.057320416105, 36.9952196098786, -0.000038558660889975],
            [-122.057318781357, 36.9952202039591, -0.000038558660889975],
            [-122.05731724874, 36.9952209552863, -0.000038558660889975],
            [-122.057315843827, 36.9952218509022, -0.000038558660889975],
            [-122.057314585451, 36.9952228779387, -0.000038558660889975],
            [-122.057313492369, 36.9952240199239, -0.000038558660889975],
            [-122.057312583359, 36.9952252612868, -0.000038558660889975],
            [-122.05731186926, 36.9952265829576, -0.000038558660889975],
            [-122.05731167537, 36.9952280139383, -0.000038558660889975],
            [-122.057311701871, 36.9952294536925, -0.000038558660889975],
            [-122.057311947191, 36.9952308806127, -0.000038558660889975],
            [-122.057312408599, 36.995232271304, -0.000038558660889975],
            [-122.057313077857, 36.9952336078527, -0.000038558660889975],
            [-122.057313946636, 36.9952348678401, -0.000038558660889975],
            [-122.057315001065, 36.9952360325264, -0.000038558660889975],
            [-122.057316225082, 36.9952370859042, -0.000038558660889975],
            [-122.057317601485, 36.9952380110807, -0.000038558660889975],
            [-122.05731910751, 36.9952387939407, -0.000038558660889975],
            [-122.057320721593, 36.9952394239575, -0.000038558660889975],
            [-122.057398210315, 36.9952590160622, -0.000038558660889975],
            [-122.057343999619, 36.9954042525092, -0.000038558660889975],
            [-122.057324107915, 36.9954233773321, -0.000038558660889975],
            [-122.057308360601, 36.9954362078627, -0.000038558660889975],
            [-122.057301332811, 36.9954413979275, -0.000038558660889975],
            [-122.057285237994, 36.995452209012, -0.000038558660889975],
            [-122.057274068024, 36.9954589269186, -0.000038558660889975],
            [-122.057260941185, 36.9954660927042, -0.000038558660889975],
            [-122.057252205427, 36.9954704602447, -0.000038558660889975],
            [-122.057240770514, 36.9954757262564, -0.000038558660889975],
            [-122.057230661766, 36.9954799832517, -0.000038558660889975],
            [-122.057218471736, 36.9954846483311, -0.000038558660889975],
            [-122.057205604324, 36.9954890475867, -0.000038558660889975],
            [-122.057193082673, 36.9954928375246, -0.000038558660889975],
            [-122.057175279157, 36.9954975928476, -0.000038558660889975],
            [-122.057160388826, 36.995501910055, -0.000038558660889975],
            [-122.057152280829, 36.9955042604475, -0.000038558660889975],
            [-122.057139936797, 36.9955078389319, -0.000038558660889975],
            [-122.057125709817, 36.995511962536, -0.000038558660889975],
            [-122.057115272166, 36.9955149883742, -0.000038558660889975],
            [-122.057106609128, 36.9955175002759, -0.000038558660889975],
            [-122.057093215292, 36.9955213829515, -0.000038558660889975],
            [-122.057083791622, 36.9955258984448, -0.000038558660889975],
            [-122.057082897131, 36.9955243738477, -0.000038558660889975],
            [-122.057073830911, 36.9955270019751, -0.000038558660889975],
            [-122.057070825131, 36.9955274719622, -0.000038558660889975],
            [-122.057066134529, 36.9955248769458, -0.000038558660889975],
            [-122.057038578243, 36.9954986234608, -0.000038558660889975],
            [-122.057027810881, 36.9954943666374, -0.000038558660889975],
            [-122.057017418275, 36.9954950685876, -0.000038558660889975],
            [-122.057009797755, 36.9954988210302, -0.000038558660889975],
            [-122.05700420023, 36.9955062341587, -0.000038558660889975],
            [-122.057003367438, 36.9955113126869, -0.000038558660889975],
            [-122.057005890621, 36.9955186669998, -0.000038558660889975],
            [-122.057018160947, 36.995528487564, -0.000038558660889975],
            [-122.057037102282, 36.9955436478846, -0.000038558660889975],
            [-122.057043416715, 36.9955487508811, -0.000038558660889975],
            [-122.05700115313, 36.9955822184398, -0.000038558660889975],
            [-122.056987565995, 36.9955929779904, -0.000038558660889975],
            [-122.056965657006, 36.9956112699343, -0.000038558660889975],
            [-122.056953971085, 36.9956219320119, -0.000038558660889975],
            [-122.056943184685, 36.9956320323552, -0.000038558660889975],
            [-122.056941497809, 36.9956336346607, -0.000038558660889975],
            [-122.056926303311, 36.9956483682918, -0.000038558660889975],
            [-122.056915301008, 36.9956593808185, -0.000038558660889975],
            [-122.056888171469, 36.9956878799486, -0.000038558660889975],
            [-122.05686974945, 36.99570842789, -0.000038558660889975],
            [-122.056858829007, 36.9957211128358, -0.000038558660889975],
            [-122.056843344597, 36.9957398002577, -0.000038558660889975],
            [-122.056820700833, 36.9957687676091, -0.000038558660889975],
            [-122.056811129606, 36.9957816634488, -0.000038558660889975],
            [-122.056809645469, 36.9957851321231, -0.000038558660889975],
            [-122.056743421472, 36.9957551706684, -0.000038558660889975]
          ],
          [
            [-122.057269042114, 36.9952238833125, -0.000038558660889975],
            [-122.057272580747, 36.995219204841, -0.000038558660889975],
            [-122.057275926491, 36.9952144352199, -0.000038558660889975],
            [-122.057279074966, 36.995209579915, -0.000038558660889975],
            [-122.057279270638, 36.9952092636876, -0.000038558660889975],
            [-122.057280475029, 36.9952075299349, -0.000038558660889975],
            [-122.057281478911, 36.99520571685, -0.000038558660889975],
            [-122.057282274685, 36.9952038371512, -0.000038558660889975],
            [-122.057282857108, 36.9952019089322, -0.000038558660889975],
            [-122.05728321972, 36.9951999457973, -0.000038558660889975],
            [-122.057283360613, 36.9951979639934, -0.000038558660889975],
            [-122.057283279017, 36.9951959806535, -0.000038558660889975],
            [-122.057282974128, 36.9951940111086, -0.000038558660889975],
            [-122.057282450794, 36.9951920724166, -0.000038558660889975],
            [-122.057281710418, 36.9951901780768, -0.000038558660889975],
            [-122.057280761236, 36.9951883460031, -0.000038558660889975],
            [-122.057279610269, 36.9951865896196, -0.000038558660889975],
            [-122.057278265677, 36.9951849232366, -0.000038558660889975],
            [-122.057276740115, 36.9951833611041, -0.000038558660889975],
            [-122.057217708973, 36.9951392542953, -0.000038558660889975],
            [-122.057263323329, 36.9949518675636, -0.000038558660889975],
            [-122.057276739464, 36.9948967534954, -0.000038558660889975],
            [-122.057280257015, 36.9948802291103, -0.000038558660889975],
            [-122.057331890873, 36.9948769579319, -0.000038558660889975],
            [-122.057333508211, 36.994876770522, -0.000038558660889975],
            [-122.05733508276, 36.9948764160613, -0.000038558660889975],
            [-122.05733658543, 36.9948759003452, -0.000038558660889975],
            [-122.057337992837, 36.994875233599, -0.000038558660889975],
            [-122.057339280479, 36.9948744260628, -0.000038558660889975],
            [-122.057340427294, 36.9948734915359, -0.000038558660889975],
            [-122.057341413382, 36.994872445604, -0.000038558660889975],
            [-122.057342222251, 36.9948713056102, -0.000038558660889975],
            [-122.05734283971, 36.9948700915701, -0.000038558660889975],
            [-122.057343256081, 36.9948688243403, -0.000038558660889975],
            [-122.057343463912, 36.9948675238465, -0.000038558660889975],
            [-122.057343460283, 36.9948662117566, -0.000038558660889975],
            [-122.057343244574, 36.9948649124109, -0.000038558660889975],
            [-122.057342820567, 36.9948636455852, -0.000038558660889975],
            [-122.057342195487, 36.9948624346141, -0.000038558660889975],
            [-122.057341380959, 36.9948612982675, -0.000038558660889975],
            [-122.057340388607, 36.9948602553154, -0.000038558660889975],
            [-122.057339236813, 36.9948593253384, -0.000038558660889975],
            [-122.057337943848, 36.994858522512, -0.000038558660889975],
            [-122.057336532475, 36.9948578609513, -0.000038558660889975],
            [-122.057335026505, 36.9948573511528, -0.000038558660889975],
            [-122.057333450854, 36.9948570026969, -0.000038558660889975],
            [-122.057331831487, 36.9948568215455, -0.000038558660889975],
            [-122.05721918642, 36.9948407546314, -0.000038558660889975],
            [-122.057217005661, 36.9948405368134, -0.000038558660889975],
            [-122.057214808442, 36.9948405003551, -0.000038558660889975],
            [-122.057212618406, 36.9948406476445, -0.000038558660889975],
            [-122.057210459083, 36.9948409756638, -0.000038558660889975],
            [-122.057208354005, 36.9948414813955, -0.000038558660889975],
            [-122.057206325523, 36.9948421591339, -0.000038558660889975],
            [-122.057204394849, 36.9948430022876, -0.000038558660889975],
            [-122.057202584239, 36.9948440006464, -0.000038558660889975],
            [-122.057200911459, 36.99484514406, -0.000038558660889975],
            [-122.057199395362, 36.9948464205613, -0.000038558660889975],
            [-122.057198052514, 36.9948478164113, -0.000038558660889975],
            [-122.057196897181, 36.9948493151979, -0.000038558660889975],
            [-122.057195941437, 36.9948509032422, -0.000038558660889975],
            [-122.057195196122, 36.9948525614744, -0.000038558660889975],
            [-122.057194668744, 36.9948542726716, -0.000038558660889975],
            [-122.057194365667, 36.9948560187249, -0.000038558660889975],
            [-122.05719428987, 36.9948577806696, -0.000038558660889975],
            [-122.057194440939, 36.9948595386849, -0.000038558660889975],
            [-122.057194818522, 36.9948612756528, -0.000038558660889975],
            [-122.057195418836, 36.9948629717976, -0.000038558660889975],
            [-122.057196233627, 36.9948646083043, -0.000038558660889975],
            [-122.057197256942, 36.9948661690308, -0.000038558660889975],
            [-122.057198474911, 36.9948676352374, -0.000038558660889975],
            [-122.057199877144, 36.9948689935447, -0.000038558660889975],
            [-122.057201446457, 36.9948702279606, -0.000038558660889975],
            [-122.057203166826, 36.9948713242799, -0.000038558660889975],
            [-122.057205018952, 36.994872272847, -0.000038558660889975],
            [-122.057206983495, 36.9948730622046, -0.000038558660889975],
            [-122.057231321115, 36.9948776173063, -0.000038558660889975],
            [-122.057228913681, 36.9948825032721, -0.000038558660889975],
            [-122.057226687137, 36.9948874435984, -0.000038558660889975],
            [-122.057224645919, 36.9948924355226, -0.000038558660889975],
            [-122.057222789914, 36.9948974736389, -0.000038558660889975],
            [-122.057217873307, 36.9949059158646, -0.000038558660889975],
            [-122.057213151421, 36.9949144293888, -0.000038558660889975],
            [-122.057208628712, 36.9949230123496, -0.000038558660889975],
            [-122.057204303965, 36.9949316602574, -0.000038558660889975],
            [-122.057200179388, 36.9949403712803, -0.000038558660889975],
            [-122.057196257152, 36.9949491417845, -0.000038558660889975],
            [-122.057192538325, 36.9949579690524, -0.000038558660889975],
            [-122.057189023974, 36.994966850366, -0.000038558660889975],
            [-122.057185715148, 36.9949757821067, -0.000038558660889975],
            [-122.057182612933, 36.9949847624574, -0.000038558660889975],
            [-122.057179718339, 36.9949937859977, -0.000038558660889975],
            [-122.057177033594, 36.9950028517965, -0.000038558660889975],
            [-122.057174558605, 36.9950119553493, -0.000038558660889975],
            [-122.057172293335, 36.995021094854, -0.000038558660889975],
            [-122.05717024106, 36.9950302657611, -0.000038558660889975],
            [-122.057168399496, 36.9950394662986, -0.000038558660889975],
            [-122.057166771919, 36.9950486919168, -0.000038558660889975],
            [-122.05716535717, 36.9950579408289, -0.000038558660889975],
            [-122.057164156277, 36.9950672085151, -0.000038558660889975],
            [-122.057116177004, 36.99506679362, -0.000038558660889975],
            [-122.057114177544, 36.995067083456, -0.000038558660889975],
            [-122.05711222765, 36.9950675420549, -0.000038558660889975],
            [-122.057110349691, 36.995068164612, -0.000038558660889975],
            [-122.05710856486, 36.9950689436351, -0.000038558660889975],
            [-122.057106894327, 36.9950698707308, -0.000038558660889975],
            [-122.057105354737, 36.9950709357638, -0.000038558660889975],
            [-122.057103966026, 36.9950721249501, -0.000038558660889975],
            [-122.057102742553, 36.9950734263825, -0.000038558660889975],
            [-122.057101698602, 36.9950748245502, -0.000038558660889975],
            [-122.057100846211, 36.9950763039721, -0.000038558660889975],
            [-122.057100195151, 36.9950778482964, -0.000038558660889975],
            [-122.05709975177, 36.9950794385132, -0.000038558660889975],
            [-122.05709952247, 36.9950810583156, -0.000038558660889975],
            [-122.057099507964, 36.9950826878679, -0.000038558660889975],
            [-122.057099711265, 36.995084310007, -0.000038558660889975],
            [-122.057100127471, 36.9950859049723, -0.000038558660889975],
            [-122.057100752855, 36.9950874556908, -0.000038558660889975],
            [-122.057101580306, 36.9950889442333, -0.000038558660889975],
            [-122.057102600483, 36.9950903536021, -0.000038558660889975],
            [-122.057103801816, 36.9950916677299, -0.000038558660889975],
            [-122.05710517053, 36.9950928723817, -0.000038558660889975],
            [-122.057106691722, 36.995093953337, -0.000038558660889975],
            [-122.05710834716, 36.9950948982226, -0.000038558660889975],
            [-122.057110118667, 36.995095697368, -0.000038558660889975],
            [-122.057111985802, 36.9950963402316, -0.000038558660889975],
            [-122.057113927073, 36.9950968198908, -0.000038558660889975],
            [-122.057115922151, 36.9950971312097, -0.000038558660889975],
            [-122.057117946252, 36.9950972709143, -0.000038558660889975],
            [-122.05715987599, 36.9950983631466, -0.000038558660889975],
            [-122.057159216216, 36.9951065277582, -0.000038558660889975],
            [-122.057158757719, 36.9951147004977, -0.000038558660889975],
            [-122.05715849934, 36.9951228795779, -0.000038558660889975],
            [-122.057158442108, 36.9951310604793, -0.000038558660889975],
            [-122.057158585985, 36.9951392413999, -0.000038558660889975],
            [-122.057158929755, 36.9951474178501, -0.000038558660889975],
            [-122.057159473362, 36.9951555871269, -0.000038558660889975],
            [-122.057160219015, 36.9951637473986, -0.000038558660889975],
            [-122.057161163232, 36.9951718933044, -0.000038558660889975],
            [-122.057162308223, 36.9951800230124, -0.000038558660889975],
            [-122.057163651666, 36.9951881329488, -0.000038558660889975],
            [-122.057165193505, 36.9951962204108, -0.000038558660889975],
            [-122.057111656077, 36.9952062019766, -0.000038558660889975],
            [-122.057110216953, 36.9952067483834, -0.000038558660889975],
            [-122.057108882114, 36.9952074475024, -0.000038558660889975],
            [-122.05710767934, 36.9952082845437, -0.000038558660889975],
            [-122.057106627427, 36.9952092448374, -0.000038558660889975],
            [-122.057105749589, 36.9952103100498, -0.000038558660889975],
            [-122.057105058929, 36.9952114619821, -0.000038558660889975],
            [-122.05710456846, 36.9952126779307, -0.000038558660889975],
            [-122.057104290088, 36.9952139361082, -0.000038558660889975],
            [-122.057104225573, 36.9952152130599, -0.000038558660889975],
            [-122.057104377781, 36.9952164844154, -0.000038558660889975],
            [-122.057104744017, 36.995217728582, -0.000038558660889975],
            [-122.057105317017, 36.9952189204232, -0.000038558660889975],
            [-122.057106086263, 36.9952200402532, -0.000038558660889975],
            [-122.057107037789, 36.9952210648272, -0.000038558660889975],
            [-122.057108153269, 36.9952219772673, -0.000038558660889975],
            [-122.057109413216, 36.9952227589083, -0.000038558660889975],
            [-122.057110793782, 36.995223397452, -0.000038558660889975],
            [-122.057112268833, 36.995223878828, -0.000038558660889975],
            [-122.057113812386, 36.9952241961736, -0.000038558660889975],
            [-122.05711539507, 36.99522434177, -0.000038558660889975],
            [-122.057116987644, 36.9952243142052, -0.000038558660889975],
            [-122.057170148367, 36.9952204901164, -0.000038558660889975],
            [-122.057171372443, 36.9952271786608, -0.000038558660889975],
            [-122.057172776943, 36.9952338449706, -0.000038558660889975],
            [-122.057174358425, 36.9952404854872, -0.000038558660889975],
            [-122.057176116831, 36.9952470975075, -0.000038558660889975],
            [-122.057178052105, 36.9952536783288, -0.000038558660889975],
            [-122.057180161909, 36.9952602234763, -0.000038558660889975],
            [-122.057182447327, 36.9952667311331, -0.000038558660889975],
            [-122.057184904916, 36.9952731977405, -0.000038558660889975],
            [-122.057133001828, 36.9952838135698, -0.000038558660889975],
            [-122.057131958853, 36.9952845006826, -0.000038558660889975],
            [-122.057131047383, 36.9952852986895, -0.000038558660889975],
            [-122.057130286175, 36.9952861911185, -0.000038558660889975],
            [-122.057129689497, 36.9952871615577, -0.000038558660889975],
            [-122.05712926929, 36.9952881900215, -0.000038558660889975],
            [-122.057129032989, 36.9952892556831, -0.000038558660889975],
            [-122.057128988025, 36.9952903377161, -0.000038558660889975],
            [-122.057129132808, 36.9952914136116, -0.000038558660889975],
            [-122.057129465766, 36.995292461762, -0.000038558660889975],
            [-122.05712997857, 36.9952934597487, -0.000038558660889975],
            [-122.057130660737, 36.9952943896876, -0.000038558660889975],
            [-122.057131499538, 36.9952952337249, -0.000038558660889975],
            [-122.057132478874, 36.9952959740515, -0.000038558660889975],
            [-122.057133577124, 36.995296597438, -0.000038558660889975],
            [-122.057134773771, 36.9952970897393, -0.000038558660889975],
            [-122.057136046183, 36.9952974431466, -0.000038558660889975],
            [-122.057137366092, 36.9952976490253, -0.000038558660889975],
            [-122.057138709819, 36.9952977031855, -0.000038558660889975],
            [-122.057145342241, 36.9952964178739, -0.000038558660889975],
            [-122.057151918246, 36.9952949584833, -0.000038558660889975],
            [-122.057158431132, 36.9952933269056, -0.000038558660889975],
            [-122.057164873075, 36.9952915250475, -0.000038558660889975],
            [-122.057171238476, 36.9952895538852, -0.000038558660889975],
            [-122.057177519529, 36.9952874162262, -0.000038558660889975],
            [-122.057183709533, 36.9952851139625, -0.000038558660889975],
            [-122.057189801804, 36.995282649887, -0.000038558660889975],
            [-122.05719578966, 36.9952800267923, -0.000038558660889975],
            [-122.057201667539, 36.9952772474563, -0.000038558660889975],
            [-122.057207427636, 36.9952743146868, -0.000038558660889975],
            [-122.057213065533, 36.9952712321476, -0.000038558660889975],
            [-122.057218573404, 36.9952680017454, -0.000038558660889975],
            [-122.057223945746, 36.9952646289611, -0.000038558660889975],
            [-122.057229178102, 36.9952611156564, -0.000038558660889975],
            [-122.057234263847, 36.995257467327, -0.000038558660889975],
            [-122.057239196279, 36.9952536858648, -0.000038558660889975],
            [-122.057243972157, 36.9952497776213, -0.000038558660889975],
            [-122.057248584782, 36.9952457444884, -0.000038558660889975],
            [-122.05725302979, 36.9952415928328, -0.000038558660889975],
            [-122.057257302763, 36.9952373263182, -0.000038558660889975],
            [-122.057261399303, 36.9952329495094, -0.000038558660889975],
            [-122.057265312763, 36.9952284670008, -0.000038558660889975],
            [-122.057269042114, 36.9952238833125, -0.000038558660889975]
          ],
          [
            [-122.057192873379, 36.9945674646312, -0.000038558660889975],
            [-122.057194436024, 36.9945651286057, -0.000038558660889975],
            [-122.057195803816, 36.994562714975, -0.000038558660889975],
            [-122.057196971363, 36.9945602346251, -0.000038558660889975],
            [-122.057197934416, 36.9945576993284, -0.000038558660889975],
            [-122.057198687545, 36.9945551181693, -0.000038558660889975],
            [-122.057295908617, 36.9943630755075, -0.000038558660889975],
            [-122.057296800099, 36.994360502414, -0.000038558660889975],
            [-122.057297000557, 36.9943572761674, -0.000038558660889975],
            [-122.05729697735, 36.994354045697, -0.000038558660889975],
            [-122.057296730703, 36.994350821814, -0.000038558660889975],
            [-122.057296260803, 36.9943476135279, -0.000038558660889975],
            [-122.057295568996, 36.9943444316351, -0.000038558660889975],
            [-122.057294657717, 36.994341285115, -0.000038558660889975],
            [-122.057293529436, 36.994338184749, -0.000038558660889975],
            [-122.057292188814, 36.9943351385855, -0.000038558660889975],
            [-122.057290638322, 36.9943321574059, -0.000038558660889975],
            [-122.057288883763, 36.9943292501447, -0.000038558660889975],
            [-122.057286930939, 36.9943264257363, -0.000038558660889975],
            [-122.057284784512, 36.9943236922293, -0.000038558660889975],
            [-122.057282452531, 36.9943210585281, -0.000038558660889975],
            [-122.057279940798, 36.9943185335673, -0.000038558660889975],
            [-122.05727725845, 36.9943161244343, -0.000038558660889975],
            [-122.057274413497, 36.9943138382319, -0.000038558660889975],
            [-122.05727141397, 36.9943116829635, -0.000038558660889975],
            [-122.057268270109, 36.9943096648007, -0.000038558660889975],
            [-122.057264991031, 36.9943077899303, -0.000038558660889975],
            [-122.057261586956, 36.994306063623, -0.000038558660889975],
            [-122.05725596281, 36.9943046066681, -0.000038558660889975],
            [-122.057250273683, 36.9943033209059, -0.000038558660889975],
            [-122.057244528598, 36.9943022080185, -0.000038558660889975],
            [-122.057238735471, 36.9943012706037, -0.000038558660889975],
            [-122.057232901062, 36.9943005094724, -0.000038558660889975],
            [-122.057227036621, 36.9942999253758, -0.000038558660889975],
            [-122.057221147782, 36.9942995191398, -0.000038558660889975],
            [-122.057215243569, 36.9942992924462, -0.000038558660889975],
            [-122.057209334071, 36.9942992442594, -0.000038558660889975],
            [-122.057203426046, 36.9942993753901, -0.000038558660889975],
            [-122.057197528479, 36.9942996857185, -0.000038558660889975],
            [-122.057191649215, 36.9943001742387, -0.000038558660889975],
            [-122.057185797239, 36.9943008408308, -0.000038558660889975],
            [-122.057179981517, 36.9943016844738, -0.000038558660889975],
            [-122.057174209875, 36.994302703261, -0.000038558660889975],
            [-122.057168489032, 36.9943038962015, -0.000038558660889975],
            [-122.057162829079, 36.9943052622593, -0.000038558660889975],
            [-122.057157237822, 36.9943067986268, -0.000038558660889975],
            [-122.057151723087, 36.9943085033971, -0.000038558660889975],
            [-122.057149243867, 36.9943096575742, -0.000038558660889975],
            [-122.057146883457, 36.9943109606649, -0.000038558660889975],
            [-122.057144654082, 36.9943124061974, -0.000038558660889975],
            [-122.057142570155, 36.9943139849677, -0.000038558660889975],
            [-122.057140643826, 36.9943156869003, -0.000038558660889975],
            [-122.057138886141, 36.9943175028359, -0.000038558660889975],
            [-122.057137306965, 36.9943194209273, -0.000038558660889975],
            [-122.057135917343, 36.9943214320151, -0.000038558660889975],
            [-122.057134723715, 36.9943235215943, -0.000038558660889975],
            [-122.057133733738, 36.9943256796496, -0.000038558660889975],
            [-122.057132953852, 36.9943278916759, -0.000038558660889975],
            [-122.057132388307, 36.9943301459009, -0.000038558660889975],
            [-122.057132040173, 36.9943324278647, -0.000038558660889975],
            [-122.057131911417, 36.9943347240229, -0.000038558660889975],
            [-122.057132004023, 36.9943370217325, -0.000038558660889975],
            [-122.057132315465, 36.9943393075093, -0.000038558660889975],
            [-122.057132845443, 36.994341566938, -0.000038558660889975],
            [-122.057133589185, 36.9943437865646, -0.000038558660889975],
            [-122.0571345442, 36.9943459547067, -0.000038558660889975],
            [-122.057135704575, 36.9943480570241, -0.000038558660889975],
            [-122.057137062184, 36.9943500810087, -0.000038558660889975],
            [-122.057138610066, 36.994352015939, -0.000038558660889975],
            [-122.05714033899, 36.9943538502226, -0.000038558660889975],
            [-122.057143516153, 36.9943563906367, -0.000038558660889975],
            [-122.057165670975, 36.9943748262353, -0.000038558660889975],
            [-122.057119996389, 36.9944410229732, -0.000038558660889975],
            [-122.057090100792, 36.9944372188304, -0.000038558660889975],
            [-122.057085488862, 36.9944374380955, -0.000038558660889975],
            [-122.057083403748, 36.9944379850134, -0.000038558660889975],
            [-122.057081393808, 36.9944386895382, -0.000038558660889975],
            [-122.057079476901, 36.9944395460241, -0.000038558660889975],
            [-122.057077671934, 36.9944405452069, -0.000038558660889975],
            [-122.057075994482, 36.9944416796692, -0.000038558660889975],
            [-122.05707446115, 36.9944429374739, -0.000038558660889975],
            [-122.057073085211, 36.9944443085307, -0.000038558660889975],
            [-122.057071879844, 36.9944457782445, -0.000038558660889975],
            [-122.057070854915, 36.9944473347682, -0.000038558660889975],
            [-122.057070022462, 36.9944489626208, -0.000038558660889975],
            [-122.057069387782, 36.9944506464113, -0.000038558660889975],
            [-122.057068957335, 36.9944523725356, -0.000038558660889975],
            [-122.057069376687, 36.9944543360472, -0.000038558660889975],
            [-122.057070002053, 36.9944562652673, -0.000038558660889975],
            [-122.057070831955, 36.994458143093, -0.000038558660889975],
            [-122.057071857163, 36.994459957932, -0.000038558660889975],
            [-122.057073072904, 36.99446169633, -0.000038558660889975],
            [-122.057074468772, 36.9944633440069, -0.000038558660889975],
            [-122.057076035555, 36.9944648902711, -0.000038558660889975],
            [-122.057077761799, 36.9944663244614, -0.000038558660889975],
            [-122.057079633762, 36.9944676341443, -0.000038558660889975],
            [-122.057081637799, 36.9944688113913, -0.000038558660889975],
            [-122.057083760243, 36.9944698473728, -0.000038558660889975],
            [-122.057085985185, 36.9944707332892, -0.000038558660889975],
            [-122.057088296786, 36.9944714639448, -0.000038558660889975],
            [-122.057090676963, 36.9944720341737, -0.000038558660889975],
            [-122.05709310988, 36.9944724387802, -0.000038558660889975],
            [-122.057095576385, 36.9944726753162, -0.000038558660889975],
            [-122.057098059576, 36.9944727413038, -0.000038558660889975],
            [-122.057100540377, 36.9944726378988, -0.000038558660889975],
            [-122.057139148276, 36.9944692153313, -0.000038558660889975],
            [-122.057188265582, 36.9945397225012, -0.000038558660889975],
            [-122.057141470274, 36.9945749709858, -0.000038558660889975],
            [-122.05714068483, 36.9945759403399, -0.000038558660889975],
            [-122.057140076304, 36.9945769893413, -0.000038558660889975],
            [-122.057139657709, 36.9945780952862, -0.000038558660889975],
            [-122.057139436496, 36.9945792382492, -0.000038558660889975],
            [-122.057139417794, 36.9945803947306, -0.000038558660889975],
            [-122.057139601136, 36.9945815422069, -0.000038558660889975],
            [-122.057139983791, 36.9945826572834, -0.000038558660889975],
            [-122.057140557447, 36.9945837184425, -0.000038558660889975],
            [-122.057141310441, 36.9945847051123, -0.000038558660889975],
            [-122.057142228867, 36.994585596751, -0.000038558660889975],
            [-122.057143294379, 36.9945863755796, -0.000038558660889975],
            [-122.057144485338, 36.9945870274679, -0.000038558660889975],
            [-122.05714577898, 36.9945875383005, -0.000038558660889975],
            [-122.057149081825, 36.9945876339004, -0.000038558660889975],
            [-122.057152385556, 36.9945875555579, -0.000038558660889975],
            [-122.05715567559, 36.9945873043689, -0.000038558660889975],
            [-122.057158937325, 36.9945868805283, -0.000038558660889975],
            [-122.057162158443, 36.994586286003, -0.000038558660889975],
            [-122.05716532438, 36.9945855227896, -0.000038558660889975],
            [-122.057168420629, 36.9945845955878, -0.000038558660889975],
            [-122.057171433784, 36.9945835081814, -0.000038558660889975],
            [-122.05717435269, 36.994582264324, -0.000038558660889975],
            [-122.057177162857, 36.9945808696161, -0.000038558660889975],
            [-122.057179854288, 36.9945793295985, -0.000038558660889975],
            [-122.05718241255, 36.9945776525745, -0.000038558660889975],
            [-122.057184829892, 36.9945758440547, -0.000038558660889975],
            [-122.057187093005, 36.9945739123275, -0.000038558660889975],
            [-122.057189194194, 36.9945718656065, -0.000038558660889975],
            [-122.057191123557, 36.9945697139369, -0.000038558660889975],
            [-122.057192873379, 36.9945674646312, -0.000038558660889975]
          ]
        ]
      },
      "properties": {
        "OBJECTID": 19,
        "CODE": "PKG",
        "NAME": "Hahn Student Services",
        "NUMBER": 101,
        "Location": "Hahn Student Services",
        "Permit_Type": "A, B, MC, N, NC, Disability, Medical",
        "Handicapped": "Yes",
        "Meters": "No",
        "Comments": "R & C Permits allowed after 5:00pm. Evening and Weekend Paystation: Flatrate.",
        "Paystations": "Yes",
        "Paystation_Limit": "1 hr.",
        "Meter_Limit": null,
        "Permit_Days": "M - F",
        "Permit_Period": "7:00am - 8:30pm",
        "NUM": "101",
        "GlobalID": "61fda5ed-a2b4-4de1-bf81-ca261a91a5ed"
      }
    },
    {
      "type": "Feature",
      "id": 22,
      "geometry": {
        "type": "Polygon",
        "coordinates": [
          [
            [-122.055380516525, 36.9866936594009, -0.000038558660889975],
            [-122.055405978762, 36.9869137607598, -0.000038558660889975],
            [-122.055401237251, 36.9869097100362, -0.000038558660889975],
            [-122.055395714805, 36.9869063555336, -0.000038558660889975],
            [-122.055389569567, 36.986903793373, -0.000038558660889975],
            [-122.055382973794, 36.9869020960566, -0.000038558660889975],
            [-122.05537611721, 36.9869013115214, -0.000038558660889975],
            [-122.055369192365, 36.9869014615321, -0.000038558660889975],
            [-122.055340855899, 36.986904007631, -0.000038558660889975],
            [-122.055337426138, 36.9868794435776, -0.000038558660889975],
            [-122.055333997521, 36.98685488041, -0.000038558660889975],
            [-122.055330567765, 36.9868303163565, -0.000038558660889975],
            [-122.055327139153, 36.9868057531888, -0.000038558660889975],
            [-122.055323710524, 36.9867811891202, -0.000038558660889975],
            [-122.055320175584, 36.9867558856881, -0.000038558660889975],
            [-122.055319085411, 36.9867480544358, -0.000038558660889975],
            [-122.055317469459, 36.986736480329, -0.000038558660889975],
            [-122.055317130428, 36.9867340516277, -0.000038558660889975],
            [-122.055313598862, 36.9867087481507, -0.000038558660889975],
            [-122.055359902989, 36.9867045881637, -0.000038558660889975],
            [-122.055364546188, 36.9867038404445, -0.000038558660889975],
            [-122.05536895951, 36.9867024622515, -0.000038558660889975],
            [-122.055373011234, 36.9867004940922, -0.000038558660889975],
            [-122.055376580158, 36.9866979961604, -0.000038558660889975],
            [-122.055379558837, 36.9866950419842, -0.000038558660889975],
            [-122.055380516525, 36.9866936594009, -0.000038558660889975]
          ]
        ]
      },
      "properties": {
        "OBJECTID": 22,
        "CODE": "PKG",
        "NAME": "The Village",
        "NUMBER": 169,
        "Location": "The Village",
        "Permit_Type": "MC, Disability, Medical",
        "Handicapped": "Yes",
        "Meters": "Yes",
        "Comments": null,
        "Paystations": "No",
        "Paystation_Limit": null,
        "Meter_Limit": "2 hr.",
        "Permit_Days": "All",
        "Permit_Period": "All",
        "NUM": "169",
        "GlobalID": "76f2e56f-f3ea-437a-a24a-dc820d35f25d"
      }
    },
    {
      "type": "Feature",
      "id": 23,
      "geometry": {
        "type": "Polygon",
        "coordinates": [
          [
            [-122.052141366864, 36.9803307842562, 0],
            [-122.052032650927, 36.9805256150694, 0],
            [-122.052027430299, 36.9805260170764, 4434.084],
            [-122.052024716894, 36.980527615849, 4434.084],
            [-122.052020686808, 36.9805314337544, 4434.084],
            [-122.052015523014, 36.9805374647529, 4434.084],
            [-122.052009108309, 36.9805438431336, 4434.084],
            [-122.051995087657, 36.9805582036452, 4434.084],
            [-122.05194814857, 36.9805309831645, 4434.084],
            [-122.051891406669, 36.9804977379496, 4434.084],
            [-122.051841876557, 36.9804683602014, 4434.084],
            [-122.051789480609, 36.9804379328214, 4434.084],
            [-122.051745484529, 36.9804124430486, 4434.084],
            [-122.051675382172, 36.980370058049, 4434.084],
            [-122.051623062683, 36.9803400080798, 4434.084],
            [-122.051589628063, 36.9803199065669, 4434.084],
            [-122.051551264411, 36.9802975743739, 4434.084],
            [-122.051536309118, 36.9802887794125, 4434.084],
            [-122.051544306938, 36.9802791582373, 4434.084],
            [-122.051553431601, 36.9802684045935, 4434.084],
            [-122.051560830013, 36.980259782702, 4434.084],
            [-122.051567274305, 36.9802523351388, 4434.084],
            [-122.051575030337, 36.980243787794, 4434.084],
            [-122.051585825706, 36.9802325090581, 4434.084],
            [-122.051630891564, 36.9801840562534, 4434.084],
            [-122.051672191359, 36.9801356219899, 2956.056],
            [-122.051675389909, 36.980133963601, 2443.322],
            [-122.051678893412, 36.9801327661704, 1930.588],
            [-122.051682600364, 36.9801320643925, 1417.85400000001],
            [-122.051686402266, 36.980131880438, 905.119999999995],
            [-122.051690186856, 36.9801322176028, 392.385999999999],
            [-122.051693845001, 36.9801330674256, -120.347999999998],
            [-122.051708771706, 36.9801368386, -240.695999999996],
            [-122.051725903713, 36.9801420908322, -240.695999999996],
            [-122.051741072907, 36.9801473223127, -240.695999999996],
            [-122.05175726744, 36.9801530862728, -240.695999999996],
            [-122.051771138331, 36.9801589802758, -240.695999999996],
            [-122.051783643137, 36.9801641597825, -240.695999999996],
            [-122.051798176182, 36.9801707316814, -240.695999999996],
            [-122.051809832874, 36.980175800808, -240.695999999996],
            [-122.051820472582, 36.9801810132357, -240.695999999996],
            [-122.051831114709, 36.9801865599725, -240.695999999996],
            [-122.051843315709, 36.9801925834261, -240.695999999996],
            [-122.051858628555, 36.9802003074807, -239.843999999997],
            [-122.051890974451, 36.98021708088, -238.991999999998],
            [-122.051897560317, 36.9802201789689, -238.991999999998],
            [-122.051907490278, 36.9802250187265, -238.991999999998],
            [-122.051947472234, 36.9802438524709, -238.991999999998],
            [-122.051985284987, 36.9802632224363, -238.991999999998],
            [-122.051992213764, 36.9802664979981, -238.991999999998],
            [-122.052013887592, 36.9802746447647, -238.991999999998],
            [-122.052017148006, 36.9802758702599, -232.392000000007],
            [-122.052020168497, 36.9802774441041, -229.092000000004],
            [-122.052038115429, 36.9802867948844, -229.092000000004],
            [-122.052052783865, 36.9802936650478, -229.092000000004],
            [-122.052069787864, 36.9803016333248, -229.092000000004],
            [-122.052097390903, 36.9803150182129, -229.092000000004],
            [-122.05211982508, 36.9803257115251, -229.092000000004],
            [-122.052130358878, 36.9803296023841, -229.092000000004],
            [-122.052140135603, 36.9803308321826, -229.092000000004],
            [-122.052141366864, 36.9803307842562, 0]
          ]
        ]
      },
      "properties": {
        "OBJECTID": 23,
        "CODE": "PKG",
        "NAME": "Carriage House",
        "NUMBER": 115,
        "Location": "Carriage House",
        "Permit_Type": "A, B, MC, N, Disability, Medical",
        "Handicapped": "Yes",
        "Meters": "No",
        "Comments": "No permit required after 5:00pm. ",
        "Paystations": "No",
        "Paystation_Limit": null,
        "Meter_Limit": null,
        "Permit_Days": "M - F",
        "Permit_Period": "7:00am - 5:00pm",
        "NUM": "115",
        "GlobalID": "e140e4c2-2230-482e-8f03-79a49b87cbbe"
      }
    },
    {
      "type": "Feature",
      "id": 24,
      "geometry": {
        "type": "Polygon",
        "coordinates": [
          [
            [-122.05426862745, 36.9784073966256, -0.000038558660889975],
            [-122.054331250074, 36.9784059637192, -0.000038558660889975],
            [-122.054329286578, 36.9784098686182, -0.000038558660889975],
            [-122.054322970622, 36.9784199677396, -0.000038558660889975],
            [-122.054315080975, 36.9784329968816, -0.000038558660889975],
            [-122.054310429191, 36.9784463271302, -0.000038558660889975],
            [-122.054308052454, 36.9784495868748, -0.000038558660889975],
            [-122.054303832924, 36.9784648606424, -0.000038558660889975],
            [-122.054301567954, 36.9784755807718, -0.000038558660889975],
            [-122.054300349378, 36.9784832931952, -0.000038558660889975],
            [-122.054299720691, 36.9784872704252, -0.000038558660889975],
            [-122.054301084064, 36.9785103705497, -0.000038558660889975],
            [-122.05430171995, 36.9785136316024, -0.000038558660889975],
            [-122.054302171046, 36.9785159425572, -0.000038558660889975],
            [-122.054302578347, 36.9785182540955, 2039.29856144133],
            [-122.054315551211, 36.9785362258285, 4078.59706144134],
            [-122.054327954465, 36.978544046007, 4078.59706144134],
            [-122.054343632911, 36.9785428475608, 4078.59706144134],
            [-122.054383367129, 36.9785204316755, 4078.59706144134],
            [-122.054403269566, 36.9785156775981, 4078.59706144134],
            [-122.054431770861, 36.9786869289873, 4078.59706144134],
            [-122.054430629561, 36.9787490444784, 4078.59706144134],
            [-122.054384022416, 36.9787816282071, 4078.59706144134],
            [-122.054351739866, 36.9788040457207, 4078.59706144134],
            [-122.054349288856, 36.9788056716925, 2039.29856144133],
            [-122.054328226928, 36.9788196396841, 2039.29856144133],
            [-122.054315734714, 36.9788279250019, 4078.59706144134],
            [-122.054309787621, 36.9788320785452, 4078.59706144134],
            [-122.054303849693, 36.9788368375676, 4078.59706144134],
            [-122.054299260039, 36.9788430241354, 4078.59706144134],
            [-122.054297313019, 36.9788490276918, 2039.29856144133],
            [-122.05427971671, 36.9787702329965, 1909.37336144134],
            [-122.054284530067, 36.9787768052365, 3818.74666144134],
            [-122.054288893958, 36.978777076019, 3818.74666144134],
            [-122.054293786262, 36.9787762303916, 3818.74666144134],
            [-122.054298432627, 36.9787747364792, 3818.74666144134],
            [-122.054302699138, 36.9787726366199, 3818.74666144134],
            [-122.054306465746, 36.9787699918925, 3818.74666144134],
            [-122.054309623913, 36.9787668767397, 3818.74666144134],
            [-122.054312084468, 36.9787633788646, 3818.74666144134],
            [-122.054313777631, 36.9787596001306, 3818.74666144134],
            [-122.05431465393, 36.9787556466365, 3818.74666144134],
            [-122.054314689849, 36.9787516304437, 3818.74666144134],
            [-122.054313883302, 36.9787476678338, 3818.74666144134],
            [-122.054257027664, 36.9785661628943, 3818.74666144134],
            [-122.054253379871, 36.9785557189186, 3818.74666144134],
            [-122.054250971617, 36.9785518136998, 3818.74666144134],
            [-122.054247877046, 36.9785482339452, 3818.74666144134],
            [-122.054245132767, 36.9785456228106, 3818.74666144134],
            [-122.05424190226, 36.9785433984586, 3818.74666144134],
            [-122.054238267625, 36.9785416201747, 3818.74666144134],
            [-122.054234324161, 36.9785403335513, 3818.74666144134],
            [-122.054230174766, 36.9785395714623, 3818.74666144134],
            [-122.054225926568, 36.9785393541089, 3818.74666144134],
            [-122.054221689766, 36.9785396872322, 3818.74666144134],
            [-122.05421757426, 36.978540562158, 3818.74666144134],
            [-122.05421368853, 36.9785419558125, 3818.74666144134],
            [-122.054210130686, 36.9785438326427, 3818.74666144134],
            [-122.054207827618, 36.9785464191138, 3818.74666144134],
            [-122.054207330109, 36.9785521753517, 1909.37336144134],
            [-122.054181184423, 36.9784863852259, 944.960961441335],
            [-122.05418455303, 36.9784914825437, 1889.92196144135],
            [-122.054189034564, 36.9784931504129, 1889.92196144135],
            [-122.05419358902, 36.9784931861517, 1889.92196144135],
            [-122.054199959924, 36.9784914917283, 1889.92196144135],
            [-122.054208215729, 36.97848844383, -0.000038558660889975],
            [-122.054218574041, 36.9784827796893, -0.000038558660889975],
            [-122.054226560935, 36.9784758034699, -0.000038558660889975],
            [-122.054231996025, 36.9784693821432, -0.000038558660889975],
            [-122.054235928331, 36.9784643785913, -0.000038558660889975],
            [-122.054240296471, 36.9784591583525, -0.000038558660889975],
            [-122.05424386605, 36.9784545931076, -0.000038558660889975],
            [-122.054247031309, 36.9784500305467, -0.000038558660889975],
            [-122.05425017757, 36.9784441705216, -0.000038558660889975],
            [-122.054253338359, 36.9784392835908, -0.000038558660889975],
            [-122.054256878897, 36.9784327730577, -0.000038558660889975],
            [-122.054260843855, 36.9784275563884, -0.000038558660889975],
            [-122.054263191554, 36.9784223513571, -0.000038558660889975],
            [-122.054265153912, 36.9784184455731, -0.000038558660889975],
            [-122.05426670752, 36.9784142199056, -0.000038558660889975],
            [-122.054269069728, 36.9784099870676, -0.000038558660889975],
            [-122.05426862745, 36.9784073966256, -0.000038558660889975]
          ]
        ]
      },
      "properties": {
        "OBJECTID": 24,
        "CODE": "PKG",
        "NAME": "Cook House",
        "NUMBER": 117,
        "Location": "Cook House",
        "Permit_Type": "A, Disability",
        "Handicapped": "Yes",
        "Meters": "No",
        "Comments": "No permit required after 5:00pm.",
        "Paystations": "No",
        "Paystation_Limit": null,
        "Meter_Limit": null,
        "Permit_Days": "M - F",
        "Permit_Period": "7:00am - 5:00pm",
        "NUM": "117B",
        "GlobalID": "fe4bb663-e160-4d1b-9aea-c78e7e68e3b1"
      }
    },
    {
      "type": "Feature",
      "id": 25,
      "geometry": {
        "type": "MultiPolygon",
        "coordinates": [
          [
            [
              [-122.061324840403, 36.9952109889374, 0],
              [-122.061329506583, 36.9951903666341, 0],
              [-122.061370633685, 36.9951956433313, 0],
              [-122.061372521083, 36.9951958001122, 0],
              [-122.061374417333, 36.9951957882511, 0],
              [-122.061376301091, 36.9951956080339, 0],
              [-122.061378148829, 36.9951952624788, 0],
              [-122.061379937014, 36.9951947546046, 0],
              [-122.061381643314, 36.9951940910184, 0],
              [-122.06133183056, 36.9954188099983, 0],
              [-122.061330033183, 36.9954170938464, 0],
              [-122.06132806759, 36.9954155007059, 0],
              [-122.061325945237, 36.9954140412377, 0],
              [-122.061323682075, 36.9954127260427, 0],
              [-122.061321293997, 36.995411563019, 0],
              [-122.061318793528, 36.9954105601096, 0],
              [-122.061316201015, 36.9954097233506, 0],
              [-122.061313531211, 36.9954090597542, 0],
              [-122.061310803285, 36.9954085726684, 0],
              [-122.061281415894, 36.9954043302166, 0],
              [-122.061283943383, 36.9953930747159, 0],
              [-122.06132038933, 36.9952306639097, 0],
              [-122.061324840403, 36.9952109889374, 0]
            ]
          ],
          [
            [
              [-122.062117562648, 36.9954614368672, 0],
              [-122.062203527367, 36.9954528914564, 0],
              [-122.062195922967, 36.9954648016406, 0],
              [-122.062193633869, 36.9954729836001, 0],
              [-122.062195296009, 36.9954859610775, 0],
              [-122.062198386682, 36.9955021493077, 0],
              [-122.062132286236, 36.9955087200634, 0],
              [-122.062117562648, 36.9954614368672, 0]
            ]
          ],
          [
            [
              [-122.061485290257, 36.9957163510474, 0],
              [-122.061483099164, 36.995716124435, 0],
              [-122.061660399706, 36.9957189583043, 0],
              [-122.061658674389, 36.9957200583273, 0],
              [-122.061657083093, 36.9957212818223, 0],
              [-122.061655640214, 36.9957226186834, 0],
              [-122.061654359005, 36.995724057919, 0],
              [-122.061653250436, 36.9957255867655, 0],
              [-122.061652324317, 36.9957271906725, 0],
              [-122.061651588265, 36.9957288578224, 0],
              [-122.061651048683, 36.995730571908, 0],
              [-122.061650709782, 36.9957323193551, 0],
              [-122.061650575738, 36.9957340847874, 0],
              [-122.061649950252, 36.9957690387872, 0],
              [-122.061636014995, 36.9957688143795, 0],
              [-122.061504541039, 36.9957666999684, 0],
              [-122.0615052204, 36.9957349805381, 0],
              [-122.061505072391, 36.9957332125728, 0],
              [-122.061504721399, 36.9957314626447, 0],
              [-122.061504173341, 36.9957297450937, 0],
              [-122.061503431923, 36.9957280760918, 0],
              [-122.0615025019, 36.9957264681919, 0],
              [-122.06150139254, 36.995724934788, 0],
              [-122.061500114251, 36.9957234901598, 0],
              [-122.06149867512, 36.9957221450135, 0],
              [-122.061497087747, 36.9957209108958, 0],
              [-122.0614953681, 36.9957197993087, 0],
              [-122.061493527581, 36.9957188182103, 0],
              [-122.061491583223, 36.9957179763844, 0],
              [-122.061489550904, 36.9957172808283, 0],
              [-122.061487447601, 36.9957167376228, 0],
              [-122.061485290257, 36.9957163510474, 0]
            ]
          ]
        ]
      },
      "properties": {
        "OBJECTID": 25,
        "CODE": "PKG",
        "NAME": "Foundry",
        "NUMBER": 140,
        "Location": "Performing Arts (upper)",
        "Permit_Type": "Disability, Reserved",
        "Handicapped": "Yes",
        "Meters": "No",
        "Comments": null,
        "Paystations": "No",
        "Paystation_Limit": null,
        "Meter_Limit": null,
        "Permit_Days": "All",
        "Permit_Period": "All",
        "NUM": "140",
        "GlobalID": "415856db-f8ee-44ce-b1cd-049d20d9ac01"
      }
    },
    {
      "type": "Feature",
      "id": 26,
      "geometry": {
        "type": "Polygon",
        "coordinates": [
          [
            [-122.061557361724, 36.9963466173908, 0],
            [-122.061559424921, 36.9963425857665, 0],
            [-122.061561282286, 36.9963384893076, 0],
            [-122.061562930618, 36.9963343361678, 0],
            [-122.061564366677, 36.9963301326987, 0],
            [-122.061565589493, 36.9963258861231, 0],
            [-122.061566594701, 36.9963216028076, 0],
            [-122.061567383577, 36.9963172899447, 0],
            [-122.061567951795, 36.9963129557031, 0],
            [-122.061568300592, 36.9963086054734, 0],
            [-122.061568427907, 36.9963042482952, 0],
            [-122.061568333874, 36.996299890475, 0],
            [-122.061568019764, 36.9962955392054, 0],
            [-122.061567485728, 36.9962912016938, 0],
            [-122.061566731916, 36.9962868851479, 0],
            [-122.061565759601, 36.9962825967602, 0],
            [-122.061564571179, 36.9962783437081, 0],
            [-122.061564179587, 36.9962754525098, 0],
            [-122.061563585143, 36.9962726397271, 0],
            [-122.061563572767, 36.9962725849199, 0],
            [-122.061562754297, 36.9962697508036, 0],
            [-122.061561726665, 36.996266961843, 0],
            [-122.061560493411, 36.9962642261017, 0],
            [-122.06155905927, 36.9962615552317, 0],
            [-122.061557428905, 36.9962589572814, 0],
            [-122.061555606995, 36.9962564412, 0],
            [-122.061553602752, 36.9962540176786, 0],
            [-122.061551420838, 36.9962516947656, 0],
            [-122.061549069263, 36.9962494795632, 0],
            [-122.061546558345, 36.9962473818465, 0],
            [-122.061543417846, 36.9962425105687, 0],
            [-122.061540086927, 36.9962377211447, 0],
            [-122.061536570174, 36.9962330180191, 0],
            [-122.061532869946, 36.9962284065674, 0],
            [-122.061585528612, 36.9961806061873, 0],
            [-122.06158796956, 36.9961800967822, 0],
            [-122.061590344008, 36.9961794152378, 0],
            [-122.061592632937, 36.9961785654134, 0],
            [-122.06159481744, 36.9961775565742, 0],
            [-122.061596883046, 36.9961763952221, 0],
            [-122.061598809725, 36.9961750906371, 0],
            [-122.061600585346, 36.9961736537962, 0],
            [-122.061602193286, 36.996172095736, 0],
            [-122.061620047239, 36.996153137133, 0],
            [-122.061727151991, 36.9962106298312, 0],
            [-122.061766779609, 36.9962318280512, 0],
            [-122.061754873995, 36.9962445933427, 0],
            [-122.061746883517, 36.9962549649178, 0],
            [-122.061745958114, 36.9962569274914, 0],
            [-122.061745230437, 36.9962589432922, 0],
            [-122.06174470584, 36.9962609996317, 0],
            [-122.061744388533, 36.9962630829357, 0],
            [-122.061744280502, 36.9962651805608, 0],
            [-122.061744381426, 36.9962672771911, 0],
            [-122.061744691082, 36.9962693620153, 0],
            [-122.061745208009, 36.9962714188313, 0],
            [-122.061745928613, 36.9962734368729, 0],
            [-122.061746846976, 36.9962754018003, 0],
            [-122.061747959486, 36.9962773019462, 0],
            [-122.061749257999, 36.9962791239018, 0],
            [-122.061750733324, 36.9962808578768, 0],
            [-122.061752377316, 36.9962824904626, 0],
            [-122.061754178556, 36.9962840127999, 0],
            [-122.061860414749, 36.9963403003944, 0],
            [-122.061862846166, 36.9963408986795, 0],
            [-122.06186533155, 36.9963413367307, 0],
            [-122.061867851711, 36.9963416102987, 0],
            [-122.061870392029, 36.9963417186781, 0],
            [-122.061872934495, 36.9963416603078, 0],
            [-122.061875463384, 36.9963414353981, 0],
            [-122.061877960761, 36.9963410459916, 0],
            [-122.061880409834, 36.9963404950167, 0],
            [-122.061882794955, 36.9963397862876, 0],
            [-122.061885099329, 36.9963389227328, 0],
            [-122.06188730963, 36.9963379117403, 0],
            [-122.061889409139, 36.9963367598422, 0],
            [-122.061891384527, 36.9963354744267, 0],
            [-122.06191452599, 36.9963110179935, 0],
            [-122.061992461641, 36.9963522964588, 0],
            [-122.061973767538, 36.9963769880539, 0],
            [-122.061972629545, 36.9963787227698, 0],
            [-122.061971680666, 36.9963805288517, 0],
            [-122.061970928522, 36.996382394482, 0],
            [-122.061970378409, 36.9963843042695, 0],
            [-122.061970035663, 36.9963862446248, 0],
            [-122.061969901125, 36.9963882020188, 0],
            [-122.061969977865, 36.9963901619912, 0],
            [-122.061970262176, 36.9963921083702, 0],
            [-122.06189816371, 36.996486642902, 0],
            [-122.061895190126, 36.9964891465789, 0],
            [-122.061891154545, 36.9964932037144, 0],
            [-122.061887577303, 36.9964975277756, 0],
            [-122.061884386024, 36.9965020422287, 0],
            [-122.061881697899, 36.9965067635287, 0],
            [-122.061879430632, 36.9965116242867, 0],
            [-122.06187769997, 36.9965166256565, 0],
            [-122.061877099754, 36.9965233629135, 0],
            [-122.061876803731, 36.9965284126662, 0],
            [-122.061876307511, 36.9965334524824, 0],
            [-122.061875612125, 36.9965384778423, 0],
            [-122.061874718564, 36.9965434824242, 0],
            [-122.06187362898, 36.9965484616934, 0],
            [-122.061872342157, 36.9965534111601, 0],
            [-122.061870860211, 36.9965583244878, 0],
            [-122.06186918533, 36.9965631989434, 0],
            [-122.061868784533, 36.9965678031062, 0],
            [-122.061868998992, 36.9965739517906, 0],
            [-122.06187010763, 36.9965800389383, 0],
            [-122.061872097452, 36.9965859800109, 0],
            [-122.061843786557, 36.996619024635, 0],
            [-122.061826147172, 36.9966212461138, 0],
            [-122.061810955797, 36.9966246469248, 0],
            [-122.061806003574, 36.9966260668159, 0],
            [-122.061801117177, 36.996627626412, 0],
            [-122.061796302201, 36.996629324737, 0],
            [-122.061791566455, 36.9966311589827, 0],
            [-122.061786216638, 36.996633557486, 0],
            [-122.061780764734, 36.996635801449, 0],
            [-122.061775216302, 36.9966378880936, 0],
            [-122.061769578045, 36.9966398155278, 0],
            [-122.061763857751, 36.9966415800425, 0],
            [-122.061758063243, 36.9966431797305, 0],
            [-122.061752201243, 36.9966446136008, 0],
            [-122.061746279558, 36.9966458788451, 0],
            [-122.061740304888, 36.9966469735714, 0],
            [-122.061734286202, 36.9966478967583, 0],
            [-122.061728230239, 36.9966486483159, 0],
            [-122.061722143681, 36.9966492254508, 0],
            [-122.061716035534, 36.9966496289439, 0],
            [-122.06171061281, 36.9966498195912, 0],
            [-122.061704566656, 36.996649908638, 0],
            [-122.061697660012, 36.9966497884106, 0],
            [-122.061691542915, 36.9966494917939, 0],
            [-122.0616854424, 36.996649020123, 0],
            [-122.061679367471, 36.9966483741788, 0],
            [-122.061673324905, 36.9966475556729, 0],
            [-122.061667321442, 36.996646564515, 0],
            [-122.061661367246, 36.9966454032726, 0],
            [-122.061655467934, 36.9966440718707, 0],
            [-122.061649631425, 36.9966425729068, 0],
            [-122.061643865618, 36.9966409080777, 0],
            [-122.061634974083, 36.9966379450118, 0],
            [-122.06162706142, 36.9966349409054, 0],
            [-122.061621648571, 36.9966326360082, 0],
            [-122.061616341526, 36.9966301782938, 0],
            [-122.061611145939, 36.9966275694889, 0],
            [-122.061606070908, 36.996624814879, 0],
            [-122.061601120964, 36.9966219162057, 0],
            [-122.06159563424, 36.9966172484623, 0],
            [-122.061590311279, 36.996612459569, 0],
            [-122.06158515665, 36.9966075530694, 0],
            [-122.061580173835, 36.996602534324, 0],
            [-122.061575366279, 36.9965974068915, 0],
            [-122.061570738529, 36.9965921734147, 0],
            [-122.06156629407, 36.9965868392542, 0],
            [-122.061562036344, 36.9965814079685, 0],
            [-122.061557968817, 36.9965758840175, 0],
            [-122.061554092685, 36.9965702709898, 0],
            [-122.061550413677, 36.9965645742159, 0],
            [-122.061546934115, 36.9965587972696, 0],
            [-122.061543655235, 36.9965529455414, 0],
            [-122.061540579357, 36.9965470226052, 0],
            [-122.061537711087, 36.9965410338065, 0],
            [-122.061535051624, 36.9965349827341, 0],
            [-122.061532602202, 36.9965288747785, 0],
            [-122.061530795332, 36.9965238955301, 0],
            [-122.061530366305, 36.9965227153003, 0],
            [-122.061528344006, 36.9965165079034, 0],
            [-122.061526537665, 36.9965102579634, 0],
            [-122.061524948499, 36.9965039699698, 0],
            [-122.061523577724, 36.9964976484125, 0],
            [-122.061522426595, 36.996491299583, 0],
            [-122.061521495187, 36.9964849270851, 0],
            [-122.061520785878, 36.9964785371954, 0],
            [-122.061520297599, 36.9964721326317, 0],
            [-122.061520032749, 36.9964657205714, 0],
            [-122.061519989154, 36.9964593046485, 0],
            [-122.061520168052, 36.9964528902536, 0],
            [-122.06152056843, 36.9964464828073, 0],
            [-122.061521191506, 36.9964400867994, 0],
            [-122.061522036251, 36.9964337067495, 0],
            [-122.061523100511, 36.9964273471926, 0],
            [-122.06152438556, 36.996421015321, 0],
            [-122.061525889207, 36.9964147138677, 0],
            [-122.061527610441, 36.9964084482535, 0],
            [-122.061529549357, 36.9964022229828, 0],
            [-122.061531701592, 36.9963960444226, 0],
            [-122.061534068326, 36.9963899152606, 0],
            [-122.061536645198, 36.9963838418635, 0],
            [-122.061539432281, 36.9963778278352, 0],
            [-122.061542427442, 36.9963718786112, 0],
            [-122.061545626283, 36.9963659987564, 0],
            [-122.061547572759, 36.9963626752313, 0],
            [-122.061549027753, 36.9963601918897, 0],
            [-122.061552629721, 36.9963544634468, 0],
            [-122.061555094829, 36.9963505787448, 0],
            [-122.061557361724, 36.9963466173908, 0]
          ]
        ]
      },
      "properties": {
        "OBJECTID": 26,
        "CODE": "PKG",
        "NAME": "Kerr Hall",
        "NUMBER": 141,
        "Location": "Kerr Hall",
        "Permit_Type": "Reserved, Disability, Medical",
        "Handicapped": "Yes",
        "Meters": "No",
        "Comments": null,
        "Paystations": "No",
        "Paystation_Limit": null,
        "Meter_Limit": null,
        "Permit_Days": "All",
        "Permit_Period": "All",
        "NUM": "141",
        "GlobalID": "2d0f0ef5-99c8-424b-86de-bccd4d046ab4"
      }
    },
    {
      "type": "Feature",
      "id": 27,
      "geometry": {
        "type": "Polygon",
        "coordinates": [
          [
            [-122.060267972182, 36.9950621511684, -0.000038558660889975],
            [-122.060320767902, 36.995039861443, -0.000038558660889975],
            [-122.060324003353, 36.9950410915573, -0.000038558660889975],
            [-122.060327318905, 36.9950421755078, -0.000038558660889975],
            [-122.060330704394, 36.9950431107271, -0.000038558660889975],
            [-122.060334149636, 36.9950438937463, -0.000038558660889975],
            [-122.060340070306, 36.9950450167513, -0.000038558660889975],
            [-122.060346033881, 36.9950459877815, -0.000038558660889975],
            [-122.060352031338, 36.9950468051551, -0.000038558660889975],
            [-122.060358059308, 36.9950474689172, -0.000038558660889975],
            [-122.060364110994, 36.9950479764553, -0.000038558660889975],
            [-122.060370179676, 36.9950483287602, -0.000038558660889975],
            [-122.060376258597, 36.9950485250213, -0.000038558660889975],
            [-122.060382343263, 36.9950485652985, -0.000038558660889975],
            [-122.060388425793, 36.9950484487961, -0.000038558660889975],
            [-122.060394500591, 36.9950481764902, -0.000038558660889975],
            [-122.060396131108, 36.9950483529441, -0.000038558660889975],
            [-122.060397720105, 36.9950486939708, -0.000038558660889975],
            [-122.060399241637, 36.9950491945101, -0.000038558660889975],
            [-122.060400671948, 36.9950498467689, -0.000038558660889975],
            [-122.060401987207, 36.9950506393506, -0.000038558660889975],
            [-122.060403165811, 36.9950515599272, -0.000038558660889975],
            [-122.060404187243, 36.9950525943543, -0.000038558660889975],
            [-122.060405037632, 36.995053723892, -0.000038558660889975],
            [-122.060405700895, 36.9950549316331, -0.000038558660889975],
            [-122.060406167618, 36.9950561969759, -0.000038558660889975],
            [-122.060406428383, 36.9950574993188, -0.000038558660889975],
            [-122.060406481637, 36.9950588179552, -0.000038558660889975],
            [-122.060407485694, 36.9950631239505, -0.000038558660889975],
            [-122.06040836092, 36.9950674478905, -0.000038558660889975],
            [-122.060409108382, 36.9950717870573, -0.000038558660889975],
            [-122.060409725797, 36.9950761396791, -0.000038558660889975],
            [-122.060410387684, 36.9950834422167, -0.000038558660889975],
            [-122.060410875625, 36.9950907542905, -0.000038558660889975],
            [-122.060411187298, 36.9950980723268, -0.000038558660889975],
            [-122.060411324893, 36.9951053935927, -0.000038558660889975],
            [-122.060411287232, 36.9951127154003, -0.000038558660889975],
            [-122.060411073152, 36.9951200359628, -0.000038558660889975],
            [-122.060410684827, 36.9951273516464, -0.000038558660889975],
            [-122.060410611505, 36.9951277698802, -0.000038558660889975],
            [-122.06040945198, 36.9951344145759, -0.000038558660889975],
            [-122.060408032158, 36.9951414547729, -0.000038558660889975],
            [-122.060407339997, 36.9951444776252, -0.000038558660889975],
            [-122.060406425321, 36.9951484704354, -0.000038558660889975],
            [-122.060404634728, 36.9951554561128, -0.000038558660889975],
            [-122.060402659217, 36.995162410018, -0.000038558660889975],
            [-122.060400499837, 36.9951693285324, -0.000038558660889975],
            [-122.060398157655, 36.995176208938, -0.000038558660889975],
            [-122.060395633719, 36.9951830476162, -0.000038558660889975],
            [-122.060393103155, 36.9951898377183, -0.000038558660889975],
            [-122.06039036929, 36.995196576468, -0.000038558660889975],
            [-122.060387433172, 36.9952032602464, -0.000038558660889975],
            [-122.060384296973, 36.9952098854196, -0.000038558660889975],
            [-122.060380963988, 36.9952164483387, -0.000038558660889975],
            [-122.060377432999, 36.9952229445142, -0.000038558660889975],
            [-122.060373708424, 36.995229370282, -0.000038558660889975],
            [-122.060369792454, 36.9952357229093, -0.000038558660889975],
            [-122.060365686099, 36.9952419969754, -0.000038558660889975],
            [-122.060361391568, 36.9952481906484, -0.000038558660889975],
            [-122.060354058637, 36.9952582559374, -0.000038558660889975],
            [-122.060346557766, 36.9952682414636, -0.000038558660889975],
            [-122.060338888897, 36.9952781445239, -0.000038558660889975],
            [-122.060331055382, 36.9952879641723, -0.000038558660889975],
            [-122.060323058289, 36.9952976976909, -0.000038558660889975],
            [-122.060314897616, 36.9953073450797, -0.000038558660889975],
            [-122.060306575535, 36.9953169027048, -0.000038558660889975],
            [-122.060294794416, 36.9953293381453, -0.000038558660889975],
            [-122.06028286647, 36.9953416827253, -0.000038558660889975],
            [-122.060270792802, 36.9953539355286, -0.000038558660889975],
            [-122.060258574517, 36.9953660956394, -0.000038558660889975],
            [-122.060246212718, 36.9953781621416, -0.000038558660889975],
            [-122.060233708511, 36.9953901341193, -0.000038558660889975],
            [-122.060228482834, 36.9953955300664, -0.000038558660889975],
            [-122.060223360736, 36.9954009904152, -0.000038558660889975],
            [-122.060218344425, 36.9954065133338, -0.000038558660889975],
            [-122.060213434987, 36.9954120970053, -0.000038558660889975],
            [-122.060211942967, 36.9954136111397, -0.000038558660889975],
            [-122.060210629464, 36.9954152274251, -0.000038558660889975],
            [-122.060209504305, 36.9954169322123, -0.000038558660889975],
            [-122.060208578478, 36.9954187136388, -0.000038558660889975],
            [-122.060207858366, 36.9954205544965, -0.000038558660889975],
            [-122.060207349288, 36.9954224402952, -0.000038558660889975],
            [-122.060207057662, 36.9954243556287, -0.000038558660889975],
            [-122.060206983152, 36.9954262842801, -0.000038558660889975],
            [-122.060207129915, 36.9954282099723, -0.000038558660889975],
            [-122.060207493138, 36.9954301174493, -0.000038558660889975],
            [-122.060208072466, 36.9954319895932, -0.000038558660889975],
            [-122.060208860878, 36.9954338129799, -0.000038558660889975],
            [-122.060209381362, 36.9954347459649, -0.000038558660889975],
            [-122.060210024386, 36.9954356286466, -0.000038558660889975],
            [-122.060210782989, 36.9954364503037, -0.000038558660889975],
            [-122.060211647996, 36.995437202047, -0.000038558660889975],
            [-122.060219128044, 36.9954429687863, -0.000038558660889975],
            [-122.060209501108, 36.9954527763633, -0.000038558660889975],
            [-122.060191477281, 36.9954711386259, -0.000038558660889975],
            [-122.060176113145, 36.9954893003979, -0.000038558660889975],
            [-122.060166928188, 36.995500156458, -0.000038558660889975],
            [-122.060162447203, 36.9954976515844, -0.000038558660889975],
            [-122.06015784671, 36.9954952888951, -0.000038558660889975],
            [-122.060153134666, 36.9954930727898, -0.000038558660889975],
            [-122.060148317883, 36.995491006782, -0.000038558660889975],
            [-122.060143404263, 36.9954890925686, -0.000038558660889975],
            [-122.060138401779, 36.99548733545, -0.000038558660889975],
            [-122.060133316048, 36.9954857353511, -0.000038558660889975],
            [-122.060128156168, 36.9954842975573, -0.000038558660889975],
            [-122.060125218785, 36.9954834626804, -0.000038558660889975],
            [-122.060122217343, 36.9954827890727, -0.000038558660889975],
            [-122.060119165395, 36.9954822801577, -0.000038558660889975],
            [-122.06011607758, 36.9954819375421, -0.000038558660889975],
            [-122.060112968557, 36.9954817637333, -0.000038558660889975],
            [-122.060109851822, 36.9954817594521, -0.000038558660889975],
            [-122.060106741958, 36.9954819236024, -0.000038558660889975],
            [-122.060103653587, 36.9954822568897, -0.000038558660889975],
            [-122.060100599006, 36.995482756446, -0.000038558660889975],
            [-122.060097595045, 36.995483421145, -0.000038558660889975],
            [-122.060094652862, 36.9954842472329, -0.000038558660889975],
            [-122.060092123588, 36.9954848848565, -0.000038558660889975],
            [-122.060089659161, 36.9954856694088, -0.000038558660889975],
            [-122.060087273004, 36.9954865980066, -0.000038558660889975],
            [-122.060084978446, 36.9954876632622, -0.000038558660889975],
            [-122.060082787766, 36.9954888614066, -0.000038558660889975],
            [-122.060080712066, 36.995490185983, -0.000038558660889975],
            [-122.060078763533, 36.9954916287176, -0.000038558660889975],
            [-122.060053734025, 36.9954593708269, -0.000038558660889975],
            [-122.060074987852, 36.9954314875307, -0.000038558660889975],
            [-122.060084005355, 36.9954193314913, -0.000038558660889975],
            [-122.060093163593, 36.9954072438624, -0.000038558660889975],
            [-122.060102461481, 36.9953952264607, -0.000038558660889975],
            [-122.060111900123, 36.9953832783703, -0.000038558660889975],
            [-122.060121478433, 36.9953714014081, -0.000038558660889975],
            [-122.060122999352, 36.9953692236094, -0.000038558660889975],
            [-122.060124318562, 36.9953669628946, -0.000038558660889975],
            [-122.060125429566, 36.9953646310662, -0.000038558660889975],
            [-122.060126324745, 36.9953622399416, -0.000038558660889975],
            [-122.060126999888, 36.9953598030951, -0.000038558660889975],
            [-122.060127451887, 36.9953573331849, -0.000038558660889975],
            [-122.060127678776, 36.9953548437553, -0.000038558660889975],
            [-122.060127678572, 36.9953523474494, -0.000038558660889975],
            [-122.060127451554, 36.9953498577815, -0.000038558660889975],
            [-122.060126997987, 36.9953473873647, -0.000038558660889975],
            [-122.060126321538, 36.9953449505693, -0.000038558660889975],
            [-122.060125425839, 36.9953425599631, -0.000038558660889975],
            [-122.060124314523, 36.9953402281145, -0.000038558660889975],
            [-122.06012299459, 36.9953379675464, -0.000038558660889975],
            [-122.060121473024, 36.9953357898811, -0.000038558660889975],
            [-122.060119757949, 36.9953337076266, -0.000038558660889975],
            [-122.060117857433, 36.9953317305881, -0.000038558660889975],
            [-122.060115781829, 36.9953298703428, -0.000038558660889975],
            [-122.060109471597, 36.9953264382684, -0.000038558660889975],
            [-122.060103036447, 36.9953231583636, -0.000038558660889975],
            [-122.060146263477, 36.9952357384876, -0.000038558660889975],
            [-122.060152904524, 36.9952339518247, -0.000038558660889975],
            [-122.060159480668, 36.9952320155301, -0.000038558660889975],
            [-122.060165330919, 36.9952297500936, -0.000038558660889975],
            [-122.060171090526, 36.9952273398755, -0.000038558660889975],
            [-122.060176752787, 36.9952247867679, -0.000038558660889975],
            [-122.060182314408, 36.9952220944196, -0.000038558660889975],
            [-122.060187769809, 36.9952192647076, -0.000038558660889975],
            [-122.060193112308, 36.9952163004249, -0.000038558660889975],
            [-122.060198336346, 36.9952132043494, -0.000038558660889975],
            [-122.060203439749, 36.9952099801151, -0.000038558660889975],
            [-122.060208414694, 36.9952066296289, -0.000038558660889975],
            [-122.060213257905, 36.9952031574405, -0.000038558660889975],
            [-122.060217963802, 36.9951995654272, -0.000038558660889975],
            [-122.06022252911, 36.9951958581386, -0.000038558660889975],
            [-122.060226948288, 36.9951920392537, -0.000038558660889975],
            [-122.06023111826, 36.9951876901944, -0.000038558660889975],
            [-122.060235116436, 36.9951832379927, -0.000038558660889975],
            [-122.060238936153, 36.9951786863426, -0.000038558660889975],
            [-122.060242575276, 36.9951740406799, -0.000038558660889975],
            [-122.060246029387, 36.9951693046685, -0.000038558660889975],
            [-122.060249295229, 36.9951644837589, -0.000038558660889975],
            [-122.060252369527, 36.9951595825012, -0.000038558660889975],
            [-122.060255250146, 36.9951546063309, -0.000038558660889975],
            [-122.060257932668, 36.995149558912, -0.000038558660889975],
            [-122.060260414979, 36.9951444465811, -0.000038558660889975],
            [-122.060262694906, 36.9951392729721, -0.000038558660889975],
            [-122.060264770353, 36.9951340453226, -0.000038558660889975],
            [-122.060266639148, 36.9951287672664, -0.000038558660889975],
            [-122.060268298035, 36.9951234442541, -0.000038558660889975],
            [-122.060269747145, 36.9951180825926, -0.000038558660889975],
            [-122.060270984306, 36.9951126859156, -0.000038558660889975],
            [-122.060272008544, 36.9951072614456, -0.000038558660889975],
            [-122.060272818812, 36.9951018128016, -0.000038558660889975],
            [-122.060273414136, 36.9950963472059, -0.000038558660889975],
            [-122.060272792375, 36.9950906500595, -0.000038558660889975],
            [-122.060272283944, 36.9950849459902, -0.000038558660889975],
            [-122.060271817531, 36.995080344421, -0.000038558660889975],
            [-122.060271152593, 36.9950757590248, -0.000038558660889975],
            [-122.060270289222, 36.9950711943064, -0.000038558660889975],
            [-122.060269228673, 36.9950666565574, -0.000038558660889975],
            [-122.060267972182, 36.9950621511684, -0.000038558660889975]
          ]
        ]
      },
      "properties": {
        "OBJECTID": 27,
        "CODE": "PKG",
        "NAME": "Lower McHenry Library",
        "NUMBER": 120,
        "Location": "McHenry College",
        "Permit_Type": "Reserved, Disability, Medical",
        "Handicapped": "Yes",
        "Meters": "Yes",
        "Comments": null,
        "Paystations": "No",
        "Paystation_Limit": null,
        "Meter_Limit": "2 hr.",
        "Permit_Days": "M - F",
        "Permit_Period": "7:00am - 8:30pm",
        "NUM": "120A",
        "GlobalID": "999145d1-c13d-4e25-aaff-6c4a1896a730"
      }
    },
    {
      "type": "Feature",
      "id": 28,
      "geometry": {
        "type": "Polygon",
        "coordinates": [
          [
            [-122.064439516903, 36.9941752452626, -0.000038558660889975],
            [-122.064467994731, 36.9942315413255, -0.000038558660889975],
            [-122.064466010644, 36.9942305180407, -0.000038558660889975],
            [-122.064463917392, 36.9942296476207, -0.000038558660889975],
            [-122.06446173087, 36.9942289379629, -0.000038558660889975],
            [-122.064459472531, 36.9942283941869, -0.000038558660889975],
            [-122.064457159336, 36.9942280214723, -0.000038558660889975],
            [-122.064454813841, 36.9942278240227, -0.000038558660889975],
            [-122.064452456283, 36.9942278024678, -0.000038558660889975],
            [-122.064450105757, 36.9942279565517, -0.000038558660889975],
            [-122.064447783621, 36.994228286889, -0.000038558660889975],
            [-122.064445508876, 36.994228788719, -0.000038558660889975],
            [-122.06444330391, 36.9942294581367, -0.000038558660889975],
            [-122.064441185459, 36.9942302895104, -0.000038558660889975],
            [-122.064439172467, 36.9942312753767, -0.000038558660889975],
            [-122.064437283878, 36.9942324082718, -0.000038558660889975],
            [-122.064435534048, 36.9942336762877, -0.000038558660889975],
            [-122.064433939639, 36.9942350701892, -0.000038558660889975],
            [-122.064432513865, 36.9942365771821, -0.000038558660889975],
            [-122.064431269942, 36.9942381844726, -0.000038558660889975],
            [-122.064430216555, 36.994239877525, -0.000038558660889975],
            [-122.064429365758, 36.9942416417587, -0.000038558660889975],
            [-122.064428723972, 36.9942434617673, -0.000038558660889975],
            [-122.06442829537, 36.9942453221744, -0.000038558660889975],
            [-122.064428085229, 36.9942472066877, -0.000038558660889975],
            [-122.064428094318, 36.9942490981743, -0.000038558660889975],
            [-122.064428324561, 36.994250981288, -0.000038558660889975],
            [-122.064428771092, 36.9942528380701, -0.000038558660889975],
            [-122.064429431364, 36.9942546541358, -0.000038558660889975],
            [-122.064430300545, 36.9942564133283, -0.000038558660889975],
            [-122.064431370436, 36.994258099536, -0.000038558660889975],
            [-122.064432630608, 36.9942596975785, -0.000038558660889975],
            [-122.064437670117, 36.9942951956613, -0.000038558660889975],
            [-122.064429969518, 36.9942965921425, -0.000038558660889975],
            [-122.064422222575, 36.9942978135116, -0.000038558660889975],
            [-122.064414435992, 36.9942988578764, -0.000038558660889975],
            [-122.064406615382, 36.9942997251615, -0.000038558660889975],
            [-122.06439876743, 36.9943004125738, -0.000038558660889975],
            [-122.064390897789, 36.9943009218396, -0.000038558660889975],
            [-122.064383013161, 36.994301251067, -0.000038558660889975],
            [-122.064375120303, 36.9943014010663, -0.000038558660889975],
            [-122.064367224813, 36.9943013708614, -0.000038558660889975],
            [-122.064359334571, 36.9943011612478, -0.000038558660889975],
            [-122.064351454053, 36.9943007712642, -0.000038558660889975],
            [-122.064343591139, 36.9943002017063, -0.000038558660889975],
            [-122.064335751483, 36.9942994543005, -0.000038558660889975],
            [-122.064327941804, 36.9942985280555, -0.000038558660889975],
            [-122.064320167758, 36.9942974246981, -0.000038558660889975],
            [-122.064312434959, 36.9942961441528, -0.000038558660889975],
            [-122.064304751307, 36.9942946881161, -0.000038558660889975],
            [-122.064312879706, 36.9942552194277, -0.000038558660889975],
            [-122.06431333684, 36.9942536497245, -0.000038558660889975],
            [-122.064313580996, 36.994252049533, -0.000038558660889975],
            [-122.064313611446, 36.9942504377879, -0.000038558660889975],
            [-122.064313426337, 36.9942488334393, -0.000038558660889975],
            [-122.064313028274, 36.9942472535749, -0.000038558660889975],
            [-122.064312422123, 36.9942457161533, -0.000038558660889975],
            [-122.064311613914, 36.9942442409201, -0.000038558660889975],
            [-122.064310614075, 36.9942428430556, -0.000038558660889975],
            [-122.064309433053, 36.9942415386413, -0.000038558660889975],
            [-122.064308084645, 36.9942403428125, -0.000038558660889975],
            [-122.064306584895, 36.9942392706744, -0.000038558660889975],
            [-122.064304950875, 36.9942383328123, -0.000038558660889975],
            [-122.064230482303, 36.9942042334008, -0.000038558660889975],
            [-122.064227202942, 36.9942023533204, -0.000038558660889975],
            [-122.06422379639, 36.9942006236425, -0.000038558660889975],
            [-122.064220275095, 36.9941990487063, -0.000038558660889975],
            [-122.064216650402, 36.9941976337667, -0.000038558660889975],
            [-122.064212931408, 36.9941963841088, -0.000038558660889975],
            [-122.064209132791, 36.9941953031407, -0.000038558660889975],
            [-122.064205263592, 36.9941943934448, -0.000038558660889975],
            [-122.064201337383, 36.9941936593449, -0.000038558660889975],
            [-122.064197366538, 36.9941931015765, -0.000038558660889975],
            [-122.064193362346, 36.9941927226916, -0.000038558660889975],
            [-122.064189338322, 36.9941925243115, -0.000038558660889975],
            [-122.06418530682, 36.9941925062705, -0.000038558660889975],
            [-122.064181280216, 36.994192669304, -0.000038558660889975],
            [-122.064177271968, 36.9941930123302, -0.000038558660889975],
            [-122.064173293289, 36.9941935342976, -0.000038558660889975],
            [-122.064169357639, 36.9941942341245, -0.000038558660889975],
            [-122.064165476194, 36.9941951089576, -0.000038558660889975],
            [-122.064161662394, 36.9941961568142, -0.000038558660889975],
            [-122.064157927395, 36.99419737394, -0.000038558660889975],
            [-122.064154282356, 36.9941987565806, -0.000038558660889975],
            [-122.064150739536, 36.9942003000656, -0.000038558660889975],
            [-122.064147310074, 36.9942019997398, -0.000038558660889975],
            [-122.064144003984, 36.9942038509629, -0.000038558660889975],
            [-122.064140832368, 36.9942058472777, -0.000038558660889975],
            [-122.064137805202, 36.9942079822421, -0.000038558660889975],
            [-122.06413493134, 36.9942102494291, -0.000038558660889975],
            [-122.064132219637, 36.9942126424115, -0.000038558660889975],
            [-122.064129678928, 36.9942151538614, -0.000038558660889975],
            [-122.064127316868, 36.9942177737629, -0.000038558660889975],
            [-122.064125141208, 36.9942204966051, -0.000038558660889975],
            [-122.064123158479, 36.9942233123872, -0.000038558660889975],
            [-122.064121374111, 36.9942262120244, -0.000038558660889975],
            [-122.064119795815, 36.9942291882039, -0.000038558660889975],
            [-122.064118426736, 36.994232230069, -0.000038558660889975],
            [-122.064117272283, 36.9942353276343, -0.000038558660889975],
            [-122.064116334533, 36.994238472761, -0.000038558660889975],
            [-122.064115617773, 36.9942416554786, -0.000038558660889975],
            [-122.064115366555, 36.994243563973, -0.000038558660889975],
            [-122.064115330129, 36.9942454822044, -0.000038558660889975],
            [-122.064115511565, 36.9942473957125, -0.000038558660889975],
            [-122.064115908276, 36.9942492883103, -0.000038558660889975],
            [-122.064116516558, 36.9942511438261, -0.000038558660889975],
            [-122.064117331615, 36.994252947905, -0.000038558660889975],
            [-122.064118346391, 36.9942546853214, -0.000038558660889975],
            [-122.064119553863, 36.9942563426514, -0.000038558660889975],
            [-122.064120942482, 36.9942579047296, -0.000038558660889975],
            [-122.064122501895, 36.9942593599792, -0.000038558660889975],
            [-122.064124219482, 36.9942606959527, -0.000038558660889975],
            [-122.0641260804, 36.9942619011336, -0.000038558660889975],
            [-122.064128069878, 36.9942629676092, -0.000038558660889975],
            [-122.064130170823, 36.994263883893, -0.000038558660889975],
            [-122.064132367398, 36.9942646447903, -0.000038558660889975],
            [-122.06413464034, 36.9942652424486, -0.000038558660889975],
            [-122.064136971604, 36.994265673505, -0.000038558660889975],
            [-122.064139341981, 36.9942659328098, -0.000038558660889975],
            [-122.06414173236, 36.9942660197182, -0.000038558660889975],
            [-122.064189126006, 36.9942693522322, -0.000038558660889975],
            [-122.064188391484, 36.9942783677227, -0.000038558660889975],
            [-122.0641878661, 36.9942873912234, -0.000038558660889975],
            [-122.064187548713, 36.9942964218484, -0.000038558660889975],
            [-122.064187440351, 36.9943054550779, -0.000038558660889975],
            [-122.064187542101, 36.9943144890951, -0.000038558660889975],
            [-122.064187851623, 36.9943235194252, -0.000038558660889975],
            [-122.064188370002, 36.9943325442514, -0.000038558660889975],
            [-122.064189097144, 36.994341559069, -0.000038558660889975],
            [-122.064190033012, 36.994350562076, -0.000038558660889975],
            [-122.064191176408, 36.9943595496836, -0.000038558660889975],
            [-122.064192528379, 36.9943685182732, -0.000038558660889975],
            [-122.064192996554, 36.9943760504924, -0.000038558660889975],
            [-122.064193676844, 36.9943835717567, -0.000038558660889975],
            [-122.064194569192, 36.9943910793635, -0.000038558660889975],
            [-122.064195672362, 36.994398567922, -0.000038558660889975],
            [-122.064196985193, 36.9944060356454, -0.000038558660889975],
            [-122.064198508697, 36.994413477113, -0.000038558660889975],
            [-122.06420024057, 36.9944208896522, -0.000038558660889975],
            [-122.064202180718, 36.994428268758, -0.000038558660889975],
            [-122.064204327925, 36.994435609941, -0.000038558660889975],
            [-122.064206682154, 36.9944429113992, -0.000038558660889975],
            [-122.06420923994, 36.9944501686729, -0.000038558660889975],
            [-122.064212002313, 36.9944573772426, -0.000038558660889975],
            [-122.064214965829, 36.9944645335495, -0.000038558660889975],
            [-122.064218130431, 36.9944716348908, -0.000038558660889975],
            [-122.064221493779, 36.9944786767919, -0.000038558660889975],
            [-122.064225054694, 36.9944856565651, -0.000038558660889975],
            [-122.064228811958, 36.9944925697204, -0.000038558660889975],
            [-122.064232762127, 36.9944994126996, -0.000038558660889975],
            [-122.064194580349, 36.9945118952238, -0.000038558660889975],
            [-122.064192295768, 36.9945127342275, -0.000038558660889975],
            [-122.064190106499, 36.9945137260576, -0.000038558660889975],
            [-122.064188031448, 36.9945148614487, -0.000038558660889975],
            [-122.064186081736, 36.9945161348444, -0.000038558660889975],
            [-122.064184273984, 36.9945175352076, -0.000038558660889975],
            [-122.064182620361, 36.9945190533631, -0.000038558660889975],
            [-122.064181132995, 36.994520678334, -0.000038558660889975],
            [-122.064179822875, 36.9945223982575, -0.000038558660889975],
            [-122.064178697601, 36.9945242004149, -0.000038558660889975],
            [-122.064177767036, 36.9945260729584, -0.000038558660889975],
            [-122.064177036515, 36.9945280022985, -0.000038558660889975],
            [-122.064176512478, 36.99452997393, -0.000038558660889975],
            [-122.064176198012, 36.9945319742934, -0.000038558660889975],
            [-122.064176096167, 36.9945339880274, -0.000038558660889975],
            [-122.064176206681, 36.994536002519, -0.000038558660889975],
            [-122.064176529215, 36.9945380015511, -0.000038558660889975],
            [-122.064177061242, 36.9945399716396, -0.000038558660889975],
            [-122.064177799092, 36.9945418984148, -0.000038558660889975],
            [-122.064178736867, 36.9945437684376, -0.000038558660889975],
            [-122.064179869793, 36.9945455682542, -0.000038558660889975],
            [-122.064181187498, 36.994547285387, -0.000038558660889975],
            [-122.064186179101, 36.9945530473892, -0.000038558660889975],
            [-122.064191355014, 36.9945587041838, -0.000038558660889975],
            [-122.06419671067, 36.9945642522272, -0.000038558660889975],
            [-122.064202243747, 36.9945696879457, -0.000038558660889975],
            [-122.06420794964, 36.9945750059938, -0.000038558660889975],
            [-122.064213824961, 36.9945802055157, -0.000038558660889975],
            [-122.064219866208, 36.9945852802501, -0.000038558660889975],
            [-122.064226068851, 36.9945902284551, -0.000038558660889975],
            [-122.064232428323, 36.9945950465874, -0.000038558660889975],
            [-122.064238941197, 36.9945997319892, -0.000038558660889975],
            [-122.064245602886, 36.9946042802159, -0.000038558660889975],
            [-122.064252407719, 36.99460868864, -0.000038558660889975],
            [-122.064259353412, 36.9946129554899, -0.000038558660889975],
            [-122.064266434254, 36.9946170763359, -0.000038558660889975],
            [-122.064273644573, 36.9946210485506, -0.000038558660889975],
            [-122.064280980982, 36.9946248712782, -0.000038558660889975],
            [-122.064288437769, 36.9946285400892, -0.000038558660889975],
            [-122.064296010405, 36.994632053242, -0.000038558660889975],
            [-122.064303693217, 36.994635408109, -0.000038558660889975],
            [-122.064311482798, 36.9946386029335, -0.000038558660889975],
            [-122.06431937123, 36.9946416351181, -0.000038558660889975],
            [-122.064327355105, 36.9946445029061, -0.000038558660889975],
            [-122.06433542877, 36.9946472045708, -0.000038558660889975],
            [-122.064343586571, 36.9946497383856, -0.000038558660889975],
            [-122.064351823959, 36.994652101708, -0.000038558660889975],
            [-122.064355702341, 36.9946530734587, -0.000038558660889975],
            [-122.064359643406, 36.9946538722406, -0.000038558660889975],
            [-122.064363632476, 36.9946544946456, -0.000038558660889975],
            [-122.064367658282, 36.9946549390223, -0.000038558660889975],
            [-122.064371709555, 36.9946552037197, -0.000038558660889975],
            [-122.064375771673, 36.9946552880324, -0.000038558660889975],
            [-122.064379834511, 36.9946551911951, -0.000038558660889975],
            [-122.064383883503, 36.9946549152056, -0.000038558660889975],
            [-122.06438790738, 36.9946544584124, -0.000038558660889975],
            [-122.064391893862, 36.9946538245852, -0.000038558660889975],
            [-122.064395830594, 36.9946530138895, -0.000038558660889975],
            [-122.064399705295, 36.9946520300949, -0.000038558660889975],
            [-122.064403505667, 36.9946508760698, -0.000038558660889975],
            [-122.064407220516, 36.9946495537667, -0.000038558660889975],
            [-122.064410838741, 36.994648069643, -0.000038558660889975],
            [-122.064414349166, 36.9946464265519, -0.000038558660889975],
            [-122.064417740672, 36.9946446300499, -0.000038558660889975],
            [-122.06442100214, 36.9946426856933, -0.000038558660889975],
            [-122.064424124697, 36.9946405990081, -0.000038558660889975],
            [-122.064427099507, 36.9946383773225, -0.000038558660889975],
            [-122.064429915451, 36.9946360261928, -0.000038558660889975],
            [-122.064432563732, 36.9946335547488, -0.000038558660889975],
            [-122.064435038846, 36.9946309684716, -0.000038558660889975],
            [-122.064437330872, 36.9946282765061, -0.000038558660889975],
            [-122.064438232247, 36.9947192833207, -0.000038558660889975],
            [-122.064434292243, 36.9947175653082, -0.000038558660889975],
            [-122.064430254268, 36.9947159982078, -0.000038558660889975],
            [-122.064426129648, 36.9947145863735, -0.000038558660889975],
            [-122.064421925198, 36.9947133333187, -0.000038558660889975],
            [-122.064417651083, 36.9947122416107, -0.000038558660889975],
            [-122.064413317468, 36.9947113138167, -0.000038558660889975],
            [-122.064408934499, 36.9947105516031, -0.000038558660889975],
            [-122.064404511199, 36.9947099566513, -0.000038558660889975],
            [-122.064400057715, 36.9947095306276, -0.000038558660889975],
            [-122.064395583051, 36.9947092743124, -0.000038558660889975],
            [-122.06437916082, 36.9947085789152, -0.000038558660889975],
            [-122.064362746986, 36.9947077473226, -0.000038558660889975],
            [-122.064346346024, 36.9947067785735, -0.000038558660889975],
            [-122.064329957951, 36.9947056735689, -0.000038558660889975],
            [-122.064327493314, 36.9947055822527, -0.000038558660889975],
            [-122.0643250288, 36.9947056585571, -0.000038558660889975],
            [-122.064322581258, 36.9947059022562, -0.000038558660889975],
            [-122.064320167515, 36.9947063122232, -0.000038558660889975],
            [-122.064317806609, 36.994706885499, -0.000038558660889975],
            [-122.064315514173, 36.9947076173683, -0.000038558660889975],
            [-122.064313308083, 36.9947085030852, -0.000038558660889975],
            [-122.064311203932, 36.9947095361324, -0.000038558660889975],
            [-122.064309217276, 36.9947107081904, -0.000038558660889975],
            [-122.064307361443, 36.9947120118712, -0.000038558660889975],
            [-122.064305649705, 36.9947134370834, -0.000038558660889975],
            [-122.064304096476, 36.9947149746219, -0.000038558660889975],
            [-122.064302711601, 36.994716611738, -0.000038558660889975],
            [-122.064301503842, 36.9947183374999, -0.000038558660889975],
            [-122.064277252588, 36.9947567616041, -0.000038558660889975],
            [-122.064270833703, 36.9947552931116, -0.000038558660889975],
            [-122.064264467956, 36.9947536788137, -0.000038558660889975],
            [-122.064258162141, 36.9947519213232, -0.000038558660889975],
            [-122.064251920752, 36.9947500205796, -0.000038558660889975],
            [-122.064245749461, 36.9947479792106, -0.000038558660889975],
            [-122.064239652798, 36.9947457989577, -0.000038558660889975],
            [-122.064233635275, 36.9947434806618, -0.000038558660889975],
            [-122.064227701441, 36.9947410269653, -0.000038558660889975],
            [-122.064221856949, 36.994738439595, -0.000038558660889975],
            [-122.064213662185, 36.9947346175582, -0.000038558660889975],
            [-122.064205576719, 36.9947306489629, -0.000038558660889975],
            [-122.064197606186, 36.9947265346349, -0.000038558660889975],
            [-122.064189751783, 36.9947222781629, -0.000038558660889975],
            [-122.06418202025, 36.9947178794565, -0.000038558660889975],
            [-122.064174412805, 36.9947133430054, -0.000038558660889975],
            [-122.064166936204, 36.9947086696202, -0.000038558660889975],
            [-122.064159592751, 36.9947038619737, -0.000038558660889975],
            [-122.064152385872, 36.9946989227235, -0.000038558660889975],
            [-122.064179848892, 36.9946715321712, -0.000038558660889975],
            [-122.064183242143, 36.9946681477471, -0.000038558660889975],
            [-122.064184730318, 36.9946662379877, -0.000038558660889975],
            [-122.064186024511, 36.9946642389073, -0.000038558660889975],
            [-122.064187116019, 36.9946621641404, -0.000038558660889975],
            [-122.064187998365, 36.9946600263908, -0.000038558660889975],
            [-122.064188666215, 36.9946578392479, -0.000038558660889975],
            [-122.064189114235, 36.994655616301, -0.000038558660889975],
            [-122.064189340459, 36.9946533710945, -0.000038558660889975],
            [-122.064189344104, 36.9946511198604, -0.000038558660889975],
            [-122.064189124288, 36.994648874326, -0.000038558660889975],
            [-122.064188682475, 36.9946466506933, -0.000038558660889975],
            [-122.064188021172, 36.9946444615453, -0.000038558660889975],
            [-122.064187144069, 36.9946423221529, -0.000038558660889975],
            [-122.064186059309, 36.9946402459248, -0.000038558660889975],
            [-122.064184770508, 36.9946382445281, -0.000038558660889975],
            [-122.064183288072, 36.9946363322424, -0.000038558660889975],
            [-122.064168462652, 36.9946193145898, -0.000038558660889975],
            [-122.064164414539, 36.994614618667, -0.000038558660889975],
            [-122.064153741636, 36.9946022387602, -0.000038558660889975],
            [-122.064149925655, 36.9945978993015, -0.000038558660889975],
            [-122.064146256283, 36.9945934785718, -0.000038558660889975],
            [-122.064142734739, 36.9945889810608, -0.000038558660889975],
            [-122.06413936557, 36.994584409411, -0.000038558660889975],
            [-122.064136149976, 36.9945797672113, -0.000038558660889975],
            [-122.06413309026, 36.9945750571343, -0.000038558660889975],
            [-122.06413018876, 36.9945702836547, -0.000038558660889975],
            [-122.06412744778, 36.9945654494452, -0.000038558660889975],
            [-122.064126758532, 36.994563590509, -0.000038558660889975],
            [-122.064125869322, 36.9945617865231, -0.000038558660889975],
            [-122.064124789415, 36.9945600508811, -0.000038558660889975],
            [-122.064123525834, 36.9945583970069, -0.000038558660889975],
            [-122.064122087827, 36.9945568373932, -0.000038558660889975],
            [-122.064120486888, 36.9945553845026, -0.000038558660889975],
            [-122.064118734455, 36.9945540480949, -0.000038558660889975],
            [-122.064116844215, 36.9945528378998, -0.000038558660889975],
            [-122.06411482987, 36.9945517645477, -0.000038558660889975],
            [-122.064112707313, 36.9945508359365, -0.000038558660889975],
            [-122.064110492383, 36.9945500572609, -0.000038558660889975],
            [-122.064108200973, 36.9945494364186, -0.000038558660889975],
            [-122.064105852271, 36.9945489776583, -0.000038558660889975],
            [-122.064103462058, 36.9945486834719, -0.000038558660889975],
            [-122.064101048381, 36.9945485572225, -0.000038558660889975],
            [-122.064098631474, 36.9945485995397, -0.000038558660889975],
            [-122.064096227046, 36.9945488093119, -0.000038558660889975],
            [-122.064093855312, 36.9945491862679, -0.000038558660889975],
            [-122.064091533046, 36.9945497265782, -0.000038558660889975],
            [-122.06405261588, 36.9945618584367, -0.000038558660889975],
            [-122.064047366217, 36.9945523383006, -0.000038558660889975],
            [-122.064042322919, 36.9945427469067, -0.000038558660889975],
            [-122.06403748829, 36.9945330869278, -0.000038558660889975],
            [-122.064032862384, 36.9945233610668, -0.000038558660889975],
            [-122.064028447506, 36.9945135719964, -0.000038558660889975],
            [-122.064024245975, 36.9945037232904, -0.000038558660889975],
            [-122.064020256727, 36.9944938176665, -0.000038558660889975],
            [-122.064016483185, 36.9944838577825, -0.000038558660889975],
            [-122.064012925425, 36.9944738472422, -0.000038558660889975],
            [-122.064009585732, 36.9944637878173, -0.000038558660889975],
            [-122.064006463075, 36.9944536840276, -0.000038558660889975],
            [-122.064003558635, 36.9944435385611, -0.000038558660889975],
            [-122.064000874713, 36.9944333540902, -0.000038558660889975],
            [-122.063998411365, 36.9944231333181, -0.000038558660889975],
            [-122.06399616981, 36.9944128807342, -0.000038558660889975],
            [-122.063994150065, 36.9944025972396, -0.000038558660889975],
            [-122.063992353367, 36.9943922882248, -0.000038558660889975],
            [-122.063990779753, 36.9943819554918, -0.000038558660889975],
            [-122.063989429297, 36.9943716026443, -0.000038558660889975],
            [-122.063988303179, 36.9943612323702, -0.000038558660889975],
            [-122.063987401456, 36.9943508473722, -0.000038558660889975],
            [-122.06398672422, 36.9943404521551, -0.000038558660889975],
            [-122.06398651484, 36.9943301876475, -0.000038558660889975],
            [-122.063986531258, 36.9943199219151, -0.000038558660889975],
            [-122.06398677355, 36.9943096585618, -0.000038558660889975],
            [-122.06398724063, 36.9942993994044, -0.000038558660889975],
            [-122.063987932592, 36.9942891489477, -0.000038558660889975],
            [-122.063988849492, 36.9942789098946, -0.000038558660889975],
            [-122.063989991386, 36.9942686849478, -0.000038558660889975],
            [-122.063991357226, 36.9942584777261, -0.000038558660889975],
            [-122.063992947087, 36.9942482918335, -0.000038558660889975],
            [-122.063994759903, 36.9942381299876, -0.000038558660889975],
            [-122.063996795729, 36.9942279948913, -0.000038558660889975],
            [-122.063999054641, 36.9942178901485, -0.000038558660889975],
            [-122.064001534466, 36.9942078193929, -0.000038558660889975],
            [-122.064004235262, 36.9941977853274, -0.000038558660889975],
            [-122.064007154818, 36.994187789784, -0.000038558660889975],
            [-122.064010630564, 36.9941884190825, -0.000038558660889975],
            [-122.064014147633, 36.9941888747975, -0.000038558660889975],
            [-122.064017692527, 36.9941891562087, -0.000038558660889975],
            [-122.064021252837, 36.9941892607789, -0.000038558660889975],
            [-122.064024815083, 36.9941891886888, -0.000038558660889975],
            [-122.064028363541, 36.9941889401493, -0.000038558660889975],
            [-122.064031886998, 36.9941885162117, -0.000038558660889975],
            [-122.064035370889, 36.9941879188739, -0.000038558660889975],
            [-122.064038802898, 36.9941871501034, -0.000038558660889975],
            [-122.064042167355, 36.9941862128137, -0.000038558660889975],
            [-122.064045455351, 36.9941851107291, -0.000038558660889975],
            [-122.064048650113, 36.9941838476793, -0.000038558660889975],
            [-122.064051742749, 36.9941824282895, -0.000038558660889975],
            [-122.064054719912, 36.994180859047, -0.000038558660889975],
            [-122.064057571587, 36.994179144592, -0.000038558660889975],
            [-122.064060284465, 36.9941772932139, -0.000038558660889975],
            [-122.064062849674, 36.9941753104385, -0.000038558660889975],
            [-122.064065258396, 36.994173204495, -0.000038558660889975],
            [-122.06406749955, 36.9941709827415, -0.000038558660889975],
            [-122.064069565461, 36.9941686542929, -0.000038558660889975],
            [-122.064071448455, 36.9941662282639, -0.000038558660889975],
            [-122.064073140858, 36.9941637137696, -0.000038558660889975],
            [-122.064074636117, 36.9941611199095, -0.000038558660889975],
            [-122.064075928843, 36.9941584575705, -0.000038558660889975],
            [-122.064077014729, 36.9941557358221, -0.000038558660889975],
            [-122.064077888368, 36.99415296465, -0.000038558660889975],
            [-122.064078546651, 36.9941501567126, -0.000038558660889975],
            [-122.064078988644, 36.9941473210344, -0.000038558660889975],
            [-122.06407921008, 36.9941444684869, -0.000038558660889975],
            [-122.064079212324, 36.9941416107675, -0.000038558660889975],
            [-122.064078994481, 36.9941387587024, -0.000038558660889975],
            [-122.064078557878, 36.9941359221869, -0.000038558660889975],
            [-122.06407790278, 36.9941331138343, -0.000038558660889975],
            [-122.064077032743, 36.9941303426088, -0.000038558660889975],
            [-122.064075951363, 36.9941276192766, -0.000038558660889975],
            [-122.064074662253, 36.9941249555047, -0.000038558660889975],
            [-122.064073171216, 36.9941223602273, -0.000038558660889975],
            [-122.064071481829, 36.9941198433095, -0.000038558660889975],
            [-122.064069603303, 36.9941174154423, -0.000038558660889975],
            [-122.064067540317, 36.9941150855747, -0.000038558660889975],
            [-122.064065303169, 36.9941128625807, -0.000038558660889975],
            [-122.064062897625, 36.9941107535926, -0.000038558660889975],
            [-122.064060335122, 36.9941087683701, -0.000038558660889975],
            [-122.064057624798, 36.9941069140002, -0.000038558660889975],
            [-122.064054776909, 36.9941051975551, -0.000038558660889975],
            [-122.064051801698, 36.9941036252057, -0.000038558660889975],
            [-122.064048711649, 36.994102203093, -0.000038558660889975],
            [-122.064045517004, 36.9941009373881, -0.000038558660889975],
            [-122.064042232438, 36.994099831499, -0.000038558660889975],
            [-122.064038868173, 36.9940988906957, -0.000038558660889975],
            [-122.064035437762, 36.9940981184015, -0.000038558660889975],
            [-122.064040175999, 36.9940894583778, -0.000038558660889975],
            [-122.064045116862, 36.9940808713377, -0.000038558660889975],
            [-122.06405025818, 36.9940723609151, -0.000038558660889975],
            [-122.06405560001, 36.9940639298127, -0.000038558660889975],
            [-122.064061139037, 36.9940555807785, -0.000038558660889975],
            [-122.064066874213, 36.9940473174314, -0.000038558660889975],
            [-122.06407280335, 36.9940391425043, -0.000038558660889975],
            [-122.064078923133, 36.9940310587451, -0.000038558660889975],
            [-122.064085231372, 36.9940230688868, -0.000038558660889975],
            [-122.064091728142, 36.994015176533, -0.000038558660889975],
            [-122.064098408989, 36.9940073835459, -0.000038558660889975],
            [-122.06410527174, 36.9939996935594, -0.000038558660889975],
            [-122.064112314206, 36.9939921093064, -0.000038558660889975],
            [-122.064119535301, 36.9939846326037, -0.000038558660889975],
            [-122.064126929465, 36.9939772662295, -0.000038558660889975],
            [-122.064157714188, 36.9939926189821, -0.000038558660889975],
            [-122.064159480154, 36.9939935271399, -0.000038558660889975],
            [-122.06416135199, 36.9939942860823, -0.000038558660889975],
            [-122.064163311537, 36.9939948870406, -0.000038558660889975],
            [-122.064165337304, 36.9939953230936, -0.000038558660889975],
            [-122.064167407858, 36.9939955900225, -0.000038558660889975],
            [-122.064169502943, 36.9939956862966, -0.000038558660889975],
            [-122.064171597774, 36.9939956086435, -0.000038558660889975],
            [-122.064173672191, 36.993995360037, -0.000038558660889975],
            [-122.06417570487, 36.9939949416642, -0.000038558660889975],
            [-122.06417767232, 36.9939943583461, -0.000038558660889975],
            [-122.064179554435, 36.9939936157594, -0.000038558660889975],
            [-122.06418133231, 36.9939927231696, -0.000038558660889975],
            [-122.064182986999, 36.9939916880402, -0.000038558660889975],
            [-122.064236488977, 36.9940196061419, -0.000038558660889975],
            [-122.064181486974, 36.9940859217836, -0.000038558660889975],
            [-122.064180416732, 36.994087560988, -0.000038558660889975],
            [-122.064179533318, 36.9940892697831, -0.000038558660889975],
            [-122.064178843189, 36.9940910345642, -0.000038558660889975],
            [-122.064178350556, 36.9940928417571, -0.000038558660889975],
            [-122.064178061859, 36.9940946768562, -0.000038558660889975],
            [-122.064177976797, 36.9940965254465, -0.000038558660889975],
            [-122.064178097315, 36.9940983730828, -0.000038558660889975],
            [-122.064178421971, 36.9941002044641, -0.000038558660889975],
            [-122.064178949342, 36.9941020051903, -0.000038558660889975],
            [-122.064179674654, 36.9941037618076, -0.000038558660889975],
            [-122.064180590848, 36.9941054590901, -0.000038558660889975],
            [-122.064181692046, 36.9941070845002, -0.000038558660889975],
            [-122.064182968979, 36.994108624644, -0.000038558660889975],
            [-122.06418441242, 36.9941100679298, -0.000038558660889975],
            [-122.064186009749, 36.99411140191, -0.000038558660889975],
            [-122.064187749529, 36.9941126168249, -0.000038558660889975],
            [-122.064189615828, 36.9941137029749, -0.000038558660889975],
            [-122.064213912424, 36.9941256064177, -0.000038558660889975],
            [-122.064215915139, 36.994126445613, -0.000038558660889975],
            [-122.064218008934, 36.9941271267792, -0.000038558660889975],
            [-122.064220174548, 36.9941276420637, -0.000038558660889975],
            [-122.064222392791, 36.9941279872178, -0.000038558660889975],
            [-122.064224642248, 36.9941281589239, -0.000038558660889975],
            [-122.06422690154, 36.9941281556663, -0.000038558660889975],
            [-122.064229149328, 36.994127977731, -0.000038558660889975],
            [-122.064231366536, 36.994127626275, -0.000038558660889975],
            [-122.064233529634, 36.9941271043176, -0.000038558660889975],
            [-122.064235620781, 36.994126418406, -0.000038558660889975],
            [-122.064237619854, 36.9941255733164, -0.000038558660889975],
            [-122.064239506786, 36.9941245765272, -0.000038558660889975],
            [-122.064241266078, 36.9941234390606, -0.000038558660889975],
            [-122.064242878841, 36.9941221710831, -0.000038558660889975],
            [-122.064244332947, 36.9941207835716, -0.000038558660889975],
            [-122.064268306304, 36.9940919996778, -0.000038558660889975],
            [-122.064371625265, 36.9941430845305, -0.000038558660889975],
            [-122.064353164646, 36.9941666784387, -0.000038558660889975],
            [-122.064351877643, 36.9941682133092, -0.000038558660889975],
            [-122.06435077337, 36.9941698367501, -0.000038558660889975],
            [-122.064349860531, 36.9941715351267, -0.000038558660889975],
            [-122.064349146687, 36.9941732939186, -0.000038558660889975],
            [-122.064348637135, 36.9941750977343, -0.000038558660889975],
            [-122.064348338295, 36.9941769311675, -0.000038558660889975],
            [-122.06434825099, 36.9941787797882, -0.000038558660889975],
            [-122.064348375987, 36.994180626463, -0.000038558660889975],
            [-122.064348712965, 36.9941824558762, -0.000038558660889975],
            [-122.06434925936, 36.9941842527419, -0.000038558660889975],
            [-122.064350009237, 36.9941860018192, -0.000038558660889975],
            [-122.064350957783, 36.9941876878524, -0.000038558660889975],
            [-122.064352094589, 36.9941892965619, -0.000038558660889975],
            [-122.064353412635, 36.994190814524, -0.000038558660889975],
            [-122.064354899284, 36.9941922283901, -0.000038558660889975],
            [-122.064356541918, 36.9941935257127, -0.000038558660889975],
            [-122.064358326852, 36.9941946967622, -0.000038558660889975],
            [-122.06436023924, 36.9941957300222, -0.000038558660889975],
            [-122.064362262085, 36.9941966185109, -0.000038558660889975],
            [-122.064364378333, 36.994197352544, -0.000038558660889975],
            [-122.064366569917, 36.9941979278576, -0.000038558660889975],
            [-122.064370159675, 36.9941986367241, -0.000038558660889975],
            [-122.064373794275, 36.9941991791694, -0.000038558660889975],
            [-122.064377462429, 36.9941995526411, -0.000038558660889975],
            [-122.064381150658, 36.99419975732, -0.000038558660889975],
            [-122.064384847694, 36.9941997915549, -0.000038558660889975],
            [-122.064388541181, 36.9941996555113, -0.000038558660889975],
            [-122.064392217659, 36.9941993502711, -0.000038558660889975],
            [-122.064395868144, 36.9941988759546, -0.000038558660889975],
            [-122.064399476947, 36.9941982345747, -0.000038558660889975],
            [-122.064403035122, 36.9941974280536, -0.000038558660889975],
            [-122.064406529227, 36.9941964583742, -0.000038558660889975],
            [-122.064409948124, 36.9941953301916, -0.000038558660889975],
            [-122.064413281761, 36.9941940463444, -0.000038558660889975],
            [-122.064416516753, 36.9941926115179, -0.000038558660889975],
            [-122.064419644191, 36.9941910294365, -0.000038558660889975],
            [-122.064422652973, 36.9941893065573, -0.000038558660889975],
            [-122.064425831561, 36.994187267785, -0.000038558660889975],
            [-122.064428873729, 36.9941850983664, -0.000038558660889975],
            [-122.064431770624, 36.9941828047286, -0.000038558660889975],
            [-122.064434515655, 36.9941803941694, -0.000038558660889975],
            [-122.064437099932, 36.9941778713142, -0.000038558660889975],
            [-122.064439516903, 36.9941752452626, -0.000038558660889975]
          ]
        ]
      },
      "properties": {
        "OBJECTID": 28,
        "CODE": "PKG",
        "NAME": "Porter College",
        "NUMBER": 124,
        "Location": "Porter College",
        "Permit_Type": "A, B, C124, MC, N, Disability, Medical",
        "Handicapped": "Yes",
        "Meters": "No",
        "Comments": "Evening and Weekend Paystation: Flatrate.",
        "Paystations": "Yes",
        "Paystation_Limit": "Flat",
        "Meter_Limit": null,
        "Permit_Days": "All",
        "Permit_Period": "7:00am - 8:30pm",
        "NUM": "124",
        "GlobalID": "f84b416d-12ef-46e9-9f7e-a168d656ac7a"
      }
    },
    {
      "type": "Feature",
      "id": 29,
      "geometry": {
        "type": "Polygon",
        "coordinates": [
          [
            [-122.0649602028, 36.9940314781818, -0.000038558660889975],
            [-122.064847976133, 36.9940196630522, -0.000038558660889975],
            [-122.064848621277, 36.9940181124535, -0.000038558660889975],
            [-122.064849053106, 36.9940165151505, -0.000038558660889975],
            [-122.064849268644, 36.9940148901081, -0.000038558660889975],
            [-122.064849263794, 36.9940132563063, -0.000038558660889975],
            [-122.064849038931, 36.9940116317642, -0.000038558660889975],
            [-122.064848597838, 36.9940100362572, -0.000038558660889975],
            [-122.064847945402, 36.9940084886448, -0.000038558660889975],
            [-122.064847087596, 36.9940070059697, -0.000038558660889975],
            [-122.064846036028, 36.9940056061, -0.000038558660889975],
            [-122.064844802285, 36.9940043060031, -0.000038558660889975],
            [-122.064843400148, 36.9940031199131, -0.000038558660889975],
            [-122.064841847868, 36.9940020611031, -0.000038558660889975],
            [-122.064840162594, 36.9940011437624, -0.000038558660889975],
            [-122.064838362504, 36.9940003775602, -0.000038558660889975],
            [-122.064836470249, 36.9939997712045, -0.000038558660889975],
            [-122.064834508442, 36.9939993316016, -0.000038558660889975],
            [-122.064813523474, 36.9939970023225, -0.000038558660889975],
            [-122.064839148216, 36.9938894344076, -0.000038558660889975],
            [-122.064827829794, 36.993887317921, -0.000038558660889975],
            [-122.064880432113, 36.993653282993, -0.000038558660889975],
            [-122.064915589091, 36.9936573534117, -0.000038558660889975],
            [-122.064917423234, 36.9936577055073, -0.000038558660889975],
            [-122.06491929645, 36.9936578840493, -0.000038558660889975],
            [-122.064921182852, 36.9936578866813, -0.000038558660889975],
            [-122.064923056587, 36.993657712849, -0.000038558660889975],
            [-122.064924891877, 36.9936573656016, -0.000038558660889975],
            [-122.064926665231, 36.9936568497604, -0.000038558660889975],
            [-122.064928350947, 36.9936561719785, -0.000038558660889975],
            [-122.064929927872, 36.9936553415516, -0.000038558660889975],
            [-122.064931372645, 36.9936543696075, -0.000038558660889975],
            [-122.064932667576, 36.9936532699012, -0.000038558660889975],
            [-122.064933793853, 36.9936520562032, -0.000038558660889975],
            [-122.064934737251, 36.9936507467281, -0.000038558660889975],
            [-122.064935484611, 36.9936493569729, -0.000038558660889975],
            [-122.064936024009, 36.9936479078249, -0.000038558660889975],
            [-122.06493635133, 36.9936464173633, -0.000038558660889975],
            [-122.06493645916, 36.9936449073161, -0.000038558660889975],
            [-122.064936347914, 36.9936433975042, -0.000038558660889975],
            [-122.064936018005, 36.9936419077483, -0.000038558660889975],
            [-122.064935475481, 36.9936404586947, -0.000038558660889975],
            [-122.06493472639, 36.9936390709899, -0.000038558660889975],
            [-122.064933780073, 36.993637761631, -0.000038558660889975],
            [-122.064932651527, 36.9936365493422, -0.000038558660889975],
            [-122.064931354587, 36.9936354510605, -0.000038558660889975],
            [-122.064929907525, 36.99363448096, -0.000038558660889975],
            [-122.064928328611, 36.9936336532145, -0.000038558660889975],
            [-122.064926641639, 36.9936329774183, -0.000038558660889975],
            [-122.064924867052, 36.9936324641112, -0.000038558660889975],
            [-122.064654869833, 36.9935911097311, -0.000038558660889975],
            [-122.064653148294, 36.9935905001817, -0.000038558660889975],
            [-122.06465135037, 36.9935900529707, -0.000038558660889975],
            [-122.064649500904, 36.9935897740733, -0.000038558660889975],
            [-122.064647624662, 36.9935896658609, -0.000038558660889975],
            [-122.064645744182, 36.9935897316358, -0.000038558660889975],
            [-122.06464388526, 36.9935899692499, -0.000038558660889975],
            [-122.064642073673, 36.9935903756538, -0.000038558660889975],
            [-122.064640330667, 36.9935909460565, -0.000038558660889975],
            [-122.064638681905, 36.9935916720031, -0.000038558660889975],
            [-122.064637146315, 36.993592545129, -0.000038558660889975],
            [-122.064635746113, 36.9935935534208, -0.000038558660889975],
            [-122.064634498991, 36.9935946831231, -0.000038558660889975],
            [-122.06463342039, 36.993595920511, -0.000038558660889975],
            [-122.064632526821, 36.9935972491415, -0.000038558660889975],
            [-122.064631826874, 36.9935986499744, -0.000038558660889975],
            [-122.064631332566, 36.9936001066269, -0.000038558660889975],
            [-122.0646310491, 36.993601599203, -0.000038558660889975],
            [-122.064630980556, 36.9936031078217, -0.000038558660889975],
            [-122.064631127643, 36.9936046126471, -0.000038558660889975],
            [-122.064631488826, 36.9936060938736, -0.000038558660889975],
            [-122.064632058094, 36.9936075326567, -0.000038558660889975],
            [-122.064632829418, 36.9936089092508, -0.000038558660889975],
            [-122.064633792332, 36.9936102066739, -0.000038558660889975],
            [-122.064634934088, 36.9936114061716, -0.000038558660889975],
            [-122.06463623866, 36.9936124935398, -0.000038558660889975],
            [-122.064637690023, 36.9936134545744, -0.000038558660889975],
            [-122.064639269906, 36.9936142751011, -0.000038558660889975],
            [-122.064640955658, 36.9936149464119, -0.000038558660889975],
            [-122.064642725694, 36.9936154570808, -0.000038558660889975],
            [-122.064644557456, 36.9936158029042, -0.000038558660889975],
            [-122.064646427226, 36.9936159778919, -0.000038558660889975],
            [-122.064684382978, 36.9936209733188, -0.000038558660889975],
            [-122.064646430968, 36.9938065778968, -0.000038558660889975],
            [-122.064604056273, 36.9938006594194, -0.000038558660889975],
            [-122.064602485546, 36.9938004939382, -0.000038558660889975],
            [-122.064600900285, 36.9938004935705, -0.000038558660889975],
            [-122.064599328532, 36.993800656138, -0.000038558660889975],
            [-122.064597797224, 36.9938009803781, -0.000038558660889975],
            [-122.064596329817, 36.993801459668, -0.000038558660889975],
            [-122.06459495087, 36.9938020864685, -0.000038558660889975],
            [-122.064593684906, 36.9938028514391, -0.000038558660889975],
            [-122.064592552965, 36.9938037398783, -0.000038558660889975],
            [-122.064591571631, 36.9938047389469, -0.000038558660889975],
            [-122.064590760747, 36.9938058303551, -0.000038558660889975],
            [-122.064590131186, 36.9938069968342, -0.000038558660889975],
            [-122.064589693768, 36.9938082184128, -0.000038558660889975],
            [-122.064589064419, 36.9938185040819, -0.000038558660889975],
            [-122.06458915591, 36.9938203061463, -0.000038558660889975],
            [-122.064589443732, 36.9938220947631, -0.000038558660889975],
            [-122.064589924234, 36.9938238564636, -0.000038558660889975],
            [-122.064590593785, 36.9938255786796, -0.000038558660889975],
            [-122.06459144759, 36.9938272470563, -0.000038558660889975],
            [-122.064592479771, 36.9938288490559, -0.000038558660889975],
            [-122.064593682221, 36.9938303730714, -0.000038558660889975],
            [-122.064595045693, 36.9938318066103, -0.000038558660889975],
            [-122.06459655989, 36.9938331407987, -0.000038558660889975],
            [-122.064598212193, 36.993834363189, -0.000038558660889975],
            [-122.064599992325, 36.9938354658083, -0.000038558660889975],
            [-122.064601884374, 36.9938364398581, -0.000038558660889975],
            [-122.064603874693, 36.9938372774106, -0.000038558660889975],
            [-122.064606144211, 36.993838034617, -0.000038558660889975],
            [-122.064608490001, 36.9938386240793, -0.000038558660889975],
            [-122.064610892837, 36.993839039747, -0.000038558660889975],
            [-122.064613332427, 36.9938392782875, -0.000038558660889975],
            [-122.064615788535, 36.993839339071, -0.000038558660889975],
            [-122.064618242029, 36.9938392205516, -0.000038558660889975],
            [-122.064620671587, 36.9938389239166, -0.000038558660889975],
            [-122.064623058152, 36.993838451224, -0.000038558660889975],
            [-122.064625380479, 36.9938378072646, -0.000038558660889975],
            [-122.064627620671, 36.9938369958832, -0.000038558660889975],
            [-122.064658795225, 36.9938234563685, -0.000038558660889975],
            [-122.064734096749, 36.9939433317964, -0.000038558660889975],
            [-122.064702932912, 36.9939578183432, -0.000038558660889975],
            [-122.064700987795, 36.9939588799053, -0.000038558660889975],
            [-122.064699170225, 36.9939600776395, -0.000038558660889975],
            [-122.064697494615, 36.9939614023405, -0.000038558660889975],
            [-122.064695975342, 36.9939628430012, -0.000038558660889975],
            [-122.064694624516, 36.9939643877436, -0.000038558660889975],
            [-122.064693453107, 36.9939660238038, -0.000038558660889975],
            [-122.064692469836, 36.9939677384483, -0.000038558660889975],
            [-122.064691684513, 36.9939695171261, -0.000038558660889975],
            [-122.064691102452, 36.9939713453471, -0.000038558660889975],
            [-122.06469072895, 36.9939732077197, -0.000038558660889975],
            [-122.064690567096, 36.9939750906848, -0.000038558660889975],
            [-122.064690616531, 36.9939769771242, -0.000038558660889975],
            [-122.064690879184, 36.993978851692, -0.000038558660889975],
            [-122.064691351403, 36.9939807009191, -0.000038558660889975],
            [-122.064692030566, 36.9939825068168, -0.000038558660889975],
            [-122.06469290969, 36.9939842577632, -0.000038558660889975],
            [-122.064721065159, 36.9940307972447, -0.000038558660889975],
            [-122.064644374771, 36.9940366039788, -0.000038558660889975],
            [-122.064645501635, 36.9940331003391, -0.000038558660889975],
            [-122.064646407454, 36.9940295564067, -0.000038558660889975],
            [-122.064647091253, 36.9940259794041, -0.000038558660889975],
            [-122.06464754989, 36.9940223801881, -0.000038558660889975],
            [-122.064647783532, 36.9940187668669, -0.000038558660889975],
            [-122.064647790122, 36.9940151484802, -0.000038558660889975],
            [-122.064647572112, 36.9940115349083, -0.000038558660889975],
            [-122.064647127426, 36.9940079342896, -0.000038558660889975],
            [-122.064646459639, 36.9940043564896, -0.000038558660889975],
            [-122.064645567797, 36.9940008096315, -0.000038558660889975],
            [-122.064644455458, 36.9939973026799, -0.000038558660889975],
            [-122.064643126197, 36.9939938454997, -0.000038558660889975],
            [-122.064641582412, 36.9939904452684, -0.000038558660889975],
            [-122.064639827697, 36.993987112752, -0.000038558660889975],
            [-122.064638138351, 36.993984329088, -0.000038558660889975],
            [-122.06463625412, 36.9939816282441, -0.000038558660889975],
            [-122.064634179645, 36.9939790173676, -0.000038558660889975],
            [-122.064631921892, 36.9939765071795, -0.000038558660889975],
            [-122.064629489959, 36.9939741029648, -0.000038558660889975],
            [-122.06462689081, 36.9939718154446, -0.000038558660889975],
            [-122.064624132421, 36.9939696499189, -0.000038558660889975],
            [-122.064621225087, 36.9939676152617, -0.000038558660889975],
            [-122.064618176765, 36.9939657158723, -0.000038558660889975],
            [-122.064614998875, 36.9939639606092, -0.000038558660889975],
            [-122.064611700477, 36.993962352956, -0.000038558660889975],
            [-122.064608292953, 36.9939608999693, -0.000038558660889975],
            [-122.06460478761, 36.9939596051025, -0.000038558660889975],
            [-122.064601195775, 36.9939584727094, -0.000038558660889975],
            [-122.064597529895, 36.9939575071293, -0.000038558660889975],
            [-122.064593800135, 36.9939567109291, -0.000038558660889975],
            [-122.06459002005, 36.9939560875321, -0.000038558660889975],
            [-122.064586202013, 36.9939556376734, -0.000038558660889975],
            [-122.064582357312, 36.9939553639053, -0.000038558660889975],
            [-122.064578500567, 36.9939552669327, -0.000038558660889975],
            [-122.06457464301, 36.9939553466052, -0.000038558660889975],
            [-122.064570796996, 36.993955602757, -0.000038558660889975],
            [-122.064566976003, 36.9939560352073, -0.000038558660889975],
            [-122.064563191226, 36.9939566420036, -0.000038558660889975],
            [-122.064559456105, 36.9939574211633, -0.000038558660889975],
            [-122.064555782957, 36.9939583707188, -0.000038558660889975],
            [-122.06455218294, 36.9939594869157, -0.000038558660889975],
            [-122.064548669456, 36.9939607659695, -0.000038558660889975],
            [-122.064545251416, 36.9939622041559, -0.000038558660889975],
            [-122.064466680304, 36.993838262106, -0.000038558660889975],
            [-122.064500230643, 36.9938243780587, -0.000038558660889975],
            [-122.064502781045, 36.9938233570472, -0.000038558660889975],
            [-122.064505228311, 36.9938221851167, -0.000038558660889975],
            [-122.064507559075, 36.9938208678538, -0.000038558660889975],
            [-122.064509758922, 36.9938194144637, -0.000038558660889975],
            [-122.064511816753, 36.9938178314036, -0.000038558660889975],
            [-122.064513720438, 36.9938161296506, -0.000038558660889975],
            [-122.064515457791, 36.9938143174789, -0.000038558660889975],
            [-122.064517021175, 36.9938124058052, -0.000038558660889975],
            [-122.064518400688, 36.9938104046755, -0.000038558660889975],
            [-122.064519588711, 36.9938083259074, -0.000038558660889975],
            [-122.06452057877, 36.9938061822047, -0.000038558660889975],
            [-122.064521364349, 36.9938039844688, -0.000038558660889975],
            [-122.064521942342, 36.9938017453584, -0.000038558660889975],
            [-122.064522307397, 36.9937994775618, -0.000038558660889975],
            [-122.064522459795, 36.9937971945933, -0.000038558660889975],
            [-122.06452239641, 36.9937949082103, -0.000038558660889975],
            [-122.06452211979, 36.9937926327978, -0.000038558660889975],
            [-122.064521630178, 36.9937903800679, -0.000038558660889975],
            [-122.064520930102, 36.9937881635049, -0.000038558660889975],
            [-122.064519963826, 36.9937858423684, -0.000038558660889975],
            [-122.064518785422, 36.993783585358, -0.000038558660889975],
            [-122.064517404101, 36.9937814031645, -0.000038558660889975],
            [-122.064515824638, 36.9937793092418, -0.000038558660889975],
            [-122.064514057385, 36.9937773151666, -0.000038558660889975],
            [-122.06451211264, 36.9937754298128, -0.000038558660889975],
            [-122.064509998507, 36.9937736647871, -0.000038558660889975],
            [-122.064507728691, 36.99377203072, -0.000038558660889975],
            [-122.064505314574, 36.9937705346687, -0.000038558660889975],
            [-122.06450276868, 36.9937691845757, -0.000038558660889975],
            [-122.06450010694, 36.9937679901406, -0.000038558660889975],
            [-122.064497341802, 36.9937669557024, -0.000038558660889975],
            [-122.064494489142, 36.9937660882578, -0.000038558660889975],
            [-122.06449156476, 36.9937653911996, -0.000038558660889975],
            [-122.064465742724, 36.9937612053798, -0.000038558660889975],
            [-122.06451818881, 36.9935359035036, -0.000038558660889975],
            [-122.064582782672, 36.9935450567028, -0.000038558660889975],
            [-122.064585090935, 36.993545301511, -0.000038558660889975],
            [-122.064587415884, 36.9935453766708, -0.000038558660889975],
            [-122.06458973953, 36.993545281522, -0.000038558660889975],
            [-122.064592043921, 36.9935450172068, -0.000038558660889975],
            [-122.064594307754, 36.9935445858133, -0.000038558660889975],
            [-122.064596514238, 36.9935439902701, -0.000038558660889975],
            [-122.064598643268, 36.9935432362542, -0.000038558660889975],
            [-122.064600678128, 36.993542330298, -0.000038558660889975],
            [-122.064602600998, 36.9935412798502, -0.000038558660889975],
            [-122.064604397426, 36.9935400923141, -0.000038558660889975],
            [-122.064606051931, 36.993538779613, -0.000038558660889975],
            [-122.064607550101, 36.993537350952, -0.000038558660889975],
            [-122.064608879844, 36.9935358191101, -0.000038558660889975],
            [-122.064610030171, 36.9935341959501, -0.000038558660889975],
            [-122.064610992397, 36.9935324960078, -0.000038558660889975],
            [-122.064611756697, 36.9935307329327, -0.000038558660889975],
            [-122.064612317754, 36.9935289212154, -0.000038558660889975],
            [-122.064624780326, 36.9934798579284, -0.000038558660889975],
            [-122.0648276159, 36.9935068776718, -0.000038558660889975],
            [-122.064820977593, 36.9935446213504, -0.000038558660889975],
            [-122.0648206054, 36.9935463845745, -0.000038558660889975],
            [-122.064820445976, 36.9935481683756, -0.000038558660889975],
            [-122.064820501211, 36.9935499556058, -0.000038558660889975],
            [-122.064820768539, 36.9935517309791, -0.000038558660889975],
            [-122.064821247602, 36.9935534773776, -0.000038558660889975],
            [-122.064821933571, 36.9935551786446, -0.000038558660889975],
            [-122.064822819387, 36.9935568195544, -0.000038558660889975],
            [-122.064823896869, 36.9935583848964, -0.000038558660889975],
            [-122.064825156729, 36.9935598603762, -0.000038558660889975],
            [-122.064826587437, 36.9935612317292, -0.000038558660889975],
            [-122.064828175251, 36.993562486523, -0.000038558660889975],
            [-122.064829906468, 36.9935636141272, -0.000038558660889975],
            [-122.064831763995, 36.9935646030554, -0.000038558660889975],
            [-122.064833730798, 36.9935654445241, -0.000038558660889975],
            [-122.064835788735, 36.993566130666, -0.000038558660889975],
            [-122.064837920829, 36.9935666554005, -0.000038558660889975],
            [-122.064840104503, 36.9935670136231, -0.000038558660889975],
            [-122.064842320606, 36.9935672028872, -0.000038558660889975],
            [-122.064926951569, 36.9935791358645, -0.000038558660889975],
            [-122.064945026655, 36.9935816843958, -0.000038558660889975],
            [-122.064946332409, 36.9935819660763, -0.000038558660889975],
            [-122.064947675385, 36.9935820931531, -0.000038558660889975],
            [-122.06494902743, 36.9935820623991, -0.000038558660889975],
            [-122.064950359396, 36.9935818769088, -0.000038558660889975],
            [-122.064951643223, 36.99358153796, -0.000038558660889975],
            [-122.064952853246, 36.9935810540076, -0.000038558660889975],
            [-122.064953963821, 36.9935804344076, -0.000038558660889975],
            [-122.064954950519, 36.9935796930056, -0.000038558660889975],
            [-122.064955793443, 36.993578845389, -0.000038558660889975],
            [-122.064956474978, 36.9935779089165, -0.000038558660889975],
            [-122.064956979795, 36.9935769027192, -0.000038558660889975],
            [-122.064957299358, 36.99357584854, -0.000038558660889975],
            [-122.064957425152, 36.9935747690231, -0.000038558660889975],
            [-122.064962002546, 36.9935582932504, -0.000038558660889975],
            [-122.065021051734, 36.9935655992406, -0.000038558660889975],
            [-122.064945808709, 36.9938936433251, -0.000038558660889975],
            [-122.0650038472, 36.9939218120354, -0.000038558660889975],
            [-122.064982509245, 36.9939353683831, -0.000038558660889975],
            [-122.064976212108, 36.9939623688539, -0.000038558660889975],
            [-122.065000910872, 36.993966075776, -0.000038558660889975],
            [-122.064996892603, 36.993984905181, -0.000038558660889975],
            [-122.064970882298, 36.993981340217, -0.000038558660889975],
            [-122.0649602028, 36.9940314781818, -0.000038558660889975]
          ]
        ]
      },
      "properties": {
        "OBJECTID": 29,
        "CODE": "PKG",
        "NAME": "Porter College",
        "NUMBER": 125,
        "Location": "Porter College",
        "Permit_Type": "A, B, MC, N, NC, Disability, Medical",
        "Handicapped": "Yes",
        "Meters": "Yes",
        "Comments": "Evening and Weekend Paystation: Flatrate.",
        "Paystations": "Yes",
        "Paystation_Limit": "Flat",
        "Meter_Limit": "2 hr.",
        "Permit_Days": "All",
        "Permit_Period": "7:00am - 8:30pm",
        "NUM": "125",
        "GlobalID": "c2847974-fe03-430c-b756-84b38e0d6219"
      }
    },
    {
      "type": "Feature",
      "id": 30,
      "geometry": {
        "type": "Polygon",
        "coordinates": [
          [
            [-122.054272481403, 36.9795833718594, -0.000038558660889975],
            [-122.054276496385, 36.9795890868911, 3929.72846144135],
            [-122.054287751731, 36.9795954381091, 3929.72846144135],
            [-122.054302080623, 36.9795961041989, 3929.72846144135],
            [-122.054357067701, 36.9795791319426, 3929.72846144135],
            [-122.054379314732, 36.9795607070771, 3929.72846144135],
            [-122.05438940665, 36.9795363647494, 3929.72846144135],
            [-122.054388690208, 36.9795254157947, 3929.72846144135],
            [-122.054388284181, 36.97951920568, 3929.72846144135],
            [-122.054369962112, 36.9792459712318, 3929.72846144135],
            [-122.054355814078, 36.979236567481, 3929.72846144135],
            [-122.054340354634, 36.9792313690469, 3929.72846144135],
            [-122.05433439618, 36.9792332391205, 3929.72846144135],
            [-122.054327853277, 36.9792361776861, -0.000038558660889975],
            [-122.054329828788, 36.9791674201031, -0.000038558660889975],
            [-122.054333653768, 36.9791704151616, 4078.59706144134],
            [-122.054338896538, 36.9791711419494, 4078.59706144134],
            [-122.054347634158, 36.9791705830234, 4078.59706144134],
            [-122.054358346752, 36.9791705790467, 2039.29856144133],
            [-122.054384895148, 36.9791705686022, 4078.59706144134],
            [-122.054416127377, 36.9791699505089, 4078.59706144134],
            [-122.054428589421, 36.9791696456436, 2039.29856144133],
            [-122.054435714118, 36.9791694713872, 4078.59706144134],
            [-122.054442969206, 36.9791696270315, 4078.59706144134],
            [-122.054500261501, 36.9791710200268, 4078.59706144134],
            [-122.054526709469, 36.9792303895705, 4078.59706144134],
            [-122.05452771807, 36.9793629136296, 4078.59706144134],
            [-122.054536744563, 36.9795688312007, 4078.59706144134],
            [-122.054473101752, 36.9795849465139, 4078.59706144134],
            [-122.054481340081, 36.9796349195992, 4078.59706144134],
            [-122.054370461117, 36.9796674830166, 4078.59706144134],
            [-122.054317417056, 36.9796531399775, 4078.59706144134],
            [-122.054284805204, 36.9796561438592, 4078.59706144134],
            [-122.054268169209, 36.9796733890736, 4078.59706144134],
            [-122.05426124947, 36.9796795048545, 4078.59706144134],
            [-122.054251960527, 36.9796889208314, 4078.59706144134],
            [-122.054243610604, 36.9796987145112, -0.000038558660889975],
            [-122.054272481403, 36.9795833718594, -0.000038558660889975]
          ]
        ]
      },
      "properties": {
        "OBJECTID": 30,
        "CODE": "PKG",
        "NAME": "Admissions",
        "NUMBER": 117,
        "Location": "Cook House",
        "Permit_Type": "Admissions Visitors Only, Disability",
        "Handicapped": "Yes",
        "Meters": "No",
        "Comments": "No permit required after 5:00pm.",
        "Paystations": "No",
        "Paystation_Limit": null,
        "Meter_Limit": null,
        "Permit_Days": "M - F",
        "Permit_Period": "7:00am - 5:00pm",
        "NUM": "117A",
        "GlobalID": "5416c246-337a-4bca-a4bf-211a316bc14b"
      }
    },
    {
      "type": "Feature",
      "id": 31,
      "geometry": {
        "type": "Polygon",
        "coordinates": [
          [
            [-122.06347664611, 36.9904267421958, -0.000038558660889975],
            [-122.063288253834, 36.990428225217, -0.000038558660889975],
            [-122.063286216488, 36.9903719891334, -0.000038558660889975],
            [-122.063468942893, 36.9903705505093, -0.000038558660889975],
            [-122.063475503206, 36.9903724632361, -0.000038558660889975],
            [-122.063469847441, 36.9903799441551, -0.000038558660889975],
            [-122.063472257437, 36.9903959197765, -0.000038558660889975],
            [-122.06347664611, 36.9904267421958, -0.000038558660889975]
          ]
        ]
      },
      "properties": {
        "OBJECTID": 31,
        "CODE": "PKG",
        "NAME": "Oakes College",
        "NUMBER": 144,
        "Location": "Oakes College",
        "Permit_Type": "Disability, Medical",
        "Handicapped": "Yes",
        "Meters": "No",
        "Comments": null,
        "Paystations": "No",
        "Paystation_Limit": null,
        "Meter_Limit": null,
        "Permit_Days": "All",
        "Permit_Period": "All",
        "NUM": "144",
        "GlobalID": "85c6e850-168a-4587-bc1f-e5d1921fcb50"
      }
    },
    {
      "type": "Feature",
      "id": 33,
      "geometry": {
        "type": "MultiPolygon",
        "coordinates": [
          [
            [
              [-122.065428732372, 36.9967421372407, 0],
              [-122.065428043366, 36.9967409388841, 0],
              [-122.065619453809, 36.9969017579607, 0],
              [-122.065617779963, 36.9969025770802, 0],
              [-122.065616235056, 36.996903544969, 0],
              [-122.065614837903, 36.9969046478566, 0],
              [-122.065613606174, 36.9969058710869, 0],
              [-122.065586427615, 36.9969363023969, 0],
              [-122.065559350394, 36.9969207434383, 0],
              [-122.065555054144, 36.9969182741393, 0],
              [-122.065533353486, 36.9969039731893, 0],
              [-122.065524102011, 36.9968978754826, 0],
              [-122.065508818344, 36.9968858035891, 0],
              [-122.065486686211, 36.9968683217939, 0],
              [-122.065485158691, 36.9968668372949, 0],
              [-122.065463862805, 36.9968461387222, 0],
              [-122.06544885479, 36.996831552392, 0],
              [-122.065443265, 36.9968249720701, 0],
              [-122.065424400473, 36.9968027647076, 0],
              [-122.065418247449, 36.9967955214529, 0],
              [-122.065407137409, 36.9967797148647, 0],
              [-122.065390639653, 36.9967562420031, 0],
              [-122.06540699913, 36.9967502431258, 0],
              [-122.065428760344, 36.9967421855299, 0],
              [-122.065428732372, 36.9967421372407, 0]
            ]
          ],
          [
            [
              [-122.065098093045, 36.9969027370054, 0],
              [-122.065090524633, 36.9968855914624, 0],
              [-122.06508218437, 36.9968616576561, 0],
              [-122.06507342273, 36.9968412775081, 0],
              [-122.065063482499, 36.9968150779308, 0],
              [-122.065049137774, 36.996783371657, 0],
              [-122.065035979554, 36.9967561932915, 0],
              [-122.065013612354, 36.9967180005881, 0],
              [-122.064954025186, 36.9966312316724, 0],
              [-122.064990248484, 36.9966017218646, 0],
              [-122.065001579029, 36.9965924912288, 0],
              [-122.065022366439, 36.9965755573816, 0],
              [-122.065119906255, 36.996561326624, 0],
              [-122.065162290262, 36.9966244580972, 0],
              [-122.065135601913, 36.9966460194681, 0],
              [-122.065125892658, 36.9966547119814, 0],
              [-122.065123440821, 36.9966618111469, 0],
              [-122.065128610382, 36.9966753967051, 0],
              [-122.065140996801, 36.9966957885995, 0],
              [-122.065154230564, 36.9967074608745, 0],
              [-122.065175148804, 36.9967126955508, 0],
              [-122.065204969551, 36.996709558539, 0],
              [-122.06529979776, 36.9966644800483, 0],
              [-122.065302126061, 36.9966625562989, 0],
              [-122.065304286656, 36.9966605104346, 0],
              [-122.065306269623, 36.9966583516005, 0],
              [-122.065308065059, 36.9966560898427, 0],
              [-122.065309664205, 36.996653736093, 0],
              [-122.065311060527, 36.9966513003523, 0],
              [-122.065312248634, 36.9966487935072, 0],
              [-122.065313220929, 36.9966462282765, 0],
              [-122.065313974284, 36.9966436164175, 0],
              [-122.065314504451, 36.996640969703, 0],
              [-122.065314809429, 36.9966382998752, 0],
              [-122.065314888338, 36.9966356186615, 0],
              [-122.065314740355, 36.9966329404921, 0],
              [-122.065314364583, 36.9966302761933, 0],
              [-122.065313765779, 36.9966276383182, 0],
              [-122.065312944204, 36.9966250394798, 0],
              [-122.065311905719, 36.996622491315, 0],
              [-122.065310652816, 36.9966200055061, 0],
              [-122.065295077503, 36.9965995473706, 0],
              [-122.065293818492, 36.9965977384411, 0],
              [-122.065292731049, 36.9965958596201, 0],
              [-122.065291819892, 36.9965939216585, 0],
              [-122.065291091967, 36.9965919343763, 0],
              [-122.065290548641, 36.9965899094707, 0],
              [-122.065290195756, 36.9965878576776, 0],
              [-122.065290033537, 36.9965857898084, 0],
              [-122.06529075563, 36.9965614217114, 0],
              [-122.065325841941, 36.9965620909614, 0],
              [-122.06532723862, 36.9965149568282, 0],
              [-122.065355194356, 36.9965154901358, 0],
              [-122.065355149858, 36.9965169659896, 0],
              [-122.065354123821, 36.9965515946696, 0],
              [-122.06535412242, 36.9965516352422, 0],
              [-122.065354121974, 36.9965516676912, 0],
              [-122.065354120573, 36.9965517082639, 0],
              [-122.065353798945, 36.9965625764892, 0],
              [-122.065353796665, 36.9965626287891, 0],
              [-122.065353795509, 36.9965626810739, 0],
              [-122.065353092668, 36.9965864090646, 0],
              [-122.065352382207, 36.9966103642588, 0],
              [-122.065352444796, 36.9966119107714, 0],
              [-122.065352725045, 36.996613442648, 0],
              [-122.065353216908, 36.9966149392422, 0],
              [-122.0653539166, 36.9966163807785, 0],
              [-122.065354813675, 36.9966177511756, 0],
              [-122.06535589763, 36.9966190316492, 0],
              [-122.065357153523, 36.9966202061782, 0],
              [-122.065358567557, 36.9966212596277, 0],
              [-122.065360119252, 36.9966221796555, 0],
              [-122.065361790352, 36.9966229529887, 0],
              [-122.065363559311, 36.9966235700032, 0],
              [-122.065365403533, 36.9966240246938, 0],
              [-122.065367300383, 36.9966243092536, 0],
              [-122.065369225094, 36.9966244213111, 0],
              [-122.0653711529, 36.9966243584953, 0],
              [-122.065373059127, 36.9966241229394, 0],
              [-122.065375853526, 36.9966236456614, 0],
              [-122.065377539577, 36.9966233580868, 0],
              [-122.06537755119, 36.9966234300266, 0],
              [-122.065379608391, 36.9966299487063, 0],
              [-122.065381778878, 36.9966365658988, 0],
              [-122.065384027653, 36.9966431658192, 0],
              [-122.065386353611, 36.9966497493836, 0],
              [-122.065388755592, 36.9966563148052, 0],
              [-122.065391235842, 36.9966628620538, 0],
              [-122.065393790973, 36.9966693902737, 0],
              [-122.065396424336, 36.9966758985188, 0],
              [-122.06539913256, 36.9966823868342, 0],
              [-122.065401916751, 36.9966888543039, 0],
              [-122.065402469681, 36.9966901004475, 0],
              [-122.065402782104, 36.9966908045949, 0],
              [-122.065396201703, 36.9966891427694, 0],
              [-122.065371523132, 36.9966880103623, 0],
              [-122.065368555343, 36.9966887395979, 0],
              [-122.065365647107, 36.9966895230071, 0],
              [-122.065362827479, 36.9966903529908, 0],
              [-122.065360126579, 36.9966912192316, 0],
              [-122.065357571138, 36.9966921105564, 0],
              [-122.065355170125, 36.9966930259438, 0],
              [-122.065352833176, 36.9966939963457, 0],
              [-122.065350449939, 36.9966950637964, 0],
              [-122.065347909967, 36.9966962658259, 0],
              [-122.065345101781, 36.9966976444836, 0],
              [-122.065341913848, 36.9966992391162, 0],
              [-122.065338234636, 36.9967010890703, 0],
              [-122.065333954894, 36.9967032354645, 0],
              [-122.065329004273, 36.9967056990687, 0],
              [-122.065323482885, 36.9967084316775, 0],
              [-122.065317531991, 36.9967113647071, 0],
              [-122.06531129399, 36.9967144304595, 0],
              [-122.065304911304, 36.9967175621378, 0],
              [-122.065298526295, 36.996720690242, 0],
              [-122.065292279138, 36.9967237480054, 0],
              [-122.065286313376, 36.9967266686162, 0],
              [-122.065280741346, 36.9967293973964, 0],
              [-122.065275563049, 36.9967319343463, 0],
              [-122.065270751827, 36.9967342942427, 0],
              [-122.065266277673, 36.9967364928084, 0],
              [-122.065262111647, 36.9967385430486, 0],
              [-122.065258227091, 36.9967404597401, 0],
              [-122.065254595084, 36.9967422567889, 0],
              [-122.06525118674, 36.9967439499029, 0],
              [-122.065247975348, 36.996745551156, 0],
              [-122.065244937581, 36.9967470734779, 0],
              [-122.06524205006, 36.9967485270955, 0],
              [-122.065239292772, 36.9967499221904, 0],
              [-122.065236642356, 36.9967512698905, 0],
              [-122.065234077677, 36.9967525803923, 0],
              [-122.065231575372, 36.9967538648237, 0],
              [-122.065229114307, 36.9967551333816, 0],
              [-122.065226677802, 36.9967563944003, 0],
              [-122.065224273721, 36.9967576477743, 0],
              [-122.065221915467, 36.9967588897191, 0],
              [-122.065219616462, 36.9967601173511, 0],
              [-122.065217389005, 36.9967613278015, 0],
              [-122.065215248746, 36.9967625172558, 0],
              [-122.06521320688, 36.9967636837612, 0],
              [-122.065211277915, 36.9967648226171, 0],
              [-122.065209470856, 36.9967659346041, 0],
              [-122.065207781303, 36.9967670242871, 0],
              [-122.065206200497, 36.9967681025978, 0],
              [-122.065204719601, 36.9967691768646, 0],
              [-122.065203329837, 36.9967702571181, 0],
              [-122.065202022369, 36.9967713506868, 0],
              [-122.065200789541, 36.9967724675862, 0],
              [-122.065199621432, 36.9967736169617, 0],
              [-122.065198511397, 36.9967748034082, 0],
              [-122.065197463854, 36.9967760232616, 0],
              [-122.065196484286, 36.9967772701402, 0],
              [-122.065195577055, 36.9967785376769, 0],
              [-122.065194749837, 36.9967798167569, 0],
              [-122.065194004783, 36.9967811028453, 0],
              [-122.065193350692, 36.9967823868122, 0],
              [-122.065192791962, 36.9967836640924, 0],
              [-122.065192330709, 36.9967849283494, 0],
              [-122.065191958135, 36.996786188713, 0],
              [-122.065191663175, 36.9967874534425, 0],
              [-122.065191432597, 36.996788734431, 0],
              [-122.06519125646, 36.9967900399225, 0],
              [-122.065191120405, 36.9967913818253, 0],
              [-122.065191015618, 36.9967927683684, 0],
              [-122.065190927739, 36.9967942114599, 0],
              [-122.065190851322, 36.9967957192837, 0],
              [-122.065190797786, 36.9967973006986, 0],
              [-122.065190787501, 36.9967989626407, 0],
              [-122.065190837484, 36.9968007129927, 0],
              [-122.065190964752, 36.9968025596368, 0],
              [-122.06519118855, 36.9968045095246, 0],
              [-122.065191527039, 36.9968065714242, 0],
              [-122.065191997216, 36.9968087523173, 0],
              [-122.065192616099, 36.9968110600863, 0],
              [-122.065193386066, 36.9968135010075, 0],
              [-122.065194309533, 36.9968160831594, 0],
              [-122.065195388859, 36.9968188119175, 0],
              [-122.065196624213, 36.9968216953902, 0],
              [-122.065198016869, 36.9968247407702, 0],
              [-122.065199570327, 36.9968279543186, 0],
              [-122.06520128472, 36.9968313423421, 0],
              [-122.065203155535, 36.9968349040001, 0],
              [-122.065205151582, 36.9968385982561, 0],
              [-122.065207238148, 36.9968423769111, 0],
              [-122.065209375974, 36.9968461891238, 0],
              [-122.06521153033, 36.9968499857944, 0],
              [-122.065213664257, 36.9968537187541, 0],
              [-122.065215739617, 36.9968573371465, 0],
              [-122.065217720596, 36.9968607936889, 0],
              [-122.065219580476, 36.9968640463834, 0],
              [-122.065221329347, 36.9968670941934, 0],
              [-122.06522298535, 36.9968699449865, 0],
              [-122.065224568871, 36.9968726065997, 0],
              [-122.06522610028, 36.9968750859694, 0],
              [-122.065227598859, 36.996877391849, 0],
              [-122.065229083835, 36.9968795302886, 0],
              [-122.065230575613, 36.9968815100266, 0],
              [-122.065232087822, 36.9968833380896, 0],
              [-122.065233620614, 36.9968850216852, 0],
              [-122.065235166275, 36.9968865681264, 0],
              [-122.06523671932, 36.9968879837952, 0],
              [-122.065238273162, 36.9968892759896, 0],
              [-122.065239820068, 36.9968904511216, 0],
              [-122.065241355696, 36.996891516459, 0],
              [-122.065242873457, 36.9968924792999, 0],
              [-122.06524436899, 36.9968933460111, 0],
              [-122.065245851431, 36.9968941236796, 0],
              [-122.065247333266, 36.9968948184462, 0],
              [-122.065248824793, 36.9968954391847, 0],
              [-122.065250339603, 36.9968959911201, 0],
              [-122.065251887994, 36.9968964831259, 0],
              [-122.065253482413, 36.9968969195413, 0],
              [-122.065255134302, 36.9968973101258, 0],
              [-122.065256854966, 36.9968976583325, 0],
              [-122.065258656743, 36.9968979630948, 0],
              [-122.065260547457, 36.9968982225053, 0],
              [-122.065262538285, 36.9968984337103, 0],
              [-122.065264639261, 36.9968985929705, 0],
              [-122.065266861579, 36.9968986983334, 0],
              [-122.065269214168, 36.9968987469755, 0],
              [-122.065271708186, 36.9968987351422, 0],
              [-122.065274365872, 36.9968986517209, 0],
              [-122.065277263639, 36.9968984434172, 0],
              [-122.06528048902, 36.9968980513798, 0],
              [-122.065284128348, 36.9968974131693, 0],
              [-122.065288272469, 36.9968964671865, 0],
              [-122.065293006652, 36.9968951537099, 0],
              [-122.065298420617, 36.9968934111552, 0],
              [-122.065304772381, 36.9968911125969, 0],
              [-122.06540453942, 36.9969980390691, 0],
              [-122.065405041846, 36.9969985874639, 0],
              [-122.065402327661, 36.9970025882412, 0],
              [-122.065366997821, 36.9970418082848, 0],
              [-122.065365060271, 36.9970450677712, 0],
              [-122.0653414079, 36.9970667488655, 0],
              [-122.06533504274, 36.9970700758693, 0],
              [-122.06532788798, 36.9970740614265, 0],
              [-122.065271731544, 36.9971007593957, 0],
              [-122.06522248025, 36.9970617738954, 0],
              [-122.06517286711, 36.997013784881, 0],
              [-122.065147647926, 36.9969820442702, 0],
              [-122.065133638915, 36.996964231736, 0],
              [-122.065108065981, 36.9969224754721, 0],
              [-122.065098093045, 36.9969027370054, 0]
            ]
          ]
        ]
      },
      "properties": {
        "OBJECTID": 33,
        "CODE": "PKG",
        "NAME": "Kresge College",
        "NUMBER": 147,
        "Location": "Kresge College",
        "Permit_Type": "A, B, N",
        "Handicapped": "No",
        "Meters": "Yes",
        "Comments": null,
        "Paystations": "No",
        "Paystation_Limit": null,
        "Meter_Limit": "2 hr.",
        "Permit_Days": "All",
        "Permit_Period": "7:00am - 8:30pm",
        "NUM": "147",
        "GlobalID": "d6658598-05de-49ba-9135-d17f1bfdf04b"
      }
    },
    {
      "type": "Feature",
      "id": 34,
      "geometry": {
        "type": "Polygon",
        "coordinates": [
          [
            [-122.063995086289, 36.9973524224086, -0.000038558660889975],
            [-122.063959091883, 36.9973479826109, -0.000038558660889975],
            [-122.063954636043, 36.997345725371, -0.000038558660889975],
            [-122.063957320815, 36.9973120000016, -0.000038558660889975],
            [-122.06395690387, 36.9973090830152, -0.000038558660889975],
            [-122.063953659123, 36.9973064977264, -0.000038558660889975],
            [-122.063946776553, 36.9973039233541, -0.000038558660889975],
            [-122.06389258503, 36.9972975889394, -0.000038558660889975],
            [-122.063887742892, 36.9972995472591, -0.000038558660889975],
            [-122.063885349065, 36.9973066870743, -0.000038558660889975],
            [-122.063879805818, 36.9973336115891, -0.000038558660889975],
            [-122.063837327648, 36.9973252997177, -0.000038558660889975],
            [-122.063871400512, 36.9971647186302, -0.000038558660889975],
            [-122.063888384249, 36.997166292454, -0.000038558660889975],
            [-122.06390496469, 36.997168192507, -0.000038558660889975],
            [-122.063911026969, 36.9971678507959, -0.000038558660889975],
            [-122.063912637986, 36.9971665495028, -0.000038558660889975],
            [-122.063912636863, 36.9971662259888, -0.000038558660889975],
            [-122.063912225592, 36.9971646057459, -0.000038558660889975],
            [-122.063908977464, 36.9971613725421, -0.000038558660889975],
            [-122.063892366384, 36.9971523399409, -0.000038558660889975],
            [-122.063852263987, 36.9971323500844, -0.000038558660889975],
            [-122.063790725451, 36.9971095005762, -0.000038558660889975],
            [-122.063778706915, 36.9971101492204, -0.000038558660889975],
            [-122.063776435805, 36.9971103445811, -0.000038558660889975],
            [-122.063774191343, 36.9971106864794, -0.000038558660889975],
            [-122.063771988037, 36.9971111702149, -0.000038558660889975],
            [-122.063769839345, 36.9971117947059, -0.000038558660889975],
            [-122.063767760883, 36.997112554336, -0.000038558660889975],
            [-122.063765764928, 36.9971134453357, -0.000038558660889975],
            [-122.063734873751, 36.9970287568372, -0.000038558660889975],
            [-122.063823453993, 36.9970662893504, -0.000038558660889975],
            [-122.063827328916, 36.9970675747827, -0.000038558660889975],
            [-122.063899003809, 36.9970978539262, -0.000038558660889975],
            [-122.063943545011, 36.9971158872466, -0.000038558660889975],
            [-122.063958941575, 36.9971245981736, -0.000038558660889975],
            [-122.063969492609, 36.9971342950778, -0.000038558660889975],
            [-122.063978849595, 36.9971482111623, -0.000038558660889975],
            [-122.063984146113, 36.9971579226317, -0.000038558660889975],
            [-122.063985768606, 36.9971592211318, -0.000038558660889975],
            [-122.063982247694, 36.9971864645998, -0.000038558660889975],
            [-122.063982315826, 36.997202351757, -0.000038558660889975],
            [-122.064001894611, 36.997206334817, -0.000038558660889975],
            [-122.064027891336, 36.9972116232793, -0.000038558660889975],
            [-122.064027611301, 36.9972126886414, -0.000038558660889975],
            [-122.064025263002, 36.9972258946952, -0.000038558660889975],
            [-122.064004367232, 36.9973488301902, -0.000038558660889975],
            [-122.064002769843, 36.997353373802, -0.000038558660889975],
            [-122.063995086289, 36.9973524224086, -0.000038558660889975]
          ]
        ]
      },
      "properties": {
        "OBJECTID": 34,
        "CODE": "PKG",
        "NAME": "Redwood Grove Apartments",
        "NUMBER": 159,
        "Location": "Kresge East Apartments",
        "Permit_Type": "C158-159, MC, Disability, Medical",
        "Handicapped": "Yes",
        "Meters": "No",
        "Comments": "Permits required 24/7.",
        "Paystations": "No",
        "Paystation_Limit": null,
        "Meter_Limit": null,
        "Permit_Days": "All",
        "Permit_Period": "All",
        "NUM": "159",
        "GlobalID": "2bb044e3-28e6-48e3-bc08-b2df1c5adafa"
      }
    },
    {
      "type": "Feature",
      "id": 36,
      "geometry": {
        "type": "Polygon",
        "coordinates": [
          [
            [-122.064506998027, 36.9983544783205, -0.000038558660889975],
            [-122.064510504868, 36.9983489358046, -0.000038558660889975],
            [-122.064511336613, 36.9983474412833, -0.000038558660889975],
            [-122.064511979517, 36.9983458889144, -0.000038558660889975],
            [-122.064512429387, 36.998344293173, -0.000038558660889975],
            [-122.064512679803, 36.9983426694658, -0.000038558660889975],
            [-122.064512728858, 36.9983410340397, -0.000038558660889975],
            [-122.064512576869, 36.9983394022108, -0.000038558660889975],
            [-122.064512224194, 36.998337791097, -0.000038558660889975],
            [-122.064511675626, 36.9983362150532, -0.000038558660889975],
            [-122.064510934892, 36.9983346911522, -0.000038558660889975],
            [-122.064510009014, 36.9983332328176, -0.000038558660889975],
            [-122.064508909523, 36.9983318543139, -0.000038558660889975],
            [-122.064507644602, 36.9983305708518, -0.000038558660889975],
            [-122.064506427214, 36.9983295733323, -0.000038558660889975],
            [-122.064505075193, 36.9983286929713, -0.000038558660889975],
            [-122.064503607897, 36.9983279421258, -0.000038558660889975],
            [-122.064502043506, 36.9983273304653, -0.000038558660889975],
            [-122.064500401264, 36.9983268649411, -0.000038558660889975],
            [-122.064498704891, 36.9983265515436, -0.000038558660889975],
            [-122.064496974737, 36.9983263963083, -0.000038558660889975],
            [-122.064495234391, 36.9983263989189, -0.000038558660889975],
            [-122.064493505232, 36.9983265608909, -0.000038558660889975],
            [-122.064491809667, 36.9983268792204, -0.000038558660889975],
            [-122.064490171212, 36.9983273499872, -0.000038558660889975],
            [-122.06448860997, 36.9983279675146, -0.000038558660889975],
            [-122.064487145993, 36.998328723423, -0.000038558660889975],
            [-122.064485798168, 36.9983296075459, -0.000038558660889975],
            [-122.06448105505, 36.9983330308065, -0.000038558660889975],
            [-122.064476223752, 36.9983363741418, -0.000038558660889975],
            [-122.064471307643, 36.9983396375067, -0.000038558660889975],
            [-122.06446630779, 36.9983428181832, -0.000038558660889975],
            [-122.064459218953, 36.9983506752374, -0.000038558660889975],
            [-122.064282110019, 36.9982099519814, -0.000038558660889975],
            [-122.064294816849, 36.9981994079468, -0.000038558660889975],
            [-122.064311219215, 36.998185798059, -0.000038558660889975],
            [-122.064325010377, 36.9981954208485, -0.000038558660889975],
            [-122.064326303672, 36.9981963948222, -0.000038558660889975],
            [-122.064327740173, 36.9981972316963, -0.000038558660889975],
            [-122.064329294886, 36.998197918288, -0.000038558660889975],
            [-122.064330945084, 36.9981984422856, -0.000038558660889975],
            [-122.064332663678, 36.9981987977437, -0.000038558660889975],
            [-122.064334424663, 36.9981989769002, -0.000038558660889975],
            [-122.064336199902, 36.998198977429, -0.000038558660889975],
            [-122.064337961333, 36.9981988006074, -0.000038558660889975],
            [-122.064339680911, 36.9981984486139, -0.000038558660889975],
            [-122.064341331755, 36.9981979254137, -0.000038558660889975],
            [-122.064342888235, 36.9981972412637, -0.000038558660889975],
            [-122.064344325848, 36.9981964064054, -0.000038558660889975],
            [-122.064345621267, 36.9981954337686, -0.000038558660889975],
            [-122.064391972903, 36.9981559842453, -0.000038558660889975],
            [-122.064393448402, 36.9981554039166, -0.000038558660889975],
            [-122.064394823175, 36.9981546807474, -0.000038558660889975],
            [-122.064396076142, 36.998153827637, -0.000038558660889975],
            [-122.064397186186, 36.9981528556829, -0.000038558660889975],
            [-122.064398137921, 36.9981517813129, -0.000038558660889975],
            [-122.064398917063, 36.9981506200388, -0.000038558660889975],
            [-122.064399509404, 36.9981493909765, -0.000038558660889975],
            [-122.064399908581, 36.9981481122349, -0.000038558660889975],
            [-122.064400106002, 36.9981468028545, -0.000038558660889975],
            [-122.064400099871, 36.998145484488, -0.000038558660889975],
            [-122.064399889497, 36.9981441778722, -0.000038558660889975],
            [-122.064399479749, 36.9981429009658, -0.000038558660889975],
            [-122.064398875569, 36.998141675331, -0.000038558660889975],
            [-122.06439808632, 36.9981405188663, -0.000038558660889975],
            [-122.064397124732, 36.9981394494249, -0.000038558660889975],
            [-122.064396004661, 36.9981384848448, -0.000038558660889975],
            [-122.064384206615, 36.998129504926, -0.000038558660889975],
            [-122.064409883934, 36.9981101805409, -0.000038558660889975],
            [-122.064621585826, 36.9982781559407, -0.000038558660889975],
            [-122.064604153161, 36.9982929503427, -0.000038558660889975],
            [-122.064640110044, 36.9983095259476, -0.000038558660889975],
            [-122.064627853845, 36.9983381284369, -0.000038558660889975],
            [-122.064610367833, 36.9983335478558, -0.000038558660889975],
            [-122.064607620898, 36.9983329096995, -0.000038558660889975],
            [-122.064604826573, 36.9983324235795, -0.000038558660889975],
            [-122.064601997231, 36.9983320902311, -0.000038558660889975],
            [-122.064599146389, 36.9983319112753, -0.000038558660889975],
            [-122.064596287583, 36.9983318892342, -0.000038558660889975],
            [-122.06459343313, 36.9983320221403, -0.000038558660889975],
            [-122.064590595386, 36.9983323098278, -0.000038558660889975],
            [-122.064587790077, 36.9983327520859, -0.000038558660889975],
            [-122.064585028379, 36.998333346061, -0.000038558660889975],
            [-122.064582322591, 36.9983340888847, -0.000038558660889975],
            [-122.064579686136, 36.9983349776734, -0.000038558660889975],
            [-122.064577298712, 36.9983359550443, -0.000038558660889975],
            [-122.064575015535, 36.9983370824179, -0.000038558660889975],
            [-122.064572851058, 36.9983383523909, -0.000038558660889975],
            [-122.064570820855, 36.9983397575448, -0.000038558660889975],
            [-122.064568937077, 36.9983412878035, -0.000038558660889975],
            [-122.06456721189, 36.9983429339921, -0.000038558660889975],
            [-122.064565656303, 36.9983446851484, -0.000038558660889975],
            [-122.064564280198, 36.9983465303257, -0.000038558660889975],
            [-122.064563092338, 36.998348458592, -0.000038558660889975],
            [-122.064562100302, 36.9983504563278, -0.000038558660889975],
            [-122.064561309462, 36.9983525117455, -0.000038558660889975],
            [-122.064560727382, 36.9983546103247, -0.000038558660889975],
            [-122.06456035494, 36.9983567403378, -0.000038558660889975],
            [-122.064560196329, 36.9983588873097, -0.000038558660889975],
            [-122.064560252371, 36.9983610368102, -0.000038558660889975],
            [-122.064560522803, 36.998363176226, -0.000038558660889975],
            [-122.064561005099, 36.9983652920731, -0.000038558660889975],
            [-122.064561572914, 36.9983677375121, -0.000038558660889975],
            [-122.064561916567, 36.9983702093882, -0.000038558660889975],
            [-122.064562032426, 36.9983726951335, -0.000038558660889975],
            [-122.064561922436, 36.9983751803028, -0.000038558660889975],
            [-122.064561585231, 36.9983776531989, -0.000038558660889975],
            [-122.064561023879, 36.9983800993614, -0.000038558660889975],
            [-122.064560240363, 36.9983825061471, -0.000038558660889975],
            [-122.064559240019, 36.9983848599664, -0.000038558660889975],
            [-122.064558027095, 36.9983871490469, -0.000038558660889975],
            [-122.064556608069, 36.998389360685, -0.000038558660889975],
            [-122.064554991699, 36.9983914839487, -0.000038558660889975],
            [-122.064553185568, 36.9983935052186, -0.000038558660889975],
            [-122.064506998027, 36.9983544783205, -0.000038558660889975]
          ]
        ]
      },
      "properties": {
        "OBJECTID": 36,
        "CODE": "PKG",
        "NAME": "Redwood Grove Apartments",
        "NUMBER": 158,
        "Location": "Kresge East Apartments",
        "Permit_Type": "C158-159, MC, Disability, Medical",
        "Handicapped": "Yes",
        "Meters": "No",
        "Comments": "Permits required 24/7.",
        "Paystations": "No",
        "Paystation_Limit": null,
        "Meter_Limit": null,
        "Permit_Days": "All",
        "Permit_Period": "All",
        "NUM": "158",
        "GlobalID": "292295bf-2ef1-4dee-a5eb-1bc6a3ca70bd"
      }
    },
    {
      "type": "Feature",
      "id": 38,
      "geometry": {
        "type": "Polygon",
        "coordinates": [
          [
            [-122.06449844402, 37.0000960088428, -0.000038558660889975],
            [-122.064488205296, 37.0000958199076, -0.000038558660889975],
            [-122.064477973132, 37.0000954605578, -0.000038558660889975],
            [-122.064467753145, 37.0000949307177, -0.000038558660889975],
            [-122.064457548686, 37.0000942294415, -0.000038558660889975],
            [-122.064447364285, 37.0000933584706, -0.000038558660889975],
            [-122.06443720554, 37.0000923168289, -0.000038558660889975],
            [-122.064427075859, 37.0000911062731, -0.000038558660889975],
            [-122.064416979735, 37.0000897267429, -0.000038558660889975],
            [-122.064406921679, 37.0000881790791, -0.000038558660889975],
            [-122.064396905062, 37.0000864632364, -0.000038558660889975],
            [-122.064381927579, 37.0000837667226, -0.000038558660889975],
            [-122.064388459833, 37.0000488208965, -0.000038558660889975],
            [-122.064387265215, 37.0000433107848, -0.000038558660889975],
            [-122.064381737093, 37.0000390492589, -0.000038558660889975],
            [-122.064373953363, 37.000037509848, -0.000038558660889975],
            [-122.064365117647, 37.000036279233, -0.000038558660889975],
            [-122.064353739348, 37.0000348916561, -0.000038558660889975],
            [-122.064343240349, 37.0000340744603, -0.000038558660889975],
            [-122.064329977168, 37.0000355680423, -0.000038558660889975],
            [-122.064316744395, 37.0000383589364, -0.000038558660889975],
            [-122.064307185848, 37.0000430408385, -0.000038558660889975],
            [-122.06429967279, 37.0000489894304, -0.000038558660889975],
            [-122.064327591438, 36.9999538796358, -0.000038558660889975],
            [-122.064330142628, 36.9999593553372, -0.000038558660889975],
            [-122.064333080165, 36.9999641760964, -0.000038558660889975],
            [-122.064336010943, 36.9999686725158, -0.000038558660889975],
            [-122.064341366835, 36.9999734581452, -0.000038558660889975],
            [-122.064347930192, 36.9999782248806, -0.000038558660889975],
            [-122.064354471042, 36.9999820195276, -0.000038558660889975],
            [-122.064360592889, 36.999985171833, -0.000038558660889975],
            [-122.064367504338, 36.9999876637888, -0.000038558660889975],
            [-122.064376005122, 36.9999891593399, -0.000038558660889975],
            [-122.06438513719, 36.9999915629414, -0.000038558660889975],
            [-122.06439252266, 36.9999925390375, -0.000038558660889975],
            [-122.06439952951, 36.9999926000895, -0.000038558660889975],
            [-122.06440496759, 36.9999908707738, -0.000038558660889975],
            [-122.064408530037, 36.9999878842072, -0.000038558660889975],
            [-122.064410495551, 36.9999829959027, -0.000038558660889975],
            [-122.064409991873, 36.9999788841937, -0.000038558660889975],
            [-122.064407369434, 36.999975327193, -0.000038558660889975],
            [-122.064402183096, 36.9999723155492, -0.000038558660889975],
            [-122.064368557802, 36.9999646232206, -0.000038558660889975],
            [-122.064413669862, 36.9998306666418, -0.000038558660889975],
            [-122.064454024579, 36.999838967146, -0.000038558660889975],
            [-122.064458847499, 36.9998394756339, -0.000038558660889975],
            [-122.064463637731, 36.9998387931797, -0.000038558660889975],
            [-122.064469506193, 36.9998360965143, -0.000038558660889975],
            [-122.064473693686, 36.9998318326809, -0.000038558660889975],
            [-122.064493626388, 36.9997873221055, -0.000038558660889975],
            [-122.064556876907, 36.9998029234374, -0.000038558660889975],
            [-122.064555296031, 36.9998071820579, -0.000038558660889975],
            [-122.064553797083, 36.9998112205894, -0.000038558660889975],
            [-122.064552093829, 36.9998158070838, -0.000038558660889975],
            [-122.064550971006, 36.9998203713754, -0.000038558660889975],
            [-122.064570150428, 36.9998220328192, -0.000038558660889975],
            [-122.064594642984, 36.9998312254922, -0.000038558660889975],
            [-122.064538191642, 36.9999961586933, -0.000038558660889975],
            [-122.064481477873, 36.9999855641518, -0.000038558660889975],
            [-122.06447524123, 36.9999871464702, -0.000038558660889975],
            [-122.064472117054, 36.9999901902456, -0.000038558660889975],
            [-122.064471166367, 36.9999953587326, -0.000038558660889975],
            [-122.064475753679, 37.0000011658034, -0.000038558660889975],
            [-122.064490010574, 37.0000036836179, -0.000038558660889975],
            [-122.064496050595, 37.0000042037207, -0.000038558660889975],
            [-122.064502109663, 37.0000045595501, -0.000038558660889975],
            [-122.064508179916, 37.0000047512117, -0.000038558660889975],
            [-122.064514254595, 37.0000047778949, -0.000038558660889975],
            [-122.06452032696, 37.00000463969, -0.000038558660889975],
            [-122.064526390272, 37.0000043366874, -0.000038558660889975],
            [-122.064532436687, 37.0000038698935, -0.000038558660889975],
            [-122.064538460588, 37.0000032393837, -0.000038558660889975],
            [-122.064544455255, 37.0000024461493, -0.000038558660889975],
            [-122.064551782075, 37.0000011475034, -0.000038558660889975],
            [-122.064558166867, 36.9999982636705, -0.000038558660889975],
            [-122.064563484739, 36.9999920615243, -0.000038558660889975],
            [-122.06456426115, 36.9999847316034, -0.000038558660889975],
            [-122.064558283278, 36.9999605119355, -0.000038558660889975],
            [-122.064575529331, 36.9999570129264, -0.000038558660889975],
            [-122.064586533587, 36.9999546871654, -0.000038558660889975],
            [-122.064597478017, 36.9999521864726, -0.000038558660889975],
            [-122.064608358146, 36.9999495118092, -0.000038558660889975],
            [-122.064619170623, 36.9999466641214, -0.000038558660889975],
            [-122.064629910973, 36.9999436443702, -0.000038558660889975],
            [-122.064640573636, 36.999940455334, -0.000038558660889975],
            [-122.064651155224, 36.999937096157, -0.000038558660889975],
            [-122.0646616513, 36.9999335696023, -0.000038558660889975],
            [-122.064672058494, 36.999929875715, -0.000038558660889975],
            [-122.064682371265, 36.9999260181745, -0.000038558660889975],
            [-122.064692587347, 36.9999219961097, -0.000038558660889975],
            [-122.06470270118, 36.9999178122991, -0.000038558660889975],
            [-122.064712710555, 36.9999134685744, -0.000038558660889975],
            [-122.064739123021, 36.9999070150486, -0.000038558660889975],
            [-122.064744647911, 36.9999175345021, -0.000038558660889975],
            [-122.064753829924, 36.9999321422945, -0.000038558660889975],
            [-122.064762937963, 36.9999359799907, -0.000038558660889975],
            [-122.064769947006, 36.9999358769734, -0.000038558660889975],
            [-122.064782896321, 36.9999325337916, -0.000038558660889975],
            [-122.064794325553, 36.9999550653918, -0.000038558660889975],
            [-122.064821137984, 36.999947208729, -0.000038558660889975],
            [-122.064831270778, 36.9999661916839, -0.000038558660889975],
            [-122.064778910807, 36.9999841563518, -0.000038558660889975],
            [-122.064800591083, 37.0000305339772, -0.000038558660889975],
            [-122.064745023122, 37.0000491950224, -0.000038558660889975],
            [-122.064735403173, 37.0000530324621, -0.000038558660889975],
            [-122.064725690094, 37.000056714342, -0.000038558660889975],
            [-122.064715887234, 37.000060239716, -0.000038558660889975],
            [-122.064705996803, 37.000063606752, -0.000038558660889975],
            [-122.064696025522, 37.0000668144587, -0.000038558660889975],
            [-122.0646859756, 37.000069861004, -0.000038558660889975],
            [-122.06467585151, 37.0000727454268, -0.000038558660889975],
            [-122.064665657729, 37.0000754667657, -0.000038558660889975],
            [-122.064655398711, 37.0000780231587, -0.000038558660889975],
            [-122.064645076702, 37.0000804145756, -0.000038558660889975],
            [-122.064634697302, 37.00008264004, -0.000038558660889975],
            [-122.064624264964, 37.00008469769, -0.000038558660889975],
            [-122.06461378304, 37.0000865865792, -0.000038558660889975],
            [-122.06460325492, 37.0000883075635, -0.000038558660889975],
            [-122.064592687304, 37.0000898587505, -0.000038558660889975],
            [-122.06458208244, 37.0000912401102, -0.000038558660889975],
            [-122.064571444802, 37.0000924506813, -0.000038558660889975],
            [-122.064560779988, 37.0000934894875, -0.000038558660889975],
            [-122.064550091367, 37.0000943564836, -0.000038558660889975],
            [-122.064539382329, 37.0000950525255, -0.000038558660889975],
            [-122.064529158983, 37.000095547395, -0.000038558660889975],
            [-122.064518925347, 37.0000958720758, -0.000038558660889975],
            [-122.064508685916, 37.0000960265074, -0.000038558660889975],
            [-122.06449844402, 37.0000960088428, -0.000038558660889975]
          ]
        ]
      },
      "properties": {
        "OBJECTID": 38,
        "CODE": "PKG",
        "NAME": "Graduate Student Housing",
        "NUMBER": 157,
        "Location": "Graduate Student Apartments",
        "Permit_Type": "Lot 157 Permit, MC, Disability",
        "Handicapped": "Yes",
        "Meters": "No",
        "Comments": "Permits required 24/7.",
        "Paystations": "No",
        "Paystation_Limit": null,
        "Meter_Limit": null,
        "Permit_Days": "All",
        "Permit_Period": "All",
        "NUM": "157",
        "GlobalID": "fe6bfecb-e8d9-4789-97c2-cffc519d27c0"
      }
    },
    {
      "type": "Feature",
      "id": 39,
      "geometry": {
        "type": "Polygon",
        "coordinates": [
          [
            [-122.063148007384, 37.0012562369904, -0.000038558660889975],
            [-122.063146896729, 37.0013298524857, -0.000038558660889975],
            [-122.063145238531, 37.0013340724694, -0.000038558660889975],
            [-122.063143366773, 37.0013382349343, -0.000038558660889975],
            [-122.063141284674, 37.0013423326276, -0.000038558660889975],
            [-122.063138994332, 37.0013463583117, -0.000038558660889975],
            [-122.063136502353, 37.0013503055896, -0.000038558660889975],
            [-122.063133810855, 37.0013541681247, -0.000038558660889975],
            [-122.063130924198, 37.0013579395501, -0.000038558660889975],
            [-122.063127847848, 37.0013616125829, -0.000038558660889975],
            [-122.06312458731, 37.0013651817424, -0.000038558660889975],
            [-122.063121146965, 37.0013686415625, -0.000038558660889975],
            [-122.063117534524, 37.0013719847304, -0.000038558660889975],
            [-122.063113753284, 37.0013752075972, -0.000038558660889975],
            [-122.06310981208, 37.0013783028349, -0.000038558660889975],
            [-122.063105715349, 37.0013812676804, -0.000038558660889975],
            [-122.063101471928, 37.0013840948058, -0.000038558660889975],
            [-122.063097087357, 37.001386780532, -0.000038558660889975],
            [-122.063092569407, 37.001389320249, -0.000038558660889975],
            [-122.063087925864, 37.0013917102475, -0.000038558660889975],
            [-122.063083165604, 37.0013939450017, -0.000038558660889975],
            [-122.063078294205, 37.0013960226342, -0.000038558660889975],
            [-122.063073321701, 37.001397939406, -0.000038558660889975],
            [-122.063068254739, 37.0013996907218, -0.000038558660889975],
            [-122.06306310339, 37.0014012746445, -0.000038558660889975],
            [-122.063057875462, 37.0014026883658, -0.000038558660889975],
            [-122.063052579885, 37.0014039290625, -0.000038558660889975],
            [-122.063047225626, 37.0014049957132, -0.000038558660889975],
            [-122.063041821616, 37.0014058854947, -0.000038558660889975],
            [-122.06303637684, 37.0014065982866, -0.000038558660889975],
            [-122.063030900229, 37.0014071312658, -0.000038558660889975],
            [-122.063023439203, 37.001408090059, -0.000038558660889975],
            [-122.063014924635, 37.0014119278653, -0.000038558660889975],
            [-122.063008769659, 37.0014164676333, -0.000038558660889975],
            [-122.063005293477, 37.0014212824264, -0.000038558660889975],
            [-122.062983331086, 37.0014516981957, -0.000038558660889975],
            [-122.062852501558, 37.0014028793046, -0.000038558660889975],
            [-122.062869181645, 37.0013581521456, -0.000038558660889975],
            [-122.06286808531, 37.0013349105884, -0.000038558660889975],
            [-122.062865887106, 37.0013308432011, -0.000038558660889975],
            [-122.062858222815, 37.0013277060709, -0.000038558660889975],
            [-122.062831051984, 37.0013279889244, -0.000038558660889975],
            [-122.062796446467, 37.0013286606422, -0.000038558660889975],
            [-122.06274432134, 37.0013303970169, -0.000038558660889975],
            [-122.062741862721, 37.0013361092807, -0.000038558660889975],
            [-122.062748189904, 37.0013373033276, -0.000038558660889975],
            [-122.062754629426, 37.0013387121563, -0.000038558660889975],
            [-122.062804502518, 37.001336096637, -0.000038558660889975],
            [-122.062804617103, 37.0013516902848, -0.000038558660889975],
            [-122.062804548552, 37.0013672845833, -0.000038558660889975],
            [-122.062804482214, 37.0013732721115, -0.000038558660889975],
            [-122.062804643943, 37.0013792583872, -0.000038558660889975],
            [-122.062805033625, 37.0013852380046, -0.000038558660889975],
            [-122.062805650026, 37.0013912055732, -0.000038558660889975],
            [-122.062806337697, 37.0014063157135, -0.000038558660889975],
            [-122.062806827723, 37.0014214312049, -0.000038558660889975],
            [-122.062807117803, 37.0014365493745, -0.000038558660889975],
            [-122.062769994806, 37.0014379505279, -0.000038558660889975],
            [-122.062750990828, 37.0014390125485, -0.000038558660889975],
            [-122.062745722559, 37.0014398383156, -0.000038558660889975],
            [-122.062740496018, 37.0014414809075, -0.000038558660889975],
            [-122.062735713495, 37.0014453453064, -0.000038558660889975],
            [-122.062735299134, 37.0014512933375, -0.000038558660889975],
            [-122.062738379709, 37.0014554849889, -0.000038558660889975],
            [-122.062752398636, 37.001466260253, -0.000038558660889975],
            [-122.062766846676, 37.0014772460545, -0.000038558660889975],
            [-122.062746697269, 37.0014942051794, -0.000038558660889975],
            [-122.062726430221, 37.0015110730534, -0.000038558660889975],
            [-122.062717649205, 37.0015182506311, -0.000038558660889975],
            [-122.062708758532, 37.001525342261, -0.000038558660889975],
            [-122.062681246926, 37.0015469834627, -0.000038558660889975],
            [-122.062653691887, 37.0015685900928, -0.000038558660889975],
            [-122.062641787592, 37.0015779444279, -0.000038558660889975],
            [-122.062629924465, 37.0015873333571, -0.000038558660889975],
            [-122.062623051029, 37.0015928776463, -0.000038558660889975],
            [-122.062616284945, 37.0015985052097, -0.000038558660889975],
            [-122.062594734762, 37.0016166185745, -0.000038558660889975],
            [-122.062573076073, 37.0016346477748, -0.000038558660889975],
            [-122.062566586542, 37.001639904845, -0.000038558660889975],
            [-122.062559950715, 37.0016450431139, -0.000038558660889975],
            [-122.062553171904, 37.0016500598336, -0.000038558660889975],
            [-122.062546253443, 37.0016549531571, -0.000038558660889975],
            [-122.062539199768, 37.0016597203213, -0.000038558660889975],
            [-122.062532014193, 37.0016643585783, -0.000038558660889975],
            [-122.062524698926, 37.001668866096, -0.000038558660889975],
            [-122.062513464264, 37.0016755213821, -0.000038558660889975],
            [-122.062502101968, 37.0016820368888, -0.000038558660889975],
            [-122.062490616514, 37.0016884116549, -0.000038558660889975],
            [-122.062479008987, 37.0016946438634, -0.000038558660889975],
            [-122.062467283843, 37.0017007316522, -0.000038558660889975],
            [-122.062455443309, 37.0017066740903, -0.000038558660889975],
            [-122.062443490719, 37.0017124693306, -0.000038558660889975],
            [-122.062432532306, 37.0016953690102, -0.000038558660889975],
            [-122.062421739734, 37.0016787323858, -0.000038558660889975],
            [-122.06241744116, 37.0016752419452, -0.000038558660889975],
            [-122.062409287503, 37.0016735343258, -0.000038558660889975],
            [-122.062400362097, 37.0016752354474, -0.000038558660889975],
            [-122.062393606852, 37.0016769588751, -0.000038558660889975],
            [-122.062387287346, 37.0016784556745, -0.000038558660889975],
            [-122.062380575851, 37.0016806074844, -0.000038558660889975],
            [-122.062376610877, 37.0016856396834, -0.000038558660889975],
            [-122.062378541646, 37.0017049823138, -0.000038558660889975],
            [-122.062380971445, 37.0017233602912, -0.000038558660889975],
            [-122.062341137036, 37.0017261656295, -0.000038558660889975],
            [-122.062320408595, 37.0017276769363, -0.000038558660889975],
            [-122.062303415554, 37.0017289426609, -0.000038558660889975],
            [-122.062271043876, 37.0017313551564, -0.000038558660889975],
            [-122.062225125022, 37.0017348051743, -0.000038558660889975],
            [-122.06215720126, 37.0017399809048, -0.000038558660889975],
            [-122.062157185559, 37.0017357716327, -0.000038558660889975],
            [-122.062157024162, 37.0017286651668, -0.000038558660889975],
            [-122.06215662908, 37.0017220998432, -0.000038558660889975],
            [-122.062156198488, 37.0017173373853, -0.000038558660889975],
            [-122.062155713914, 37.0017123566597, -0.000038558660889975],
            [-122.062154754113, 37.0017041938689, -0.000038558660889975],
            [-122.062153219343, 37.0016941570811, -0.000038558660889975],
            [-122.062150511537, 37.0016882238204, -0.000038558660889975],
            [-122.062144169892, 37.0016846084231, -0.000038558660889975],
            [-122.062116482287, 37.0016860353359, -0.000038558660889975],
            [-122.062089529895, 37.001687912008, -0.000038558660889975],
            [-122.062083905171, 37.0016185979981, -0.000038558660889975],
            [-122.062109461375, 37.0016169067416, -0.000038558660889975],
            [-122.062134708967, 37.0016151258872, -0.000038558660889975],
            [-122.062141043335, 37.00161299356, -0.000038558660889975],
            [-122.062145633235, 37.0016091578998, -0.000038558660889975],
            [-122.062148064783, 37.001604625676, -0.000038558660889975],
            [-122.062148701013, 37.0016005356448, -0.000038558660889975],
            [-122.062146535332, 37.0015751401258, -0.000038558660889975],
            [-122.062144194346, 37.0015498514927, -0.000038558660889975],
            [-122.062141637031, 37.0015461818214, -0.000038558660889975],
            [-122.062135803391, 37.0015425181671, -0.000038558660889975],
            [-122.062128818575, 37.0015416329899, -0.000038558660889975],
            [-122.062122311949, 37.001545260002, -0.000038558660889975],
            [-122.062122213658, 37.0015552753978, -0.000038558660889975],
            [-122.062123809046, 37.0015643380835, -0.000038558660889975],
            [-122.062100620472, 37.0015664689686, -0.000038558660889975],
            [-122.062077413639, 37.0015684784322, -0.000038558660889975],
            [-122.062065178598, 37.001569448812, -0.000038558660889975],
            [-122.062052929944, 37.0015703049211, -0.000038558660889975],
            [-122.06201688474, 37.0015726394611, -0.000038558660889975],
            [-122.06199263294, 37.0015742168064, -0.000038558660889975],
            [-122.061984694788, 37.0015748187389, -0.000038558660889975],
            [-122.061972616729, 37.0015758816329, -0.000038558660889975],
            [-122.061960545224, 37.0015769894975, -0.000038558660889975],
            [-122.061959384072, 37.0015722701638, -0.000038558660889975],
            [-122.061956768511, 37.0015616440425, -0.000038558660889975],
            [-122.061952357345, 37.0015458312502, -0.000038558660889975],
            [-122.061946801959, 37.0015410680083, -0.000038558660889975],
            [-122.061939654238, 37.0015368361599, -0.000038558660889975],
            [-122.061932263935, 37.0015372532191, -0.000038558660889975],
            [-122.061925473683, 37.0015389680764, -0.000038558660889975],
            [-122.061918246042, 37.0014580068467, -0.000038558660889975],
            [-122.061920793202, 37.0014637268774, -0.000038558660889975],
            [-122.06192674391, 37.0014661597449, -0.000038558660889975],
            [-122.061932105526, 37.001467443364, -0.000038558660889975],
            [-122.06193884831, 37.0014662554397, -0.000038558660889975],
            [-122.061944310042, 37.0014618755094, -0.000038558660889975],
            [-122.061946304828, 37.0014575203643, -0.000038558660889975],
            [-122.061945866524, 37.0014402926792, -0.000038558660889975],
            [-122.061945089977, 37.0014236571015, -0.000038558660889975],
            [-122.061967625446, 37.0014215683346, -0.000038558660889975],
            [-122.061990171532, 37.0014195578252, -0.000038558660889975],
            [-122.06199749953, 37.0014189550489, -0.000038558660889975],
            [-122.062004836947, 37.0014184269452, -0.000038558660889975],
            [-122.062053801126, 37.0014151642416, -0.000038558660889975],
            [-122.062123540261, 37.0014105239035, -0.000038558660889975],
            [-122.062143363882, 37.0014091635296, -0.000038558660889975],
            [-122.062163178121, 37.001407730281, -0.000038558660889975],
            [-122.062202821083, 37.0014047500293, -0.000038558660889975],
            [-122.062242455726, 37.0014016941751, -0.000038558660889975],
            [-122.062243490849, 37.0014071595808, -0.000038558660889975],
            [-122.062245295928, 37.0014166871774, -0.000038558660889975],
            [-122.062245663891, 37.0014249182724, -0.000038558660889975],
            [-122.062247698095, 37.0014293672701, -0.000038558660889975],
            [-122.062249827981, 37.0014342025006, -0.000038558660889975],
            [-122.062256714241, 37.0014373167443, -0.000038558660889975],
            [-122.062261400623, 37.0014363356747, -0.000038558660889975],
            [-122.062268073972, 37.0014370483802, -0.000038558660889975],
            [-122.062276462612, 37.0014350399388, -0.000038558660889975],
            [-122.062283827822, 37.0014321764489, -0.000038558660889975],
            [-122.062289440526, 37.0014290047857, -0.000038558660889975],
            [-122.06229268757, 37.0014259188714, -0.000038558660889975],
            [-122.062295632017, 37.0014202794172, -0.000038558660889975],
            [-122.062296364202, 37.0014150778279, -0.000038558660889975],
            [-122.062294647754, 37.00141002438, -0.000038558660889975],
            [-122.062285335655, 37.0014009740066, -0.000038558660889975],
            [-122.062277614947, 37.0013939381227, -0.000038558660889975],
            [-122.062261074055, 37.0013788663301, -0.000038558660889975],
            [-122.062284760752, 37.0013610479474, -0.000038558660889975],
            [-122.062308994705, 37.0013436647186, -0.000038558660889975],
            [-122.062336652871, 37.0013672246881, -0.000038558660889975],
            [-122.062341066397, 37.0013708406605, -0.000038558660889975],
            [-122.062347475051, 37.0013735197089, -0.000038558660889975],
            [-122.062356597032, 37.0013732209217, -0.000038558660889975],
            [-122.062361410391, 37.001371053076, -0.000038558660889975],
            [-122.062365606126, 37.0013679310245, -0.000038558660889975],
            [-122.062375073343, 37.0013607911466, -0.000038558660889975],
            [-122.062379372319, 37.0013574469193, -0.000038558660889975],
            [-122.062382406599, 37.0013537483353, -0.000038558660889975],
            [-122.062383469208, 37.0013494146773, -0.000038558660889975],
            [-122.062381970427, 37.0013436986411, -0.000038558660889975],
            [-122.062378821937, 37.001340075643, -0.000038558660889975],
            [-122.062374160603, 37.0013377255649, -0.000038558660889975],
            [-122.062368531783, 37.0013366681394, -0.000038558660889975],
            [-122.06237833271, 37.0012691293008, -0.000038558660889975],
            [-122.062794445349, 37.0012623432602, -0.000038558660889975],
            [-122.062811960199, 37.0012620221351, -0.000038558660889975],
            [-122.062820596764, 37.0012611296176, -0.000038558660889975],
            [-122.062828093181, 37.001258849211, -0.000038558660889975],
            [-122.062834432071, 37.0012581235506, -0.000038558660889975],
            [-122.062841800765, 37.0012553212596, -0.000038558660889975],
            [-122.062848418045, 37.0012519928225, -0.000038558660889975],
            [-122.062854516355, 37.001248077449, -0.000038558660889975],
            [-122.062858722372, 37.0012448029397, -0.000038558660889975],
            [-122.062862380275, 37.0012414844044, -0.000038558660889975],
            [-122.062866940093, 37.0012378257523, -0.000038558660889975],
            [-122.062872016366, 37.0012346333093, -0.000038558660889975],
            [-122.062877532524, 37.0012319531607, -0.000038558660889975],
            [-122.062883343545, 37.0012292420262, -0.000038558660889975],
            [-122.062888504386, 37.0012282762041, -0.000038558660889975],
            [-122.062894307253, 37.001227493736, -0.000038558660889975],
            [-122.062901510563, 37.0012274332899, -0.000038558660889975],
            [-122.063063039226, 37.0012260858564, -0.000038558660889975],
            [-122.063070296473, 37.0012260255786, -0.000038558660889975],
            [-122.063078680763, 37.0012260763682, -0.000038558660889975],
            [-122.063087029625, 37.0012271775244, -0.000038558660889975],
            [-122.063092837879, 37.0012287579081, -0.000038558660889975],
            [-122.063098343789, 37.0012309272178, -0.000038558660889975],
            [-122.063103453333, 37.0012336488631, -0.000038558660889975],
            [-122.063108081307, 37.0012368780246, -0.000038558660889975],
            [-122.063112037781, 37.001240612741, -0.000038558660889975],
            [-122.063115704396, 37.0012445108521, -0.000038558660889975],
            [-122.063120025553, 37.0012479522999, -0.000038558660889975],
            [-122.063124912115, 37.0012508652815, -0.000038558660889975],
            [-122.063130266222, 37.0012531907279, -0.000038558660889975],
            [-122.063135977918, 37.001254882349, -0.000038558660889975],
            [-122.063141932964, 37.0012559038249, -0.000038558660889975],
            [-122.063148007384, 37.0012562369904, -0.000038558660889975]
          ],
          [
            [-122.063042630706, 37.0013239352822, -0.000038558660889975],
            [-122.062989877778, 37.0013248222395, -0.000038558660889975],
            [-122.062984317227, 37.0013249931594, -0.000038558660889975],
            [-122.062978576799, 37.0013259685524, -0.000038558660889975],
            [-122.062971954798, 37.0013296638466, -0.000038558660889975],
            [-122.06296925524, 37.0013347584196, -0.000038558660889975],
            [-122.062969260389, 37.0013389444024, -0.000038558660889975],
            [-122.062971309116, 37.0013427938987, -0.000038558660889975],
            [-122.062977672802, 37.0013471434298, -0.000038558660889975],
            [-122.062984384546, 37.001348243094, -0.000038558660889975],
            [-122.0629910467, 37.0013481484372, -0.000038558660889975],
            [-122.063050908032, 37.0013468508298, -0.000038558660889975],
            [-122.063056126376, 37.0013451389415, -0.000038558660889975],
            [-122.063060567573, 37.0013411258988, -0.000038558660889975],
            [-122.06306231545, 37.0013344138113, -0.000038558660889975],
            [-122.063058110403, 37.0013273218664, -0.000038558660889975],
            [-122.063053813558, 37.0013249939679, -0.000038558660889975],
            [-122.063048353016, 37.0013238703359, -0.000038558660889975],
            [-122.063042630706, 37.0013239352822, -0.000038558660889975]
          ],
          [
            [-122.062651000189, 37.0013306745734, -0.000038558660889975],
            [-122.062543644117, 37.0013306858193, -0.000038558660889975],
            [-122.062537648651, 37.001332472077, -0.000038558660889975],
            [-122.062530282098, 37.0013364035174, -0.000038558660889975],
            [-122.062532170855, 37.0013419611259, -0.000038558660889975],
            [-122.062535393872, 37.0013467348493, -0.000038558660889975],
            [-122.06255956501, 37.0013651956432, -0.000038558660889975],
            [-122.062522738413, 37.0013932996667, -0.000038558660889975],
            [-122.062468525887, 37.0014348831799, -0.000038558660889975],
            [-122.062441335838, 37.0014558342086, -0.000038558660889975],
            [-122.062414185802, 37.0014768189404, -0.000038558660889975],
            [-122.062387076883, 37.0014978364593, -0.000038558660889975],
            [-122.062360006853, 37.0015188876964, -0.000038558660889975],
            [-122.062334647994, 37.0015004238405, -0.000038558660889975],
            [-122.062308509026, 37.0014816739323, -0.000038558660889975],
            [-122.062294326677, 37.0014828010854, -0.000038558660889975],
            [-122.062281002537, 37.0014841871036, -0.000038558660889975],
            [-122.062267700081, 37.0014856971948, -0.000038558660889975],
            [-122.062258409097, 37.0014868381517, -0.000038558660889975],
            [-122.062253622538, 37.0014874330487, -0.000038558660889975],
            [-122.0622415515, 37.0014890483092, -0.000038558660889975],
            [-122.062225075054, 37.0014922960434, -0.000038558660889975],
            [-122.06222071866, 37.0014966071149, -0.000038558660889975],
            [-122.062218497787, 37.001500410156, -0.000038558660889975],
            [-122.062215712901, 37.0015062123903, -0.000038558660889975],
            [-122.062213797817, 37.0015107791552, -0.000038558660889975],
            [-122.062212071373, 37.001515393861, -0.000038558660889975],
            [-122.062210406313, 37.0015204204922, -0.000038558660889975],
            [-122.062208934199, 37.0015254859949, -0.000038558660889975],
            [-122.062207654919, 37.0015305849633, -0.000038558660889975],
            [-122.062206277336, 37.0015368991578, -0.000038558660889975],
            [-122.062205057484, 37.0015432337702, -0.000038558660889975],
            [-122.062205688544, 37.0015500158254, -0.000038558660889975],
            [-122.062204891168, 37.0015559185157, -0.000038558660889975],
            [-122.062204179163, 37.0015612802469, -0.000038558660889975],
            [-122.062202536173, 37.001567907105, -0.000038558660889975],
            [-122.062203077238, 37.0015763035046, -0.000038558660889975],
            [-122.062204548103, 37.001591961, -0.000038558660889975],
            [-122.062203186808, 37.0015977621964, -0.000038558660889975],
            [-122.062206162339, 37.0016048976701, -0.000038558660889975],
            [-122.062206905688, 37.001609354941, -0.000038558660889975],
            [-122.062208588774, 37.0016155587618, -0.000038558660889975],
            [-122.062212208991, 37.0016195503454, -0.000038558660889975],
            [-122.062218636154, 37.0016215523558, -0.000038558660889975],
            [-122.062226607083, 37.0016196639631, -0.000038558660889975],
            [-122.062229777998, 37.0016150254097, -0.000038558660889975],
            [-122.062228549158, 37.0015976623163, -0.000038558660889975],
            [-122.062227255493, 37.0015810715138, -0.000038558660889975],
            [-122.062332850114, 37.0015865670223, -0.000038558660889975],
            [-122.062336009933, 37.0015962395929, -0.000038558660889975],
            [-122.062339170876, 37.0016059121485, -0.000038558660889975],
            [-122.062347158661, 37.001627450089, -0.000038558660889975],
            [-122.062353322639, 37.0016314905149, -0.000038558660889975],
            [-122.06235980366, 37.0016337585501, -0.000038558660889975],
            [-122.062365500021, 37.0016345510217, -0.000038558660889975],
            [-122.06237288116, 37.0016347189334, -0.000038558660889975],
            [-122.062381558272, 37.001633936753, -0.000038558660889975],
            [-122.062387497966, 37.0016318989159, -0.000038558660889975],
            [-122.062394471369, 37.0016286189067, -0.000038558660889975],
            [-122.062401642837, 37.0016245981658, -0.000038558660889975],
            [-122.06240678059, 37.0016211183402, -0.000038558660889975],
            [-122.062411177527, 37.0016171897267, -0.000038558660889975],
            [-122.062414689086, 37.0016109415778, -0.000038558660889975],
            [-122.062413988648, 37.0016053076739, -0.000038558660889975],
            [-122.062411459921, 37.0016010148996, -0.000038558660889975],
            [-122.062397523764, 37.001584606918, -0.000038558660889975],
            [-122.062384811472, 37.0015698299305, -0.000038558660889975],
            [-122.062389826239, 37.0015658398737, -0.000038558660889975],
            [-122.062406634588, 37.001552465448, -0.000038558660889975],
            [-122.062411956491, 37.0015482243497, -0.000038558660889975],
            [-122.062439012358, 37.0015265469596, -0.000038558660889975],
            [-122.062457303934, 37.0015117729335, -0.000038558660889975],
            [-122.062475505243, 37.0014969271165, -0.000038558660889975],
            [-122.062531480897, 37.0014509248589, -0.000038558660889975],
            [-122.062582242036, 37.0014089811015, -0.000038558660889975],
            [-122.062587301145, 37.0014048011912, -0.000038558660889975],
            [-122.062591434892, 37.001400914847, -0.000038558660889975],
            [-122.062595573752, 37.0013947375961, -0.000038558660889975],
            [-122.06259742149, 37.0013883404981, -0.000038558660889975],
            [-122.062597347194, 37.0013566004987, -0.000038558660889975],
            [-122.062597227928, 37.0013403481404, -0.000038558660889975],
            [-122.062647722094, 37.0013394997245, -0.000038558660889975],
            [-122.062653227711, 37.0013391727485, -0.000038558660889975],
            [-122.062656995292, 37.0013352390369, -0.000038558660889975],
            [-122.062651000189, 37.0013306745734, -0.000038558660889975]
          ]
        ]
      },
      "properties": {
        "OBJECTID": 39,
        "CODE": "PKG",
        "NAME": "Engineering 2",
        "NUMBER": 139,
        "Location": "Baskin Engineering II",
        "Permit_Type": "A, B, MC, N, Disability, Medical",
        "Handicapped": "Yes",
        "Meters": "No",
        "Comments": null,
        "Paystations": "No",
        "Paystation_Limit": null,
        "Meter_Limit": null,
        "Permit_Days": "M - F",
        "Permit_Period": "7:00am - 8:30pm",
        "NUM": "139A",
        "GlobalID": "a26eee6b-0efe-40ef-bdcf-03a5fde121e1"
      }
    },
    {
      "type": "Feature",
      "id": 40,
      "geometry": {
        "type": "Polygon",
        "coordinates": [
          [
            [-122.057925824215, 36.9998648609835, -0.000038558660889975],
            [-122.057929226572, 36.9998608079393, -0.000038558660889975],
            [-122.057931871138, 36.9998564063388, -0.000038558660889975],
            [-122.05793382931, 36.9998511442514, -0.000038558660889975],
            [-122.057934866366, 36.999844702184, -0.000038558660889975],
            [-122.057934727336, 36.9998408189918, -0.000038558660889975],
            [-122.057934128211, 36.9998369635721, -0.000038558660889975],
            [-122.057889881397, 36.9997333006487, -0.000038558660889975],
            [-122.057895916301, 36.9997270279579, -0.000038558660889975],
            [-122.05790064344, 36.9997221668771, -0.000038558660889975],
            [-122.057897764834, 36.9997122074659, -0.000038558660889975],
            [-122.057895097798, 36.9997022100831, -0.000038558660889975],
            [-122.057892644634, 36.9996921774012, -0.000038558660889975],
            [-122.057890404294, 36.9996821130393, -0.000038558660889975],
            [-122.057888379061, 36.9996720187692, -0.000038558660889975],
            [-122.057886566784, 36.9996618991256, -0.000038558660889975],
            [-122.057884970868, 36.9996517558654, -0.000038558660889975],
            [-122.057883591388, 36.9996415925924, -0.000038558660889975],
            [-122.057882427259, 36.9996314111236, -0.000038558660889975],
            [-122.057881479697, 36.9996212159485, -0.000038558660889975],
            [-122.05788074874, 36.9996110088692, -0.000038558660889975],
            [-122.057880234461, 36.9996007934895, -0.000038558660889975],
            [-122.057879938041, 36.999590572497, -0.000038558660889975],
            [-122.057879858432, 36.9995803495107, -0.000038558660889975],
            [-122.057879995669, 36.9995701263324, -0.000038558660889975],
            [-122.057880350951, 36.999559906551, -0.000038558660889975],
            [-122.057880923212, 36.9995496928841, -0.000038558660889975],
            [-122.057881711402, 36.9995394889506, -0.000038558660889975],
            [-122.057882716682, 36.9995292965374, -0.000038558660889975],
            [-122.057883939145, 36.9995191201493, -0.000038558660889975],
            [-122.057885376582, 36.999508961618, -0.000038558660889975],
            [-122.057887030192, 36.9994988245324, -0.000038558660889975],
            [-122.057888898906, 36.9994887116103, -0.000038558660889975],
            [-122.057891231291, 36.999476794614, -0.000038558660889975],
            [-122.057891385838, 36.9994700579254, -0.000038558660889975],
            [-122.057890388731, 36.9994652165062, -0.000038558660889975],
            [-122.057888168056, 36.9994599967024, -0.000038558660889975],
            [-122.057883644597, 36.9994536126643, -0.000038558660889975],
            [-122.057878078135, 36.9994485664076, -0.000038558660889975],
            [-122.057871291312, 36.9994445953495, -0.000038558660889975],
            [-122.057862941272, 36.9994415833078, -0.000038558660889975],
            [-122.057856254059, 36.9994403000825, -0.000038558660889975],
            [-122.057825268131, 36.9994367341551, -0.000038558660889975],
            [-122.057796865536, 36.9994385381881, -0.000038558660889975],
            [-122.05778881372, 36.9993749177452, -0.000038558660889975],
            [-122.057817041469, 36.9993717282093, -0.000038558660889975],
            [-122.057808818939, 36.999306758256, -0.000038558660889975],
            [-122.057820569245, 36.9992890533048, -0.000038558660889975],
            [-122.057832283523, 36.9992888302, -0.000038558660889975],
            [-122.057834369218, 36.9992494372832, -0.000038558660889975],
            [-122.058056653838, 36.9991877156075, -0.000038558660889975],
            [-122.058081865713, 36.999238591079, -0.000038558660889975],
            [-122.058269650862, 36.9991803397133, -0.000038558660889975],
            [-122.058284919039, 36.9991110646445, -0.000038558660889975],
            [-122.058407791681, 36.9990761450161, -0.000038558660889975],
            [-122.058480888836, 36.9990994512692, -0.000038558660889975],
            [-122.058536979697, 36.9991323931306, -0.000038558660889975],
            [-122.058533135707, 36.9991673360243, -0.000038558660889975],
            [-122.058533481146, 36.9991713642545, -0.000038558660889975],
            [-122.058534669335, 36.9991752875026, -0.000038558660889975],
            [-122.058536665359, 36.9991789935853, -0.000038558660889975],
            [-122.058539413075, 36.9991823760108, -0.000038558660889975],
            [-122.058542834083, 36.9991853384972, -0.000038558660889975],
            [-122.058546828861, 36.9991877958593, -0.000038558660889975],
            [-122.058554611302, 36.9991917184313, -0.000038558660889975],
            [-122.058561209193, 36.9991952476849, -0.000038558660889975],
            [-122.058567680958, 36.9991989255177, -0.000038558660889975],
            [-122.058574018698, 36.999202750233, -0.000038558660889975],
            [-122.058580218949, 36.9992067173709, -0.000038558660889975],
            [-122.05858627602, 36.9992108234028, -0.000038558660889975],
            [-122.058592185381, 36.9992150665869, -0.000038558660889975],
            [-122.058597941321, 36.9992194424935, -0.000038558660889975],
            [-122.058603540415, 36.9992239484648, -0.000038558660889975],
            [-122.058608978058, 36.9992285791551, -0.000038558660889975],
            [-122.0586142497, 36.9992333319217, -0.000038558660889975],
            [-122.058619350773, 36.9992382032208, -0.000038558660889975],
            [-122.058624277814, 36.9992431885929, -0.000038558660889975],
            [-122.058629025132, 36.9992482845091, -0.000038558660889975],
            [-122.058633590387, 36.9992534864947, -0.000038558660889975],
            [-122.058637970115, 36.9992587900901, -0.000038558660889975],
            [-122.058642160853, 36.9992641908356, -0.000038558660889975],
            [-122.05864615691, 36.9992696852024, -0.000038558660889975],
            [-122.058649958192, 36.999275268686, -0.000038558660889975],
            [-122.058653560113, 36.9992809368415, -0.000038558660889975],
            [-122.058656959191, 36.9992866843084, -0.000038558660889975],
            [-122.058660154208, 36.9992925065969, -0.000038558660889975],
            [-122.058663141701, 36.9992983992475, -0.000038558660889975],
            [-122.058665918207, 36.9993043578003, -0.000038558660889975],
            [-122.058668483633, 36.9993103777507, -0.000038558660889975],
            [-122.058670834477, 36.9993164528371, -0.000038558660889975],
            [-122.058672969542, 36.9993225794708, -0.000038558660889975],
            [-122.058674887591, 36.999328752261, -0.000038558660889975],
            [-122.058676956048, 36.9993362703275, -0.000038558660889975],
            [-122.058678822122, 36.9993414011301, -0.000038558660889975],
            [-122.05868143431, 36.9993463182947, -0.000038558660889975],
            [-122.058684752962, 36.9993509520579, -0.000038558660889975],
            [-122.058687661133, 36.9993542151811, -0.000038558660889975],
            [-122.058690955187, 36.9993572316288, -0.000038558660889975],
            [-122.058695819729, 36.9993608840652, -0.000038558660889975],
            [-122.058717511958, 36.9993729153837, -0.000038558660889975],
            [-122.058770341242, 36.9994018471404, -0.000038558660889975],
            [-122.058753660486, 36.9994227794538, -0.000038558660889975],
            [-122.058766765038, 36.9994303113838, -0.000038558660889975],
            [-122.058750045144, 36.9994499546104, -0.000038558660889975],
            [-122.058707425739, 36.9994269172319, -0.000038558660889975],
            [-122.058702625816, 36.9994250239653, -0.000038558660889975],
            [-122.058697406415, 36.9994240861616, -0.000038558660889975],
            [-122.058692064864, 36.9994242999137, -0.000038558660889975],
            [-122.058685986151, 36.9994259158594, -0.000038558660889975],
            [-122.05868009249, 36.9994295714391, -0.000038558660889975],
            [-122.058676043891, 36.9994345866032, -0.000038558660889975],
            [-122.058674614032, 36.9994387205597, -0.000038558660889975],
            [-122.058664353183, 36.9994821510229, -0.000038558660889975],
            [-122.058664310309, 36.9994867413788, -0.000038558660889975],
            [-122.058665188704, 36.9994912743671, -0.000038558660889975],
            [-122.058666854163, 36.9994951308578, -0.000038558660889975],
            [-122.058669271429, 36.9994987231675, -0.000038558660889975],
            [-122.058672377844, 36.9995019557056, -0.000038558660889975],
            [-122.058676091935, 36.9995047466507, -0.000038558660889975],
            [-122.058680316669, 36.9995070224999, -0.000038558660889975],
            [-122.058686770158, 36.9995091694415, -0.000038558660889975],
            [-122.058724496331, 36.9995095882381, -0.000038558660889975],
            [-122.05873274795, 36.9995085083086, -0.000038558660889975],
            [-122.05874029575, 36.9995056209738, -0.000038558660889975],
            [-122.05874565768, 36.9995017895529, -0.000038558660889975],
            [-122.058750098044, 36.9994961076753, -0.000038558660889975],
            [-122.058752256973, 36.9994906148891, -0.000038558660889975],
            [-122.058751951911, 36.9994580182562, -0.000038558660889975],
            [-122.05885872761, 36.9994578397813, -0.000038558660889975],
            [-122.058890838414, 36.9994577865281, -0.000038558660889975],
            [-122.058891892905, 36.9995022274597, -0.000038558660889975],
            [-122.058892030338, 36.9995080329204, -0.000038558660889975],
            [-122.05889430769, 36.9995139224374, -0.000038558660889975],
            [-122.058900195835, 36.9995190355427, -0.000038558660889975],
            [-122.058907488227, 36.9995210541076, -0.000038558660889975],
            [-122.058909550338, 36.9995435744394, -0.000038558660889975],
            [-122.058905601519, 36.9995658353381, -0.000038558660889975],
            [-122.058898416978, 36.9995674949089, -0.000038558660889975],
            [-122.058894252702, 36.9995711057631, -0.000038558660889975],
            [-122.058892801024, 36.9995752165829, -0.000038558660889975],
            [-122.058892735761, 36.9996300659524, -0.000038558660889975],
            [-122.058753455971, 36.9996296081121, -0.000038558660889975],
            [-122.058752764109, 36.9996003519674, -0.000038558660889975],
            [-122.058752102754, 36.9995948004337, -0.000038558660889975],
            [-122.058749532247, 36.9995896186635, -0.000038558660889975],
            [-122.058744357906, 36.9995846293908, -0.000038558660889975],
            [-122.058738595493, 36.999581512546, -0.000038558660889975],
            [-122.058731912074, 36.9995799805901, -0.000038558660889975],
            [-122.05866713419, 36.9995787885998, -0.000038558660889975],
            [-122.058661429762, 36.9995799786859, -0.000038558660889975],
            [-122.058655243787, 36.9995827063344, -0.000038558660889975],
            [-122.058650236835, 36.9995866970261, -0.000038558660889975],
            [-122.05864619524, 36.9995921581868, -0.000038558660889975],
            [-122.058643468933, 36.9995979235021, -0.000038558660889975],
            [-122.058643421154, 36.9996024940973, -0.000038558660889975],
            [-122.058646374499, 36.9996078780299, -0.000038558660889975],
            [-122.058696332266, 36.9996409864695, -0.000038558660889975],
            [-122.058682637324, 36.9997187532623, -0.000038558660889975],
            [-122.058653097655, 36.9996995144835, -0.000038558660889975],
            [-122.058648706508, 36.999696367599, -0.000038558660889975],
            [-122.058641373857, 36.9996942504242, -0.000038558660889975],
            [-122.058633631455, 36.9996949639675, -0.000038558660889975],
            [-122.058627745963, 36.9996977696088, -0.000038558660889975],
            [-122.058624614897, 36.9997008169214, -0.000038558660889975],
            [-122.058622775248, 36.9997044796199, -0.000038558660889975],
            [-122.0586181325, 36.9997274698326, -0.000038558660889975],
            [-122.058618237669, 36.9997322096115, -0.000038558660889975],
            [-122.058620499824, 36.9997380713998, -0.000038558660889975],
            [-122.058623227639, 36.9997447686826, -0.000038558660889975],
            [-122.058625429985, 36.9997503473935, -0.000038558660889975],
            [-122.058632767983, 36.9997548319358, -0.000038558660889975],
            [-122.058637519745, 36.9997576513757, -0.000038558660889975],
            [-122.058540859787, 36.999766080124, -0.000038558660889975],
            [-122.058548017492, 36.9997616119111, -0.000038558660889975],
            [-122.058555610884, 36.999753992709, -0.000038558660889975],
            [-122.058558447605, 36.9997493776473, -0.000038558660889975],
            [-122.058560182674, 36.9997448448919, -0.000038558660889975],
            [-122.058624948243, 36.9994119823606, -0.000038558660889975],
            [-122.058625881024, 36.9994062031561, -0.000038558660889975],
            [-122.058626589788, 36.9994004035133, -0.000038558660889975],
            [-122.058627073525, 36.9993945888529, -0.000038558660889975],
            [-122.058627331222, 36.9993887645954, -0.000038558660889975],
            [-122.058627364136, 36.9993829370327, -0.000038558660889975],
            [-122.058627172377, 36.9993771115702, -0.000038558660889975],
            [-122.058626753812, 36.9993712936438, -0.000038558660889975],
            [-122.058626110799, 36.999365488629, -0.000038558660889975],
            [-122.05862524347, 36.9993597028324, -0.000038558660889975],
            [-122.05862415306, 36.9993539416447, -0.000038558660889975],
            [-122.058622839663, 36.9993482095706, -0.000038558660889975],
            [-122.058621305674, 36.9993425137878, -0.000038558660889975],
            [-122.058619552312, 36.9993368587857, -0.000038558660889975],
            [-122.058617579687, 36.9993312499702, -0.000038558660889975],
            [-122.058615391283, 36.9993256927018, -0.000038558660889975],
            [-122.058612989458, 36.9993201923563, -0.000038558660889975],
            [-122.058610375466, 36.9993147552251, -0.000038558660889975],
            [-122.058607552771, 36.999309385768, -0.000038558660889975],
            [-122.058604523713, 36.9993040884597, -0.000038558660889975],
            [-122.058601290669, 36.9992988695768, -0.000038558660889975],
            [-122.058597857103, 36.9992937335788, -0.000038558660889975],
            [-122.05859422762, 36.9992886858116, -0.000038558660889975],
            [-122.058590403436, 36.9992837307647, -0.000038558660889975],
            [-122.05858638914, 36.9992788728829, -0.000038558660889975],
            [-122.058582189335, 36.9992741175117, -0.000038558660889975],
            [-122.058577807485, 36.9992694691109, -0.000038558660889975],
            [-122.058573248177, 36.9992649321252, -0.000038558660889975],
            [-122.058568514875, 36.9992605110141, -0.000038558660889975],
            [-122.058563613269, 36.9992562093065, -0.000038558660889975],
            [-122.058558546841, 36.999252032363, -0.000038558660889975],
            [-122.058553321264, 36.9992479828114, -0.000038558660889975],
            [-122.058547942248, 36.9992440650813, -0.000038558660889975],
            [-122.058542414398, 36.9992402845183, -0.000038558660889975],
            [-122.058536742225, 36.9992366419634, -0.000038558660889975],
            [-122.058530931478, 36.9992331436481, -0.000038558660889975],
            [-122.058524988914, 36.9992297903833, -0.000038558660889975],
            [-122.058518919139, 36.9992265875147, -0.000038558660889975],
            [-122.058512728929, 36.999223536754, -0.000038558660889975],
            [-122.058506422872, 36.9992206425461, -0.000038558660889975],
            [-122.058500007725, 36.9992179057016, -0.000038558660889975],
            [-122.058493490321, 36.9992153306355, -0.000038558660889975],
            [-122.058486876296, 36.9992129181734, -0.000038558660889975],
            [-122.058480171341, 36.9992106718442, -0.000038558660889975],
            [-122.058473383375, 36.9992085942457, -0.000038558660889975],
            [-122.058466519155, 36.9992066861887, -0.000038558660889975],
            [-122.058459583213, 36.9992049494152, -0.000038558660889975],
            [-122.058452583466, 36.9992033865228, -0.000038558660889975],
            [-122.058445526694, 36.9992019992235, -0.000038558660889975],
            [-122.058438419633, 36.9992007874272, -0.000038558660889975],
            [-122.058433443883, 36.9992001653802, -0.000038558660889975],
            [-122.058428439056, 36.9991997122446, -0.000038558660889975],
            [-122.058423415262, 36.9991994278856, -0.000038558660889975],
            [-122.058418381505, 36.999199313084, -0.000038558660889975],
            [-122.058413345687, 36.9991993695365, -0.000038558660889975],
            [-122.058408316737, 36.9991995944205, -0.000038558660889975],
            [-122.05840330482, 36.9991999903037, -0.000038558660889975],
            [-122.058398317743, 36.9992005543782, -0.000038558660889975],
            [-122.058393364473, 36.9992012856231, -0.000038558660889975],
            [-122.058388453997, 36.9992021839183, -0.000038558660889975],
            [-122.058383596387, 36.9992032473269, -0.000038558660889975],
            [-122.058378797221, 36.999204473972, -0.000038558660889975],
            [-122.058374067694, 36.9992058619017, -0.000038558660889975],
            [-122.058369414472, 36.9992074074222, -0.000038558660889975],
            [-122.058156514896, 36.9992738194365, -0.000038558660889975],
            [-122.058148821068, 36.9992759507793, -0.000038558660889975],
            [-122.058141201485, 36.9992782487522, -0.000038558660889975],
            [-122.05813366399, 36.9992807123492, -0.000038558660889975],
            [-122.058126211915, 36.9992833397234, -0.000038558660889975],
            [-122.058118853086, 36.9992861289681, -0.000038558660889975],
            [-122.058111590836, 36.9992890782362, -0.000038558660889975],
            [-122.058104431847, 36.9992921847351, -0.000038558660889975],
            [-122.058097380576, 36.9992954466027, -0.000038558660889975],
            [-122.058090442583, 36.9992988610613, -0.000038558660889975],
            [-122.058083623446, 36.9993024262341, -0.000038558660889975],
            [-122.058076927602, 36.999306139358, -0.000038558660889975],
            [-122.058070360594, 36.9993099967546, -0.000038558660889975],
            [-122.058063926876, 36.9993139965618, -0.000038558660889975],
            [-122.05805763199, 36.999318135101, -0.000038558660889975],
            [-122.05805147925, 36.9993224096242, -0.000038558660889975],
            [-122.058045474216, 36.9993268173536, -0.000038558660889975],
            [-122.058039621288, 36.9993313537247, -0.000038558660889975],
            [-122.058033923816, 36.9993360177914, -0.000038558660889975],
            [-122.058028387286, 36.9993408031722, -0.000038558660889975],
            [-122.058023016173, 36.9993457089061, -0.000038558660889975],
            [-122.058084744644, 36.9993792227561, -0.000038558660889975],
            [-122.058033751843, 36.9994384759684, -0.000038558660889975],
            [-122.058030483168, 36.9994422018995, -0.000038558660889975],
            [-122.058027390656, 36.9994460246093, -0.000038558660889975],
            [-122.058024479775, 36.9994499368153, -0.000038558660889975],
            [-122.058021753819, 36.9994539348687, -0.000038558660889975],
            [-122.058019217131, 36.999458011502, -0.000038558660889975],
            [-122.058016874112, 36.9994621621505, -0.000038558660889975],
            [-122.058014725754, 36.9994663804925, -0.000038558660889975],
            [-122.058012776418, 36.9994706601615, -0.000038558660889975],
            [-122.058011029363, 36.9994749957068, -0.000038558660889975],
            [-122.058009486704, 36.9994793807918, -0.000038558660889975],
            [-122.058008150575, 36.9994838099809, -0.000038558660889975],
            [-122.058007021932, 36.9994882751504, -0.000038558660889975],
            [-122.058006104051, 36.9994927717509, -0.000038558660889975],
            [-122.058005396782, 36.9994972925746, -0.000038558660889975],
            [-122.058004902259, 36.9995018321859, -0.000038558660889975],
            [-122.058004619191, 36.9995063824913, -0.000038558660889975],
            [-122.058004550855, 36.9995109389412, -0.000038558660889975],
            [-122.058004656446, 36.9995177577697, -0.000038558660889975],
            [-122.0580045622, 36.9995231770085, -0.000038558660889975],
            [-122.058002422013, 36.9996464907742, -0.000038558660889975],
            [-122.057966229493, 36.9996485088201, -0.000038558660889975],
            [-122.057942784986, 36.9996498159075, -0.000038558660889975],
            [-122.057943978859, 36.999658885806, -0.000038558660889975],
            [-122.057945384675, 36.9996679357518, -0.000038558660889975],
            [-122.057947001274, 36.9996769639577, -0.000038558660889975],
            [-122.057948827439, 36.9996859659341, -0.000038558660889975],
            [-122.057950863095, 36.9996949380772, -0.000038558660889975],
            [-122.057953934249, 36.9997068658279, -0.000038558660889975],
            [-122.0579558647, 36.9997138008742, -0.000038558660889975],
            [-122.057957776911, 36.9997201819296, -0.000038558660889975],
            [-122.057961083859, 36.9997304780733, -0.000038558660889975],
            [-122.057964153756, 36.9997392597711, -0.000038558660889975],
            [-122.057967428277, 36.9997479936767, -0.000038558660889975],
            [-122.057970906244, 36.9997566771021, -0.000038558660889975],
            [-122.057974584211, 36.9997653064886, -0.000038558660889975],
            [-122.057978464388, 36.9997738800043, -0.000038558660889975],
            [-122.057982542189, 36.9997823932044, -0.000038558660889975],
            [-122.05798681868, 36.999790843371, -0.000038558660889975],
            [-122.057991290454, 36.9997992287473, -0.000038558660889975],
            [-122.057995957437, 36.9998075457294, -0.000038558660889975],
            [-122.058000817326, 36.9998157916445, -0.000038558660889975],
            [-122.058005867781, 36.9998239620179, -0.000038558660889975],
            [-122.058011978401, 36.9998330284398, -0.000038558660889975],
            [-122.05801680634, 36.999837569971, -0.000038558660889975],
            [-122.058021652411, 36.9998408198485, -0.000038558660889975],
            [-122.058027728455, 36.9998437279692, -0.000038558660889975],
            [-122.058036129292, 36.9998462076168, -0.000038558660889975],
            [-122.057921735379, 36.9998684825103, -0.000038558660889975],
            [-122.057925824215, 36.9998648609835, -0.000038558660889975]
          ]
        ]
      },
      "properties": {
        "OBJECTID": 40,
        "CODE": "PKG",
        "NAME": "Health Center",
        "NUMBER": 128,
        "Location": "Health Center",
        "Permit_Type": "A, B, MC, N, Disability, Medical",
        "Handicapped": "Yes",
        "Meters": "Yes",
        "Comments": null,
        "Paystations": "No",
        "Paystation_Limit": null,
        "Meter_Limit": "30min",
        "Permit_Days": "M - F",
        "Permit_Period": "7:00am - 8:30pm",
        "NUM": "128",
        "GlobalID": "88d2d7e8-adaf-4db1-8f19-1c6cda4c19a5"
      }
    },
    {
      "type": "Feature",
      "id": 41,
      "geometry": {
        "type": "Polygon",
        "coordinates": [
          [
            [-122.05380702273, 37.0022012529024, -0.000038558660889975],
            [-122.053635278356, 37.0022059110492, -0.000038558660889975],
            [-122.053637525361, 37.002205519749, -0.000038558660889975],
            [-122.053639719695, 37.0022049723424, -0.000038558660889975],
            [-122.053641846812, 37.0022042717266, -0.000038558660889975],
            [-122.053643888886, 37.0022034253488, -0.000038558660889975],
            [-122.053646690436, 37.0022020317459, -0.000038558660889975],
            [-122.053649366374, 37.0022004866128, -0.000038558660889975],
            [-122.053651904531, 37.0021987991234, -0.000038558660889975],
            [-122.053654291577, 37.0021969766647, -0.000038558660889975],
            [-122.053656518691, 37.0021950274649, -0.000038558660889975],
            [-122.053658573687, 37.0021929597971, -0.000038558660889975],
            [-122.0536604478, 37.0021907845924, -0.000038558660889975],
            [-122.053662132251, 37.0021885118807, -0.000038558660889975],
            [-122.053663618257, 37.0021861516923, -0.000038558660889975],
            [-122.053664900445, 37.002183715814, -0.000038558660889975],
            [-122.053665971175, 37.0021812151621, -0.000038558660889975],
            [-122.053666826197, 37.0021786615087, -0.000038558660889975],
            [-122.053667461259, 37.0021760666258, -0.000038558660889975],
            [-122.053667873271, 37.0021734440726, -0.000038558660889975],
            [-122.053668060193, 37.0021708037893, -0.000038558660889975],
            [-122.053668022322, 37.0021681601911, -0.000038558660889975],
            [-122.053667758778, 37.0021655250053, -0.000038558660889975],
            [-122.053667270926, 37.0021629099291, -0.000038558660889975],
            [-122.053666561275, 37.0021603275459, -0.000038558660889975],
            [-122.053665632331, 37.002157790439, -0.000038558660889975],
            [-122.053664489974, 37.0021553111468, -0.000038558660889975],
            [-122.0536631389, 37.0021528995199, -0.000038558660889975],
            [-122.053661583846, 37.0021505672108, -0.000038558660889975],
            [-122.053659835182, 37.002148326698, -0.000038558660889975],
            [-122.053657898712, 37.0021461869161, -0.000038558660889975],
            [-122.053655783647, 37.0021441585571, -0.000038558660889975],
            [-122.053653501404, 37.0021422504804, -0.000038558660889975],
            [-122.053654286843, 37.0021801928951, -0.000038558660889975],
            [-122.053242743069, 37.0021877316579, -0.000038558660889975],
            [-122.05323825274, 37.0020456831052, -0.000038558660889975],
            [-122.053566034846, 37.0020388640925, -0.000038558660889975],
            [-122.053738475171, 37.0020352764046, -0.000038558660889975],
            [-122.053856215516, 37.0020328270179, -0.000038558660889975],
            [-122.053855800741, 37.0020686387733, -0.000038558660889975],
            [-122.053855946666, 37.0020702598799, -0.000038558660889975],
            [-122.053856315699, 37.0020718572876, -0.000038558660889975],
            [-122.053856904099, 37.0020734130225, -0.000038558660889975],
            [-122.053857703573, 37.0020749064674, -0.000038558660889975],
            [-122.053858703639, 37.0020763197382, -0.000038558660889975],
            [-122.053859893813, 37.0020776349505, -0.000038558660889975],
            [-122.053861258034, 37.0020788360968, -0.000038558660889975],
            [-122.053862780276, 37.0020799089715, -0.000038558660889975],
            [-122.053864441164, 37.0020808403145, -0.000038558660889975],
            [-122.053866220217, 37.002081617782, -0.000038558660889975],
            [-122.053868095906, 37.0020822326488, -0.000038558660889975],
            [-122.053870044455, 37.0020826762196, -0.000038558660889975],
            [-122.053872043303, 37.0020829442888, -0.000038558660889975],
            [-122.053874066522, 37.0020830326959, -0.000038558660889975],
            [-122.053876089381, 37.002082940869, -0.000038558660889975],
            [-122.053878087166, 37.0020826691373, -0.000038558660889975],
            [-122.053895861274, 37.0020824324152, -0.000038558660889975],
            [-122.053896727043, 37.0021242488933, -0.000038558660889975],
            [-122.053877099466, 37.0021245103003, -0.000038558660889975],
            [-122.053875131965, 37.0021246167103, -0.000038558660889975],
            [-122.053873189146, 37.0021248841051, -0.000038558660889975],
            [-122.053871288908, 37.0021253086418, -0.000038558660889975],
            [-122.05386945364, 37.0021258864172, -0.000038558660889975],
            [-122.053867701206, 37.0021266117865, -0.000038558660889975],
            [-122.053866049409, 37.0021274764016, -0.000038558660889975],
            [-122.05386451716, 37.0021284709988, -0.000038558660889975],
            [-122.053863118874, 37.0021295863743, -0.000038558660889975],
            [-122.053861868895, 37.0021308097202, -0.000038558660889975],
            [-122.053860781581, 37.0021321291298, -0.000038558660889975],
            [-122.053859867887, 37.0021335309393, -0.000038558660889975],
            [-122.053859136483, 37.0021349997129, -0.000038558660889975],
            [-122.053858596055, 37.002136520916, -0.000038558660889975],
            [-122.053858251885, 37.0021380782566, -0.000038558660889975],
            [-122.053859959994, 37.0021719539122, -0.000038558660889975],
            [-122.053773918825, 37.0021739072563, -0.000038558660889975],
            [-122.053773106941, 37.00213941226, -0.000038558660889975],
            [-122.053770903896, 37.0021412755281, -0.000038558660889975],
            [-122.053768873025, 37.0021432599668, -0.000038558660889975],
            [-122.053767021968, 37.00214535466, -0.000038558660889975],
            [-122.053765361754, 37.0021475495478, -0.000038558660889975],
            [-122.053763898897, 37.002149833729, -0.000038558660889975],
            [-122.053762643267, 37.0021521953568, -0.000038558660889975],
            [-122.053761599112, 37.0021546226591, -0.000038558660889975],
            [-122.053760774055, 37.0021571038188, -0.000038558660889975],
            [-122.053760168938, 37.0021596253067, -0.000038558660889975],
            [-122.053759790241, 37.0021621744199, -0.000038558660889975],
            [-122.05375963772, 37.0021647394462, -0.000038558660889975],
            [-122.053759712201, 37.0021673059553, -0.000038558660889975],
            [-122.053760014565, 37.0021698622202, -0.000038558660889975],
            [-122.053760541162, 37.0021723947715, -0.000038558660889975],
            [-122.053761292854, 37.0021748909808, -0.000038558660889975],
            [-122.053762261498, 37.0021773374389, -0.000038558660889975],
            [-122.053763445747, 37.0021797233494, -0.000038558660889975],
            [-122.053764838582, 37.0021820352877, -0.000038558660889975],
            [-122.053766431916, 37.0021842625472, -0.000038558660889975],
            [-122.053768218747, 37.0021863926046, -0.000038558660889975],
            [-122.053770189884, 37.0021884156689, -0.000038558660889975],
            [-122.053772335012, 37.0021903219646, -0.000038558660889975],
            [-122.053774643798, 37.0021921008147, -0.000038558660889975],
            [-122.053777103698, 37.0021937433745, -0.000038558660889975],
            [-122.053779703311, 37.002195241685, -0.000038558660889975],
            [-122.053782429009, 37.0021965887181, -0.000038558660889975],
            [-122.053785267144, 37.0021977765449, -0.000038558660889975],
            [-122.053788203001, 37.0021987999541, -0.000038558660889975],
            [-122.053791221865, 37.0021996537347, -0.000038558660889975],
            [-122.053794309022, 37.0022003326752, -0.000038558660889975],
            [-122.053797448687, 37.0022008342823, -0.000038558660889975],
            [-122.053800625081, 37.0022011560627, -0.000038558660889975],
            [-122.053803821296, 37.0022012955379, -0.000038558660889975],
            [-122.05380702273, 37.0022012529024, -0.000038558660889975]
          ]
        ]
      },
      "properties": {
        "OBJECTID": 41,
        "CODE": "PKG",
        "NAME": "Crown/Merrill Apartments",
        "NUMBER": 152,
        "Location": "Crown/Merrill Apartments",
        "Permit_Type": "A, B, C152-155, MC, N, NC, Disability, Medical",
        "Handicapped": "Yes",
        "Meters": "Yes",
        "Comments": null,
        "Paystations": "No",
        "Paystation_Limit": null,
        "Meter_Limit": "2 hr.",
        "Permit_Days": "All",
        "Permit_Period": "7:00am - 8:30pm",
        "NUM": "152",
        "GlobalID": "5be59cc0-e637-4b3c-9ffc-5e7194deb71d"
      }
    },
    {
      "type": "Feature",
      "id": 42,
      "geometry": {
        "type": "Polygon",
        "coordinates": [
          [
            [-122.054312119694, 37.0021859817828, -0.000038558660889975],
            [-122.054317363133, 37.0021856866311, -0.000038558660889975],
            [-122.054322592801, 37.0021852691004, -0.000038558660889975],
            [-122.054327805366, 37.0021847310372, -0.000038558660889975],
            [-122.054330740448, 37.0021843602964, -0.000038558660889975],
            [-122.054333632594, 37.0021838152957, -0.000038558660889975],
            [-122.054336466116, 37.0021830980468, -0.000038558660889975],
            [-122.05433922538, 37.0021822132639, -0.000038558660889975],
            [-122.05434189363, 37.0021811656761, -0.000038558660889975],
            [-122.054344457498, 37.0021799608688, -0.000038558660889975],
            [-122.054346901407, 37.002178606259, -0.000038558660889975],
            [-122.054349212027, 37.0021771092338, -0.000038558660889975],
            [-122.054351378274, 37.0021754771505, -0.000038558660889975],
            [-122.054353384626, 37.0021737201289, -0.000038558660889975],
            [-122.054355223426, 37.0021718481844, -0.000038558660889975],
            [-122.054356881381, 37.0021698705058, -0.000038558660889975],
            [-122.054358350888, 37.0021677998112, -0.000038558660889975],
            [-122.054359624309, 37.0021656470167, -0.000038558660889975],
            [-122.05436069288, 37.0021634230534, -0.000038558660889975],
            [-122.054361551266, 37.0021611415102, -0.000038558660889975],
            [-122.054362195253, 37.0021588159613, -0.000038558660889975],
            [-122.054362620572, 37.0021564572779, -0.000038558660889975],
            [-122.054362825274, 37.0021540799049, -0.000038558660889975],
            [-122.054362807392, 37.0021516973865, -0.000038558660889975],
            [-122.054362568294, 37.0021493214201, -0.000038558660889975],
            [-122.054362108295, 37.0021469673216, -0.000038558660889975],
            [-122.054361429905, 37.0021446476745, -0.000038558660889975],
            [-122.054360537857, 37.002142374131, -0.000038558660889975],
            [-122.054359436946, 37.0021401610466, -0.000038558660889975],
            [-122.054358133029, 37.0021380200586, -0.000038558660889975],
            [-122.054356633088, 37.0021359627895, -0.000038558660889975],
            [-122.054354945249, 37.0021340017478, -0.000038558660889975],
            [-122.054353079846, 37.0021321476102, -0.000038558660889975],
            [-122.054351047173, 37.0021304092514, -0.000038558660889975],
            [-122.054348857585, 37.0021287982489, -0.000038558660889975],
            [-122.054346524727, 37.0021273225318, -0.000038558660889975],
            [-122.054344061145, 37.0021259909449, -0.000038558660889975],
            [-122.054341480465, 37.002124810516, -0.000038558660889975],
            [-122.054338796318, 37.0021237882733, -0.000038558660889975],
            [-122.054336024541, 37.0021229294128, -0.000038558660889975],
            [-122.054333180974, 37.0021222391307, -0.000038558660889975],
            [-122.054333977185, 37.0021606851692, -0.000038558660889975],
            [-122.054138370835, 37.0021676328603, -0.000038558660889975],
            [-122.054137433477, 37.0021223657633, -0.000038558660889975],
            [-122.054120393205, 37.0020841361028, -0.000038558660889975],
            [-122.054089203679, 37.0020208038072, -0.000038558660889975],
            [-122.054156237876, 37.0020216330666, -0.000038558660889975],
            [-122.054388684249, 37.0020229496371, -0.000038558660889975],
            [-122.054391548238, 37.002088807678, -0.000038558660889975],
            [-122.054395094293, 37.0020923300639, -0.000038558660889975],
            [-122.054398479521, 37.0020959537237, -0.000038558660889975],
            [-122.054401697089, 37.0020996742424, -0.000038558660889975],
            [-122.05440474462, 37.0021034853434, -0.000038558660889975],
            [-122.054407616422, 37.0021073834978, -0.000038558660889975],
            [-122.054410310138, 37.0021113633298, -0.000038558660889975],
            [-122.054412821142, 37.0021154185927, -0.000038558660889975],
            [-122.054415145954, 37.0021195439256, -0.000038558660889975],
            [-122.054417283356, 37.002123734839, -0.000038558660889975],
            [-122.054419228743, 37.0021279859869, -0.000038558660889975],
            [-122.05442097972, 37.0021322901918, -0.000038558660889975],
            [-122.054422533946, 37.0021366429789, -0.000038558660889975],
            [-122.054423890168, 37.0021410380564, -0.000038558660889975],
            [-122.054423760651, 37.0021440074134, -0.000038558660889975],
            [-122.054423843515, 37.0021469775456, -0.000038558660889975],
            [-122.054424138553, 37.0021499385427, -0.000038558660889975],
            [-122.054424646703, 37.0021528813802, -0.000038558660889975],
            [-122.054425365512, 37.0021557961777, -0.000038558660889975],
            [-122.054426291406, 37.0021586730696, -0.000038558660889975],
            [-122.054427421933, 37.0021615021755, -0.000038558660889975],
            [-122.054428754659, 37.0021642745159, -0.000038558660889975],
            [-122.054430283763, 37.0021669802551, -0.000038558660889975],
            [-122.054432004584, 37.0021696113446, -0.000038558660889975],
            [-122.054433911299, 37.0021721579487, -0.000038558660889975],
            [-122.05443599702, 37.0021746129497, -0.000038558660889975],
            [-122.054438255944, 37.002176967413, -0.000038558660889975],
            [-122.054440680058, 37.0021792142356, -0.000038558660889975],
            [-122.054443262435, 37.002181344498, -0.000038558660889975],
            [-122.054445991731, 37.0021833529442, -0.000038558660889975],
            [-122.054448862161, 37.0021852315404, -0.000038558660889975],
            [-122.054451861238, 37.0021869741447, -0.000038558660889975],
            [-122.054454981006, 37.0021885763571, -0.000038558660889975],
            [-122.054458211205, 37.0021900311046, -0.000038558660889975],
            [-122.054461539405, 37.0021913349482, -0.000038558660889975],
            [-122.054464956506, 37.0021924826019, -0.000038558660889975],
            [-122.054468450079, 37.0021934706265, -0.000038558660889975],
            [-122.054472007692, 37.0021942955829, -0.000038558660889975],
            [-122.054312119694, 37.0021859817828, -0.000038558660889975]
          ]
        ]
      },
      "properties": {
        "OBJECTID": 42,
        "CODE": "PKG",
        "NAME": "Crown/Merrill Apartments",
        "NUMBER": 153,
        "Location": "Crown/Merrill Apartments",
        "Permit_Type": "A, B, C152-155, MC, N, NC, Disability, Medical",
        "Handicapped": "Yes",
        "Meters": "Yes",
        "Comments": null,
        "Paystations": "No",
        "Paystation_Limit": null,
        "Meter_Limit": "2 hr.",
        "Permit_Days": "All",
        "Permit_Period": "7:00am - 8:30pm",
        "NUM": "153",
        "GlobalID": "3df21438-ffae-463a-ad50-e9dae98beec2"
      }
    },
    {
      "type": "Feature",
      "id": 43,
      "geometry": {
        "type": "Polygon",
        "coordinates": [
          [
            [-122.054665451529, 37.0022097158447, -0.000038558660889975],
            [-122.054531907084, 37.0021996283286, -0.000038558660889975],
            [-122.054534641064, 37.0021994215757, -0.000038558660889975],
            [-122.054537346841, 37.0021990466753, -0.000038558660889975],
            [-122.054540008689, 37.0021985038368, -0.000038558660889975],
            [-122.054542609852, 37.0021977977896, -0.000038558660889975],
            [-122.05454513466, 37.002196931446, -0.000038558660889975],
            [-122.054547568639, 37.0021959113071, -0.000038558660889975],
            [-122.054549896177, 37.0021947429883, -0.000038558660889975],
            [-122.054552103941, 37.0021934338766, -0.000038558660889975],
            [-122.054554178584, 37.0021919904583, -0.000038558660889975],
            [-122.054556107973, 37.0021904237094, -0.000038558660889975],
            [-122.0545578799, 37.0021887410022, -0.000038558660889975],
            [-122.05455948448, 37.0021869532825, -0.000038558660889975],
            [-122.054560910703, 37.0021850715115, -0.000038558660889975],
            [-122.054562152054, 37.0021831065904, -0.000038558660889975],
            [-122.054563198665, 37.0021810703661, -0.000038558660889975],
            [-122.054564045182, 37.0021789755267, -0.000038558660889975],
            [-122.054564687353, 37.0021768338443, -0.000038558660889975],
            [-122.054565120965, 37.0021746588931, -0.000038558660889975],
            [-122.054567941723, 37.0021482091179, -0.000038558660889975],
            [-122.054567713343, 37.0021458627483, -0.000038558660889975],
            [-122.054567266292, 37.0021435373163, -0.000038558660889975],
            [-122.054566604181, 37.0021412444892, -0.000038558660889975],
            [-122.054565727309, 37.002138998682, -0.000038558660889975],
            [-122.054564643782, 37.0021368115024, -0.000038558660889975],
            [-122.054563359497, 37.0021346963897, -0.000038558660889975],
            [-122.054561880293, 37.0021326640803, -0.000038558660889975],
            [-122.054560214277, 37.0021307261818, -0.000038558660889975],
            [-122.054558372943, 37.0021288951577, -0.000038558660889975],
            [-122.054556364322, 37.0021271790117, -0.000038558660889975],
            [-122.054554201013, 37.0021255892916, -0.000038558660889975],
            [-122.05455189554, 37.0021241339412, -0.000038558660889975],
            [-122.054549460447, 37.0021228218052, -0.000038558660889975],
            [-122.054546909344, 37.0021216590106, -0.000038558660889975],
            [-122.054544255896, 37.0021206543874, -0.000038558660889975],
            [-122.054541517029, 37.0021198113148, -0.000038558660889975],
            [-122.054538706353, 37.0021191359197, -0.000038558660889975],
            [-122.054535840792, 37.0021186315815, -0.000038558660889975],
            [-122.054532935004, 37.0021183008085, -0.000038558660889975],
            [-122.05448570089, 37.0021152361475, -0.000038558660889975],
            [-122.054493419311, 37.0020767325382, -0.000038558660889975],
            [-122.054505160648, 37.0020782829623, -0.000038558660889975],
            [-122.054510228917, 37.0020501639722, -0.000038558660889975],
            [-122.054513446813, 37.0020323090006, -0.000038558660889975],
            [-122.055125704755, 37.0021005755824, -0.000038558660889975],
            [-122.055115866123, 37.0021420489952, -0.000038558660889975],
            [-122.055090787744, 37.0022182250419, -0.000038558660889975],
            [-122.055091035538, 37.0022158678204, -0.000038558660889975],
            [-122.055091061779, 37.0022135009352, -0.000038558660889975],
            [-122.055090869049, 37.0022111405734, -0.000038558660889975],
            [-122.055090456449, 37.0022087975613, -0.000038558660889975],
            [-122.055089826505, 37.0022064853831, -0.000038558660889975],
            [-122.055088983991, 37.002204217493, -0.000038558660889975],
            [-122.055087932539, 37.0022020064595, -0.000038558660889975],
            [-122.055086678026, 37.0021998648209, -0.000038558660889975],
            [-122.055085228557, 37.0021978041845, -0.000038558660889975],
            [-122.055083591116, 37.002195836173, -0.000038558660889975],
            [-122.055081774913, 37.0021939714778, -0.000038558660889975],
            [-122.055079790282, 37.0021922207756, -0.000038558660889975],
            [-122.055077647537, 37.002190593842, -0.000038558660889975],
            [-122.055075360346, 37.0021890995067, -0.000038558660889975],
            [-122.055072940128, 37.0021877466294, -0.000038558660889975],
            [-122.055068479502, 37.0022246297703, -0.000038558660889975],
            [-122.055057129946, 37.0022325538401, -0.000038558660889975],
            [-122.054656177472, 37.0021904195935, -0.000038558660889975],
            [-122.054663784777, 37.00214134825, -0.000038558660889975],
            [-122.05466384179, 37.0021401407917, -0.000038558660889975],
            [-122.054663676462, 37.0021389399008, -0.000038558660889975],
            [-122.0546632916, 37.0021377725758, -0.000038558660889975],
            [-122.054662694447, 37.0021366630524, -0.000038558660889975],
            [-122.054661901254, 37.0021356363475, -0.000038558660889975],
            [-122.054660925965, 37.0021347148051, -0.000038558660889975],
            [-122.0546597926, 37.0021339188326, -0.000038558660889975],
            [-122.054658524016, 37.0021332670506, -0.000038558660889975],
            [-122.054657149681, 37.0021327716831, -0.000038558660889975],
            [-122.054655699082, 37.0021324458549, -0.000038558660889975],
            [-122.054654204905, 37.0021322945379, -0.000038558660889975],
            [-122.054652698716, 37.0021323227186, -0.000038558660889975],
            [-122.054651214194, 37.0021325290468, -0.000038558660889975],
            [-122.054649783824, 37.0021329085838, -0.000038558660889975],
            [-122.054648440031, 37.0021334536882, -0.000038558660889975],
            [-122.054647210673, 37.0021341531742, -0.000038558660889975],
            [-122.054646124604, 37.0021349895348, -0.000038558660889975],
            [-122.054645203952, 37.0021359462536, -0.000038558660889975],
            [-122.054644469614, 37.0021370014235, -0.000038558660889975],
            [-122.054643937952, 37.0021381313954, -0.000038558660889975],
            [-122.054643620839, 37.0021393125802, -0.000038558660889975],
            [-122.054641810941, 37.0021498482225, -0.000038558660889975],
            [-122.054637223564, 37.0021774218975, -0.000038558660889975],
            [-122.054636966045, 37.0021796900291, -0.000038558660889975],
            [-122.054636931221, 37.0021819687114, -0.000038558660889975],
            [-122.05463711651, 37.0021842417571, -0.000038558660889975],
            [-122.054637522773, 37.0021864965381, -0.000038558660889975],
            [-122.054638146343, 37.0021887186841, -0.000038558660889975],
            [-122.054638984712, 37.0021908956118, -0.000038558660889975],
            [-122.05464003084, 37.002193012996, -0.000038558660889975],
            [-122.054641279992, 37.0021950591841, -0.000038558660889975],
            [-122.054642725149, 37.0021970207519, -0.000038558660889975],
            [-122.054644354835, 37.0021988861367, -0.000038558660889975],
            [-122.054646162066, 37.002200643716, -0.000038558660889975],
            [-122.054648134264, 37.0022022828432, -0.000038558660889975],
            [-122.054650258884, 37.0022037946732, -0.000038558660889975],
            [-122.054652524452, 37.0022051676437, -0.000038558660889975],
            [-122.054654917374, 37.0022063965285, -0.000038558660889975],
            [-122.054657421702, 37.0022074707259, -0.000038558660889975],
            [-122.054660022739, 37.0022083859256, -0.000038558660889975],
            [-122.054662704628, 37.0022091360305, -0.000038558660889975],
            [-122.054665451529, 37.0022097158447, -0.000038558660889975]
          ]
        ]
      },
      "properties": {
        "OBJECTID": 43,
        "CODE": "PKG",
        "NAME": "Crown/Merrill Apartments",
        "NUMBER": 154,
        "Location": "Crown/Merrill Apartments",
        "Permit_Type": "A, B, C152-155, MC, N, NC, Disability, Medical",
        "Handicapped": "Yes",
        "Meters": "Yes",
        "Comments": null,
        "Paystations": "No",
        "Paystation_Limit": null,
        "Meter_Limit": "2 hr.",
        "Permit_Days": "All",
        "Permit_Period": "7:00am - 8:30pm",
        "NUM": "154",
        "GlobalID": "0ba1246a-80e1-4792-8db2-2653916f5199"
      }
    },
    {
      "type": "Feature",
      "id": 44,
      "geometry": {
        "type": "Polygon",
        "coordinates": [
          [
            [-122.055228999788, 37.0022031505471, -0.000038558660889975],
            [-122.055283013138, 37.0021007154797, -0.000038558660889975],
            [-122.055282572689, 37.0021026679302, -0.000038558660889975],
            [-122.05528234284, 37.0021046437078, -0.000038558660889975],
            [-122.055282325539, 37.0021066283676, -0.000038558660889975],
            [-122.055282521592, 37.0021086065786, -0.000038558660889975],
            [-122.055282929577, 37.0021105639406, -0.000038558660889975],
            [-122.055283545806, 37.0021124851825, -0.000038558660889975],
            [-122.055284365525, 37.0021143577509, -0.000038558660889975],
            [-122.055285383924, 37.0021161663896, -0.000038558660889975],
            [-122.055286591736, 37.0021178977042, -0.000038558660889975],
            [-122.055287980855, 37.0021195400873, -0.000038558660889975],
            [-122.055289542014, 37.0021210801445, -0.000038558660889975],
            [-122.055291262615, 37.0021225063282, -0.000038558660889975],
            [-122.055293128972, 37.0021238089077, -0.000038558660889975],
            [-122.055295128505, 37.0021249772363, -0.000038558660889975],
            [-122.055297246443, 37.0021260034003, -0.000038558660889975],
            [-122.055299465768, 37.0021268795157, -0.000038558660889975],
            [-122.055301771747, 37.0021275994706, -0.000038558660889975],
            [-122.055304146275, 37.0021281571978, -0.000038558660889975],
            [-122.055306571306, 37.0021285493333, -0.000038558660889975],
            [-122.055309029915, 37.0021287724978, -0.000038558660889975],
            [-122.055311502968, 37.0021288251441, -0.000038558660889975],
            [-122.055350138049, 37.0021283101102, -0.000038558660889975],
            [-122.055352452507, 37.0021280836972, -0.000038558660889975],
            [-122.055354733274, 37.0021276955184, -0.000038558660889975],
            [-122.055356962398, 37.0021271467144, -0.000038558660889975],
            [-122.05535912312, 37.0021264420143, -0.000038558660889975],
            [-122.0553611976, 37.0021255879645, -0.000038558660889975],
            [-122.055363170222, 37.0021245901804, -0.000038558660889975],
            [-122.055365025411, 37.0021234560789, -0.000038558660889975],
            [-122.055366747644, 37.0021221957804, -0.000038558660889975],
            [-122.055368325894, 37.0021208193448, -0.000038558660889975],
            [-122.055369745727, 37.0021193350754, -0.000038558660889975],
            [-122.055370997331, 37.0021177575222, -0.000038558660889975],
            [-122.055372070801, 37.0021160967302, -0.000038558660889975],
            [-122.055372956309, 37.0021143663484, -0.000038558660889975],
            [-122.055373648536, 37.0021125808668, -0.000038558660889975],
            [-122.055374142127, 37.0021107529736, -0.000038558660889975],
            [-122.055374432887, 37.0021088971437, -0.000038558660889975],
            [-122.055374517746, 37.0021070278371, -0.000038558660889975],
            [-122.055373811948, 37.0020789344116, -0.000038558660889975],
            [-122.055715916154, 37.0020612383774, -0.000038558660889975],
            [-122.055730970727, 37.0022112441627, -0.000038558660889975],
            [-122.055678589695, 37.0022141667544, -0.000038558660889975],
            [-122.05565298727, 37.0022155949667, -0.000038558660889975],
            [-122.055345840067, 37.0022327310817, -0.000038558660889975],
            [-122.05534384406, 37.0022014240749, -0.000038558660889975],
            [-122.055342932781, 37.0021993625756, -0.000038558660889975],
            [-122.055341816119, 37.0021973668977, -0.000038558660889975],
            [-122.0553405022, 37.0021954495497, -0.000038558660889975],
            [-122.055338999186, 37.0021936248419, -0.000038558660889975],
            [-122.055337317391, 37.0021919025499, -0.000038558660889975],
            [-122.055335467205, 37.0021902960532, -0.000038558660889975],
            [-122.055333461173, 37.0021888141963, -0.000038558660889975],
            [-122.055331311873, 37.0021874676259, -0.000038558660889975],
            [-122.055329034077, 37.002186264256, -0.000038558660889975],
            [-122.055326642576, 37.0021852129011, -0.000038558660889975],
            [-122.05532415212, 37.0021843205743, -0.000038558660889975],
            [-122.055321580796, 37.0021835924416, -0.000038558660889975],
            [-122.055318944441, 37.002183033699, -0.000038558660889975],
            [-122.055316258856, 37.0021826477407, -0.000038558660889975],
            [-122.055313544337, 37.0021824379009, -0.000038558660889975],
            [-122.055306213864, 37.0021821679329, -0.000038558660889975],
            [-122.055298877974, 37.0021820160931, -0.000038558660889975],
            [-122.055291540037, 37.0021819823365, -0.000038558660889975],
            [-122.055284201176, 37.0021820666483, -0.000038558660889975],
            [-122.055276867007, 37.0021822689533, -0.000038558660889975],
            [-122.055272407981, 37.0021831665037, -0.000038558660889975],
            [-122.055268004025, 37.002184227337, -0.000038558660889975],
            [-122.055263665193, 37.0021854486159, -0.000038558660889975],
            [-122.055259400434, 37.0021868284185, -0.000038558660889975],
            [-122.055255219802, 37.0021883639073, -0.000038558660889975],
            [-122.055251131066, 37.0021900504727, -0.000038558660889975],
            [-122.05524714207, 37.0021918871091, -0.000038558660889975],
            [-122.055243263919, 37.00219386736, -0.000038558660889975],
            [-122.055239502171, 37.0021959884477, -0.000038558660889975],
            [-122.055235865738, 37.0021982466488, -0.000038558660889975],
            [-122.055232362354, 37.0022006355518, -0.000038558660889975],
            [-122.055228999788, 37.0022031505471, -0.000038558660889975]
          ]
        ]
      },
      "properties": {
        "OBJECTID": 44,
        "CODE": "PKG",
        "NAME": "Fire House",
        "NUMBER": 156,
        "Location": "Crown/Merrill Apartments",
        "Permit_Type": "A, B, N, NC",
        "Handicapped": "No",
        "Meters": "No",
        "Comments": null,
        "Paystations": "No",
        "Paystation_Limit": null,
        "Meter_Limit": null,
        "Permit_Days": "M - F",
        "Permit_Period": "7:00am - 8:30pm",
        "NUM": "156",
        "GlobalID": "3c4cc178-6681-4d9a-8559-be4a4f042fc7"
      }
    },
    {
      "type": "Feature",
      "id": 45,
      "geometry": {
        "type": "Polygon",
        "coordinates": [
          [
            [-122.055118748099, 37.0014405518338, 0],
            [-122.055169879775, 37.0014874929805, 0],
            [-122.055163651198, 37.0014919197588, 0],
            [-122.055162257104, 37.0014929648012, 0],
            [-122.055161013694, 37.001494124089, 0],
            [-122.055159933081, 37.0014953857454, 0],
            [-122.055159030655, 37.0014967333436, 0],
            [-122.055158315086, 37.0014981514479, 0],
            [-122.055157795024, 37.0014996237213, 0],
            [-122.055157477958, 37.0015011320403, 0],
            [-122.055157366904, 37.001502659242, 0],
            [-122.055157462612, 37.0015041872924, 0],
            [-122.05515776469, 37.0015056972718, 0],
            [-122.055158269431, 37.001507173008, 0],
            [-122.055158970828, 37.001508595656, 0],
            [-122.055159859558, 37.0015099491186, 0],
            [-122.055160927422, 37.0015112172837, 0],
            [-122.055162159499, 37.0015123850297, 0],
            [-122.055192096485, 37.0015462529835, 0],
            [-122.055184149734, 37.0015508342399, 0],
            [-122.055176077537, 37.0015552720756, 0],
            [-122.055167884331, 37.0015595637279, 0],
            [-122.05515957459, 37.001563708236, 0],
            [-122.055151150505, 37.001567702867, 0],
            [-122.055142616514, 37.0015715448581, 0],
            [-122.055133979356, 37.0015752341196, 0],
            [-122.05512524008, 37.0015787670327, 0],
            [-122.055116405406, 37.0015821426065, 0],
            [-122.055107479811, 37.0015853598801, 0],
            [-122.055098465483, 37.0015884161209, 0],
            [-122.055089369127, 37.001591309437, 0],
            [-122.055080194111, 37.0015940397835, 0],
            [-122.055070946015, 37.0015966052837, 0],
            [-122.055061628171, 37.0015990040906, 0],
            [-122.055052246197, 37.0016012361295, 0],
            [-122.055042803424, 37.0016032995536, 0],
            [-122.055033306556, 37.0016051924709, 0],
            [-122.05502375898, 37.0016069157378, 0],
            [-122.055014166277, 37.0016084674772, 0],
            [-122.05500453292, 37.0016098467284, 0],
            [-122.054994863385, 37.0016110525306, 0],
            [-122.054985162183, 37.0016120857248, 0],
            [-122.054982065564, 37.0016123595041, 0],
            [-122.054975434912, 37.0016129453352, 0],
            [-122.054965686028, 37.0016136295, 0],
            [-122.054955920043, 37.0016141390603, 0],
            [-122.054946143697, 37.0016144739262, 0],
            [-122.054936359237, 37.0016146340679, 0],
            [-122.054926573384, 37.0016146184945, 0],
            [-122.054916790649, 37.001614428047, 0],
            [-122.054903683206, 37.0016139691934, 0],
            [-122.054890587999, 37.001613341652, 0],
            [-122.054877507275, 37.0016125453929, 0],
            [-122.054864443243, 37.0016115785842, 0],
            [-122.054851401575, 37.0016104438539, 0],
            [-122.054838383358, 37.0016091393852, 0],
            [-122.054825394265, 37.0016076678061, 0],
            [-122.05481243538, 37.0016060272997, 0],
            [-122.054799511255, 37.0016042205089, 0],
            [-122.054786625221, 37.0016022455871, 0],
            [-122.054773780685, 37.0016001042912, 0],
            [-122.05476098216, 37.0015977974622, 0],
            [-122.054748229646, 37.0015953251003, 0],
            [-122.05473336473, 37.0015922554576, 0],
            [-122.054718551555, 37.0015890256123, 0],
            [-122.054703794631, 37.0015856364054, 0],
            [-122.054689096206, 37.001582087807, 0],
            [-122.054674458562, 37.0015783815891, 0],
            [-122.054659883929, 37.0015745168209, 0],
            [-122.054645375732, 37.0015704961602, 0],
            [-122.0546309362, 37.0015663186763, 0],
            [-122.054616567597, 37.0015619852402, 0],
            [-122.05460227335, 37.0015574985098, 0],
            [-122.054588055667, 37.0015528566533, 0],
            [-122.054573917976, 37.0015480623287, 0],
            [-122.054559860275, 37.0015431155361, 0],
            [-122.054546281158, 37.0015381650686, 0],
            [-122.054532784503, 37.0015330729147, 0],
            [-122.054519370347, 37.0015278408761, 0],
            [-122.054506042059, 37.0015224689081, 0],
            [-122.054492800801, 37.0015169587976, 0],
            [-122.054479651084, 37.0015113113856, 0],
            [-122.054466594051, 37.0015055275583, 0],
            [-122.054453630844, 37.0014996082015, 0],
            [-122.054440765992, 37.0014935550575, 0],
            [-122.054427999478, 37.0014873672252, 0],
            [-122.054415333604, 37.0014810473777, 0],
            [-122.054431547462, 37.0014582158998, 0],
            [-122.054438438683, 37.0014485110521, 0],
            [-122.054439372973, 37.0014470738168, 0],
            [-122.054440108032, 37.0014455653382, 0],
            [-122.054440637456, 37.0014440019227, 0],
            [-122.054440954879, 37.0014424016793, 0],
            [-122.054440995437, 37.0014417558842, 0],
            [-122.054441056199, 37.0014407835876, 0],
            [-122.054440940686, 37.0014391665825, 0],
            [-122.054440609835, 37.0014375686679, 0],
            [-122.054440066267, 37.0014360078327, 0],
            [-122.054439318236, 37.001434502892, 0],
            [-122.054438371732, 37.0014330717899, 0],
            [-122.054437240551, 37.0014317296629, 0],
            [-122.054435935159, 37.0014304934943, 0],
            [-122.054434472684, 37.0014293765736, 0],
            [-122.054432872409, 37.0014283876561, 0],
            [-122.054429056949, 37.0014261242242, 0],
            [-122.054424816165, 37.0014233978381, 0],
            [-122.054420715317, 37.0014205380131, 0],
            [-122.054416761217, 37.0014175482633, 0],
            [-122.054412960719, 37.0014144339046, 0],
            [-122.054409317304, 37.0014112002977, 0],
            [-122.054405840033, 37.0014078509268, 0],
            [-122.054402532425, 37.0014043929546, 0],
            [-122.054399400209, 37.0014008317117, 0],
            [-122.054396449094, 37.0013971716284, 0],
            [-122.054393682618, 37.001393420768, 0],
            [-122.054391106473, 37.0013895826596, 0],
            [-122.054388724195, 37.0013856653668, 0],
            [-122.05438654041, 37.0013816751364, 0],
            [-122.054384557475, 37.0013776173441, 0],
            [-122.05438277889, 37.0013734982517, 0],
            [-122.054381208213, 37.0013693268237, 0],
            [-122.054379846641, 37.001365106649, 0],
            [-122.054378697731, 37.001360846692, 0],
            [-122.054377762755, 37.0013565541455, 0],
            [-122.054377044053, 37.0013522334842, 0],
            [-122.054376540688, 37.0013478937325, 0],
            [-122.054376255057, 37.0013435420681, 0],
            [-122.054376188394, 37.0013391838816, 0],
            [-122.054376338602, 37.0013348264107, 0],
            [-122.05437670699, 37.0013304786497, 0],
            [-122.05437729253, 37.0013261451183, 0],
            [-122.054378094283, 37.0013218348411, 0],
            [-122.054379111239, 37.0013175532384, 0],
            [-122.054380341319, 37.001313308449, 0],
            [-122.054381782389, 37.0013091059082, 0],
            [-122.054383432368, 37.0013049537547, 0],
            [-122.054385289124, 37.0013008574238, 0],
            [-122.054387349435, 37.0012968241682, 0],
            [-122.054389610062, 37.0012928603392, 0],
            [-122.054392066661, 37.0012889732044, 0],
            [-122.054394714833, 37.0012851673282, 0],
            [-122.054420565244, 37.0012497214242, 0],
            [-122.054421388837, 37.0012484731123, 0],
            [-122.054422018834, 37.0012471543829, 0],
            [-122.054422446642, 37.0012457842757, 0],
            [-122.054422664808, 37.0012443827163, 0],
            [-122.054422671496, 37.0012429695552, 0],
            [-122.054422466048, 37.0012415673312, 0],
            [-122.054422051086, 37.0012401940333, 0],
            [-122.054421432691, 37.0012388721101, 0],
            [-122.054420621329, 37.001237618545, 0],
            [-122.054419626395, 37.001236453039, 0],
            [-122.054418465076, 37.0012353915848, 0],
            [-122.054417151186, 37.0012344502196, 0],
            [-122.054415706348, 37.0012336421733, 0],
            [-122.054414151043, 37.0012329797897, 0],
            [-122.054412507941, 37.00123247268, 0],
            [-122.054410799678, 37.0012321286534, 0],
            [-122.054409053285, 37.0012319509543, 0],
            [-122.054407292447, 37.0012319437734, 0],
            [-122.054405542998, 37.0012321067663, 0],
            [-122.054403830719, 37.0012324368859, 0],
            [-122.054402180265, 37.0012329311004, 0],
            [-122.054400616164, 37.0012335800709, 0],
            [-122.054399161854, 37.0012343762756, 0],
            [-122.054397837294, 37.001235306832, 0],
            [-122.0543966613, 37.0012363579713, 0],
            [-122.054395652688, 37.0012375159251, 0],
            [-122.054367801685, 37.0012739653707, 0],
            [-122.054180829713, 37.0011858195142, 0],
            [-122.054209049948, 37.0011464705611, 0],
            [-122.054209910153, 37.0011450910899, 0],
            [-122.05421056553, 37.0011436413505, 0],
            [-122.054211006362, 37.0011421403975, 0],
            [-122.054211228566, 37.0011406081116, 0],
            [-122.054211228097, 37.0011390661753, 0],
            [-122.054211004241, 37.0011375344243, 0],
            [-122.054210560798, 37.0011360335355, 0],
            [-122.054209903813, 37.0011345841559, 0],
            [-122.05420904156, 37.0011332060013, 0],
            [-122.054207985645, 37.0011319169413, 0],
            [-122.054206751026, 37.0011307338991, 0],
            [-122.0542053538, 37.0011296746841, 0],
            [-122.054203813327, 37.0011287516552, 0],
            [-122.054158952647, 37.001108799325, 0],
            [-122.054252646389, 37.0009816634442, 0],
            [-122.054295840033, 37.0010003348197, 0],
            [-122.05429769053, 37.0010010365295, 0],
            [-122.054299624256, 37.0010015794215, 0],
            [-122.054301617453, 37.0010019557016, 0],
            [-122.054303648723, 37.0010021629511, 0],
            [-122.054305696648, 37.0010021978508, 0],
            [-122.054307737641, 37.0010020607147, 0],
            [-122.05430974811, 37.0010017518573, 0],
            [-122.054311709054, 37.0010012760375, 0],
            [-122.054313595854, 37.0010006380894, 0],
            [-122.05431538842, 37.0009998445889, 0],
            [-122.054317067825, 37.0009989038989, 0],
            [-122.054318615215, 37.0009978279863, 0],
            [-122.054320012824, 37.0009966270008, 0],
            [-122.054321246346, 37.0009953155519, 0],
            [-122.054322300336, 37.0009939073636, 0],
            [-122.054323165019, 37.0009924187874, 0],
            [-122.054323830603, 37.0009908652741, 0],
            [-122.054324288457, 37.0009892640613, 0],
            [-122.05432453446, 37.000987633228, 0],
            [-122.054324566739, 37.0009859908229, 0],
            [-122.054324382298, 37.0009843549097, 0],
            [-122.054323986002, 37.0009827434476, 0],
            [-122.054323381595, 37.0009811744106, 0],
            [-122.054322573924, 37.0009796648566, 0],
            [-122.054321574577, 37.0009782317541, 0],
            [-122.054310488162, 37.0009642415217, 0],
            [-122.054299282828, 37.0009503141536, 0],
            [-122.054287956309, 37.0009364487789, 0],
            [-122.054284684005, 37.0009326325595, 0],
            [-122.054281230695, 37.0009289196851, 0],
            [-122.054277602107, 37.0009253154864, 0],
            [-122.054273805092, 37.0009218252794, 0],
            [-122.054269844256, 37.00091845441, 0],
            [-122.054265725309, 37.0009152073079, 0],
            [-122.054261453979, 37.0009120893039, 0],
            [-122.054257038222, 37.0009091047982, 0],
            [-122.054252481501, 37.0009062582504, 0],
            [-122.054247794001, 37.0009035531296, 0],
            [-122.054242979203, 37.0009009947968, 0],
            [-122.05423804615, 37.0008985858348, 0],
            [-122.054233002779, 37.0008963297428, 0],
            [-122.054224610055, 37.000892830463, 0],
            [-122.054216129199, 37.0008894702393, 0],
            [-122.05420756362, 37.0008862508287, 0],
            [-122.054198916723, 37.0008831739881, 0],
            [-122.054190194144, 37.0008802405437, 0],
            [-122.054181397026, 37.0008774513813, 0],
            [-122.054172531021, 37.0008748082282, 0],
            [-122.054163598395, 37.0008723119553, 0],
            [-122.054154603679, 37.0008699643045, 0],
            [-122.054145550241, 37.0008677652311, 0],
            [-122.054136442595, 37.000865715576, 0],
            [-122.054126298813, 37.0008636031208, 0],
            [-122.054116108685, 37.000861639979, 0],
            [-122.054105875581, 37.0008598261057, 0],
            [-122.054095601766, 37.0008581623721, 0],
            [-122.054085292875, 37.0008566496041, 0],
            [-122.054074951154, 37.0008552877718, 0],
            [-122.054064579993, 37.0008540777313, 0],
            [-122.054054182779, 37.0008530203387, 0],
            [-122.054043764005, 37.000852115534, 0],
            [-122.054033325919, 37.0008513632875, 0],
            [-122.054022871889, 37.0008507635541, 0],
            [-122.054021000828, 37.000850750626, 0],
            [-122.054019138704, 37.0008508979913, 0],
            [-122.054017305717, 37.0008512044798, 0],
            [-122.054015525401, 37.0008516670744, 0],
            [-122.054013815579, 37.0008522783283, 0],
            [-122.054012198623, 37.0008530334373, 0],
            [-122.054010691196, 37.0008539231676, 0],
            [-122.054009309925, 37.0008549364835, 0],
            [-122.054008072576, 37.0008560632352, 0],
            [-122.05400699233, 37.0008572888281, 0],
            [-122.054006082405, 37.0008586004693, 0],
            [-122.054005351471, 37.0008599827231, 0],
            [-122.054004809302, 37.0008614192379, 0],
            [-122.05400446232, 37.0008628946078, 0],
            [-122.053962492774, 37.0010796554038, 0],
            [-122.053735850761, 37.0010522441641, 0],
            [-122.053698643443, 37.0010470170773, 0],
            [-122.053704670404, 37.001007338365, 0],
            [-122.053704809354, 37.0010056918361, 0],
            [-122.053704725798, 37.0010040437643, 0],
            [-122.053704423462, 37.0010024112227, 0],
            [-122.053703902792, 37.0010008158341, 0],
            [-122.053703170865, 37.0009992737256, 0],
            [-122.053702237058, 37.0009978036975, 0],
            [-122.053701111835, 37.000996422733, 0],
            [-122.053699807888, 37.0009951468846, 0],
            [-122.053698341242, 37.000993990358, 0],
            [-122.053696726798, 37.000992967374, 0],
            [-122.053696311216, 37.000992757523, 0],
            [-122.053694985018, 37.0009920893755, 0],
            [-122.053693136344, 37.0009913669045, 0],
            [-122.053691201164, 37.0009908078003, 0],
            [-122.053672815484, 37.0009885734549, 0],
            [-122.053640273913, 37.0009846197864, 0],
            [-122.053652353795, 37.0009064056377, 0],
            [-122.053667420693, 37.0008141039033, 0],
            [-122.053707387463, 37.0008183002341, 0],
            [-122.053715282187, 37.0008191296373, 0],
            [-122.053717236399, 37.0008192514086, 0],
            [-122.053719196148, 37.0008192063853, 0],
            [-122.053721138985, 37.0008189957675, 0],
            [-122.053723043624, 37.0008186225423, 0],
            [-122.053724887656, 37.0008180897117, 0],
            [-122.053726652115, 37.0008174038367, 0],
            [-122.053728315808, 37.000816572409, 0],
            [-122.053729860948, 37.0008156046775, 0],
            [-122.05373127091, 37.0008145116777, 0],
            [-122.053732527964, 37.0008133053616, 0],
            [-122.053733620033, 37.0008119994076, 0],
            [-122.053734533937, 37.0008106084105, 0],
            [-122.053735259883, 37.000809147821, 0],
            [-122.05373578922, 37.0008076339758, 0],
            [-122.053736116686, 37.0008060840677, 0],
            [-122.053746372273, 37.0007432568519, 0],
            [-122.053750638125, 37.0007171285081, 0],
            [-122.053978678183, 37.0007410749192, 0],
            [-122.054117880041, 37.0007556918712, 0],
            [-122.054111410245, 37.0007998563404, 0],
            [-122.054111762033, 37.0008014891234, 0],
            [-122.054112328709, 37.0008030811939, 0],
            [-122.054113103216, 37.0008046173256, 0],
            [-122.05411407728, 37.0008060778024, 0],
            [-122.054115239334, 37.0008074465568, 0],
            [-122.054116577827, 37.0008087084225, 0],
            [-122.05411807561, 37.0008098492087, 0],
            [-122.054119715538, 37.0008108547248, 0],
            [-122.054121480535, 37.0008117143839, 0],
            [-122.054123350178, 37.0008124185448, 0],
            [-122.054125301833, 37.0008129593985, 0],
            [-122.054127315131, 37.0008133300065, 0],
            [-122.054136889394, 37.0008147444133, 0],
            [-122.054146428581, 37.0008163097859, 0],
            [-122.054155925933, 37.0008180253131, 0],
            [-122.054165380309, 37.000819890109, 0],
            [-122.054174786093, 37.0008219042485, 0],
            [-122.054184142124, 37.0008240659445, 0],
            [-122.054193442785, 37.000826375272, 0],
            [-122.054202684688, 37.0008288313749, 0],
            [-122.054211864407, 37.0008314315952, 0],
            [-122.054218608314, 37.0008334965112, 0],
            [-122.054225270191, 37.0008357238334, 0],
            [-122.054231845527, 37.0008381127205, 0],
            [-122.054238327506, 37.0008406596586, 0],
            [-122.054244710512, 37.0008433647226, 0],
            [-122.054250987695, 37.0008462225964, 0],
            [-122.054257153418, 37.0008492324543, 0],
            [-122.054263203113, 37.000852390752, 0],
            [-122.054269129987, 37.0008556948767, 0],
            [-122.054274929488, 37.0008591421853, 0],
            [-122.054280595907, 37.0008627282481, 0],
            [-122.054286123591, 37.0008664513378, 0],
            [-122.054292706033, 37.0008711363687, 0],
            [-122.054299143936, 37.0008759494919, 0],
            [-122.054305431628, 37.0008808880794, 0],
            [-122.054311567893, 37.0008859476415, 0],
            [-122.05431754822, 37.0008911273372, 0],
            [-122.054323368002, 37.0008964218206, 0],
            [-122.054330085005, 37.000903426532, 0],
            [-122.054336655526, 37.0009105197091, 0],
            [-122.054343080632, 37.0009176986342, 0],
            [-122.054349355793, 37.0009249615652, 0],
            [-122.054355482095, 37.0009323066854, 0],
            [-122.054361456112, 37.0009397313367, 0],
            [-122.054364481419, 37.000943394037, 0],
            [-122.054367691121, 37.000946954248, 0],
            [-122.054371079491, 37.0009504066389, 0],
            [-122.054374639677, 37.0009537458939, 0],
            [-122.054378367053, 37.0009569657661, 0],
            [-122.054382255875, 37.0009600600237, 0],
            [-122.054386298204, 37.0009630251678, 0],
            [-122.054390487187, 37.0009658558823, 0],
            [-122.054394818221, 37.0009685468215, 0],
            [-122.054399281121, 37.0009710945163, 0],
            [-122.054403448133, 37.0009732982923, 0],
            [-122.054407697302, 37.0009754000398, 0],
            [-122.054412022956, 37.0009773971308, 0],
            [-122.05441261933, 37.0009776559386, 0],
            [-122.054416421725, 37.0009792896102, 0],
            [-122.054420890164, 37.0009810739193, 0],
            [-122.05442252605, 37.0009816126667, 0],
            [-122.054424227322, 37.0009819991424, 0],
            [-122.054425972526, 37.000982228225, 0],
            [-122.05442773912, 37.0009822966101, 0],
            [-122.054429503479, 37.0009822028101, 0],
            [-122.054431244298, 37.0009819489112, 0],
            [-122.054432936938, 37.0009815388464, 0],
            [-122.054434560132, 37.0009809765039, 0],
            [-122.05443609381, 37.0009802693606, 0],
            [-122.054437516834, 37.0009794276113, 0],
            [-122.054438811437, 37.0009784614059, 0],
            [-122.054439959907, 37.0009773835969, 0],
            [-122.054440949027, 37.0009762069773, 0],
            [-122.054467161884, 37.0009408526607, 0],
            [-122.054652289642, 37.00102758252, 0],
            [-122.054624188624, 37.0010671949463, 0],
            [-122.054623627451, 37.0010685271788, 0],
            [-122.054623262683, 37.0010699027551, 0],
            [-122.054623099544, 37.0010713026806, 0],
            [-122.054623141013, 37.0010727079905, 0],
            [-122.054623385592, 37.0010741006808, 0],
            [-122.054623830625, 37.0010754609607, 0],
            [-122.054624468979, 37.0010767700001, 0],
            [-122.054625292457, 37.0010780116868, 0],
            [-122.05462629168, 37.0010791672207, 0],
            [-122.054627450623, 37.0010802223962, 0],
            [-122.054628754366, 37.0010811620919, 0],
            [-122.054630185798, 37.001081973919, 0],
            [-122.054677133902, 37.0011054354398, 0],
            [-122.054536765032, 37.001297615425, 0],
            [-122.054489435205, 37.0012767219277, 0],
            [-122.054487486652, 37.001276331538, 0],
            [-122.054485497667, 37.001276104803, 0],
            [-122.054483489687, 37.0012760459432, 0],
            [-122.054481486302, 37.0012761546441, 0],
            [-122.054479506588, 37.0012764297506, 0],
            [-122.054477572973, 37.0012768691612, 0],
            [-122.054475707795, 37.0012774662701, 0],
            [-122.054473930054, 37.0012782163181, 0],
            [-122.054472258679, 37.0012791109424, 0],
            [-122.054470713685, 37.0012801399631, 0],
            [-122.054469309449, 37.0012812923742, 0],
            [-122.054468061456, 37.0012825562541, 0],
            [-122.054466985115, 37.0012839160772, 0],
            [-122.054448993669, 37.0013095099719, 0],
            [-122.054447153325, 37.0013123912758, 0],
            [-122.054445505547, 37.0013153475168, 0],
            [-122.054444055744, 37.0013183687096, 0],
            [-122.054442807157, 37.0013214485027, 0],
            [-122.054441764055, 37.001324576025, 0],
            [-122.054440928536, 37.0013277440388, 0],
            [-122.054440304905, 37.001330943475, 0],
            [-122.054439892957, 37.0013341644231, 0],
            [-122.054439694772, 37.0013373987447, 0],
            [-122.054439710144, 37.0013406365293, 0],
            [-122.054439938887, 37.0013438687676, 0],
            [-122.054440381955, 37.0013470873361, 0],
            [-122.054441036898, 37.0013502823543, 0],
            [-122.0544419013, 37.0013534457435, 0],
            [-122.054442974937, 37.0013565666926, 0],
            [-122.054444252045, 37.0013596380686, 0],
            [-122.054445731312, 37.0013626508772, 0],
            [-122.054447406956, 37.0013655970846, 0],
            [-122.054449275418, 37.0013684677264, 0],
            [-122.054451330915, 37.0013712547687, 0],
            [-122.054453567663, 37.001373950178, 0],
            [-122.054455978772, 37.0013765468363, 0],
            [-122.054458558476, 37.0013790376111, 0],
            [-122.054461299868, 37.0013814144836, 0],
            [-122.05446419385, 37.0013836721678, 0],
            [-122.054467232409, 37.0013858035608, 0],
            [-122.054470408674, 37.001387802446, 0],
            [-122.054473712425, 37.0013896635523, 0],
            [-122.054477133439, 37.0013913816087, 0],
            [-122.054504911508, 37.0014045213001, 0],
            [-122.054506662118, 37.001404956683, 0],
            [-122.054508462183, 37.0014052300933, 0],
            [-122.054510290286, 37.0014053382115, 0],
            [-122.054512121657, 37.001405278664, 0],
            [-122.054513932746, 37.0014050535671, 0],
            [-122.05451569998, 37.001404664136, 0],
            [-122.054517399903, 37.0014041169916, 0],
            [-122.054519012425, 37.00140341871, 0],
            [-122.05452051637, 37.001402577684, 0],
            [-122.05452189064, 37.0014016059102, 0],
            [-122.054523118609, 37.0014005144245, 0],
            [-122.054524183744, 37.0013993187676, 0],
            [-122.05455243605, 37.0013634758476, 0],
            [-122.054571766813, 37.0013716777859, 0],
            [-122.054591196684, 37.0013797279012, 0],
            [-122.054610724521, 37.0013876253073, 0],
            [-122.054630345831, 37.0013953700642, 0],
            [-122.054650061717, 37.0014029612558, 0],
            [-122.054669867669, 37.001410398041, 0],
            [-122.054678383052, 37.0014134684896, 0],
            [-122.054686976346, 37.0014163946095, 0],
            [-122.054695644162, 37.0014191755447, 0],
            [-122.054704383092, 37.0014218095383, 0],
            [-122.054713189768, 37.001424296635, 0],
            [-122.054722058535, 37.0014266351079, 0],
            [-122.05473098711, 37.001428823185, 0],
            [-122.054739969875, 37.001430860941, 0],
            [-122.054749004546, 37.0014327466042, 0],
            [-122.054758086631, 37.0014344802342, 0],
            [-122.05477545851, 37.0014375606238, 0],
            [-122.05479287213, 37.0014404863504, 0],
            [-122.054810324085, 37.001443255657, 0],
            [-122.054827814392, 37.0014458694446, 0],
            [-122.054845339683, 37.001448327758, 0],
            [-122.054862897673, 37.0014506288253, 0],
            [-122.054880487239, 37.0014527726613, 0],
            [-122.054888490401, 37.0014536257745, 0],
            [-122.054896518118, 37.0014543082342, 0],
            [-122.054904565897, 37.0014548201004, 0],
            [-122.054912628121, 37.0014551614478, 0],
            [-122.054920699137, 37.0014553305495, 0],
            [-122.054928772241, 37.0014553292971, 0],
            [-122.054936842922, 37.0014551568497, 0],
            [-122.054944904421, 37.001454812396, 0],
            [-122.054952952283, 37.0014542977978, 0],
            [-122.054960980872, 37.0014536122291, 0],
            [-122.054968983466, 37.0014527566806, 0],
            [-122.054976954451, 37.0014517312273, 0],
            [-122.054983598745, 37.0014507198506, 0],
            [-122.054990201468, 37.0014495459114, 0],
            [-122.05499675588, 37.0014482094996, 0],
            [-122.055003256402, 37.0014467124921, 0],
            [-122.055009697455, 37.0014450567654, 0],
            [-122.055016071194, 37.0014432433255, 0],
            [-122.055022372022, 37.0014412731479, 0],
            [-122.05502859552, 37.0014391498966, 0],
            [-122.055034734967, 37.0014368745622, 0],
            [-122.05504078366, 37.0014344490365, 0],
            [-122.055046738267, 37.0014318751664, 0],
            [-122.055052589876, 37.0014291566752, 0],
            [-122.055058336296, 37.001426296296, 0],
            [-122.055061997053, 37.0014243459843, 0],
            [-122.055063969683, 37.0014232950344, 0],
            [-122.055069485619, 37.0014201565541, 0],
            [-122.055074879684, 37.0014168845189, 0],
            [-122.0550801463, 37.0014134808054, 0],
            [-122.055085278802, 37.0014099491073, 0],
            [-122.055117510248, 37.0014395391696, 0],
            [-122.055118748099, 37.0014405518338, 0]
          ]
        ]
      },
      "properties": {
        "OBJECTID": 45,
        "CODE": "PKG",
        "NAME": "Crown College \"Pit\"",
        "NUMBER": 111,
        "Location": "Crown College",
        "Permit_Type": "A, B, C111, MC, N, NC",
        "Handicapped": "No",
        "Meters": "Yes",
        "Comments": null,
        "Paystations": "No",
        "Paystation_Limit": null,
        "Meter_Limit": "2 hr.",
        "Permit_Days": "M - F",
        "Permit_Period": "7:00am - 8:30pm",
        "NUM": "111A",
        "GlobalID": "d8f7e867-5580-471f-af6f-821ba068e3f5"
      }
    },
    {
      "type": "Feature",
      "id": 46,
      "geometry": {
        "type": "Polygon",
        "coordinates": [
          [
            [-122.055368861439, 36.997255984573, -0.000038558660889975],
            [-122.055525546123, 36.9972633301579, -0.000038558660889975],
            [-122.055518424077, 36.9972647994383, -0.000038558660889975],
            [-122.055518364826, 36.9972648137463, -0.000038558660889975],
            [-122.055511715929, 36.9972672112556, -0.000038558660889975],
            [-122.05551160452, 36.9972672568996, -0.000038558660889975],
            [-122.05550551034, 36.997270560823, -0.000038558660889975],
            [-122.055505462619, 36.9972705893963, -0.000038558660889975],
            [-122.055500148837, 36.9972746840756, -0.000038558660889975],
            [-122.055500116805, 36.9972747106373, -0.000038558660889975],
            [-122.055495731844, 36.99727949316, -0.000038558660889975],
            [-122.055492441504, 36.997284777472, -0.000038558660889975],
            [-122.055492414413, 36.9972848255964, -0.000038558660889975],
            [-122.055490284109, 36.9972905152992, -0.000038558660889975],
            [-122.055490260459, 36.9972906210542, -0.000038558660889975],
            [-122.055489394764, 36.9972963948296, -0.000038558660889975],
            [-122.055489390925, 36.9972964264225, -0.000038558660889975],
            [-122.055489762467, 36.997302318881, -0.000038558660889975],
            [-122.055489767949, 36.9973023665712, -0.000038558660889975],
            [-122.055491397128, 36.9973081692649, -0.000038558660889975],
            [-122.055503580745, 36.9973360294418, -0.000038558660889975],
            [-122.055521621415, 36.9973772798659, -0.000038558660889975],
            [-122.055539660962, 36.9974185294013, -0.000038558660889975],
            [-122.055557701671, 36.99745977982, -0.000038558660889975],
            [-122.055661096683, 36.9974306885449, -0.000038558660889975],
            [-122.055643055924, 36.9973894381423, -0.000038558660889975],
            [-122.055625016308, 36.997348187722, -0.000038558660889975],
            [-122.055606975607, 36.9973069382149, -0.000038558660889975],
            [-122.055594790833, 36.9972790780638, -0.000038558660889975],
            [-122.055591942474, 36.9972759798889, -0.000038558660889975],
            [-122.055591817427, 36.9972758553891, -0.000038558660889975],
            [-122.055591784256, 36.9972758269932, -0.000038558660889975],
            [-122.055588256997, 36.9972730406717, -0.000038558660889975],
            [-122.055588198928, 36.9972730035958, -0.000038558660889975],
            [-122.055584196346, 36.9972707021459, -0.000038558660889975],
            [-122.055584131706, 36.9972706732684, -0.000038558660889975],
            [-122.055579734391, 36.9972688961693, -0.000038558660889975],
            [-122.055579681263, 36.9972688806562, -0.000038558660889975],
            [-122.055574976527, 36.9972676663962, -0.000038558660889975],
            [-122.055574781498, 36.9972676347513, -0.000038558660889975],
            [-122.055685984744, 36.9972717663869, -0.000038558660889975],
            [-122.055684119147, 36.9972720670293, -0.000038558660889975],
            [-122.055682306352, 36.9972725300836, -0.000038558660889975],
            [-122.055680567608, 36.9972731507605, -0.000038558660889975],
            [-122.055678925211, 36.9972739206521, -0.000038558660889975],
            [-122.055677398106, 36.9972748322961, -0.000038558660889975],
            [-122.055676006232, 36.9972758719087, -0.000038558660889975],
            [-122.055674763966, 36.9972770284839, -0.000038558660889975],
            [-122.055673689002, 36.997278288268, -0.000038558660889975],
            [-122.055672793357, 36.997279634879, -0.000038558660889975],
            [-122.055672089051, 36.9972810519353, -0.000038558660889975],
            [-122.055671582488, 36.9972825231301, -0.000038558660889975],
            [-122.055671281158, 36.9972840303395, -0.000038558660889975],
            [-122.055671188036, 36.9972855545988, -0.000038558660889975],
            [-122.055671304997, 36.9972870778591, -0.000038558660889975],
            [-122.055671630526, 36.9972885812156, -0.000038558660889975],
            [-122.055672160897, 36.9972900475953, -0.000038558660889975],
            [-122.055686047631, 36.9973217989285, -0.000038558660889975],
            [-122.055687181084, 36.9973243909681, -0.000038558660889975],
            [-122.055745340504, 36.9973080265678, -0.000038558660889975],
            [-122.055832047691, 36.9975062864601, -0.000038558660889975],
            [-122.055773888137, 36.9975226509038, -0.000038558660889975],
            [-122.055797690606, 36.9975770747059, -0.000038558660889975],
            [-122.055571514032, 36.9976407130807, -0.000038558660889975],
            [-122.055419141249, 36.9972923100429, -0.000038558660889975],
            [-122.055417786549, 36.9972893424493, -0.000038558660889975],
            [-122.055416229982, 36.9972864469388, -0.000038558660889975],
            [-122.055414469393, 36.9972836280464, -0.000038558660889975],
            [-122.055412510586, 36.9972808947064, -0.000038558660889975],
            [-122.05541035824, 36.9972782558685, -0.000038558660889975],
            [-122.055408021529, 36.9972757204222, -0.000038558660889975],
            [-122.055405507377, 36.9972732972873, -0.000038558660889975],
            [-122.055402823798, 36.9972709935662, -0.000038558660889975],
            [-122.055399979945, 36.9972688172479, -0.000038558660889975],
            [-122.055396984953, 36.9972667754201, -0.000038558660889975],
            [-122.055393849062, 36.9972648742544, -0.000038558660889975],
            [-122.055390581407, 36.9972631208388, -0.000038558660889975],
            [-122.055387194457, 36.9972615204141, -0.000038558660889975],
            [-122.05538369845, 36.9972600791521, -0.000038558660889975],
            [-122.055380105818, 36.9972588004919, -0.000038558660889975],
            [-122.05537642678, 36.9972576897045, -0.000038558660889975],
            [-122.055372674891, 36.9972567502138, -0.000038558660889975],
            [-122.055368861439, 36.997255984573, -0.000038558660889975]
          ]
        ]
      },
      "properties": {
        "OBJECTID": 46,
        "CODE": "PKG",
        "NAME": "Quarry Plaza",
        "NUMBER": 102,
        "Location": "Quarry Plaza",
        "Permit_Type": "Disability, Medical, Reserved",
        "Handicapped": "Yes",
        "Meters": "No",
        "Comments": null,
        "Paystations": "No",
        "Paystation_Limit": null,
        "Meter_Limit": null,
        "Permit_Days": "All",
        "Permit_Period": "All",
        "NUM": "102",
        "GlobalID": "6820e639-bfe5-469b-a304-a74aa87c501a"
      }
    },
    {
      "type": "Feature",
      "id": 47,
      "geometry": {
        "type": "Polygon",
        "coordinates": [
          [
            [-122.050973949579, 36.999739519495, -0.000038558660889975],
            [-122.051079137905, 36.999736621509, -0.000038558660889975],
            [-122.051081873828, 36.9997367302278, -0.000038558660889975],
            [-122.051084612419, 36.9997367505941, -0.000038558660889975],
            [-122.051265933756, 36.9997352211978, -0.000038558660889975],
            [-122.051268267968, 36.9997350838205, -0.000038558660889975],
            [-122.051270573707, 36.9997347647808, -0.000038558660889975],
            [-122.051272829686, 36.9997342670652, -0.000038558660889975],
            [-122.051275015797, 36.9997335963482, -0.000038558660889975],
            [-122.051277108546, 36.9997327574483, -0.000038558660889975],
            [-122.051279091288, 36.9997317604998, -0.000038558660889975],
            [-122.05128094283, 36.9997306129941, -0.000038558660889975],
            [-122.051282646546, 36.9997293259666, -0.000038558660889975],
            [-122.051284186989, 36.9997279131406, -0.000038558660889975],
            [-122.051285547553, 36.9997263864524, -0.000038558660889975],
            [-122.051286717303, 36.9997247604665, -0.000038558660889975],
            [-122.051287684218, 36.9997230515642, -0.000038558660889975],
            [-122.051288439628, 36.9997212751812, -0.000038558660889975],
            [-122.051288976024, 36.9997194485398, -0.000038558660889975],
            [-122.051289288126, 36.9997175879318, -0.000038558660889975],
            [-122.051289372954, 36.9997157123219, -0.000038558660889975],
            [-122.051289230862, 36.9997138388281, -0.000038558660889975],
            [-122.051288862222, 36.9997119854692, -0.000038558660889975],
            [-122.051288269654, 36.9997101702344, -0.000038558660889975],
            [-122.051287461356, 36.999708409236, -0.000038558660889975],
            [-122.051286442174, 36.9997067195323, -0.000038558660889975],
            [-122.051285223677, 36.9997051171909, -0.000038558660889975],
            [-122.051283816291, 36.9997036173935, -0.000038558660889975],
            [-122.05128223381, 36.999702235277, -0.000038558660889975],
            [-122.051280491081, 36.9997009823595, -0.000038558660889975],
            [-122.051278605232, 36.9996998719311, -0.000038558660889975],
            [-122.051276593297, 36.9996989127772, -0.000038558660889975],
            [-122.051274474614, 36.9996981163562, -0.000038558660889975],
            [-122.051207795389, 36.9996761405587, -0.000038558660889975],
            [-122.051206416116, 36.9996760552601, -0.000038558660889975],
            [-122.051205033646, 36.999676087159, -0.000038558660889975],
            [-122.051203663688, 36.9996762351455, -0.000038558660889975],
            [-122.051202053666, 36.9996765647601, -0.000038558660889975],
            [-122.051200508776, 36.9996770557234, -0.000038558660889975],
            [-122.051199052402, 36.9996776978115, -0.000038558660889975],
            [-122.051197709088, 36.9996784825874, -0.000038558660889975],
            [-122.051196501057, 36.9996793980399, -0.000038558660889975],
            [-122.051195445946, 36.9996804277131, -0.000038558660889975],
            [-122.051194561412, 36.999681556052, -0.000038558660889975],
            [-122.051193861684, 36.9996827648436, -0.000038558660889975],
            [-122.051193357605, 36.9996840350186, -0.000038558660889975],
            [-122.051181594584, 36.9997218072212, -0.000038558660889975],
            [-122.051043349005, 36.9996678162759, -0.000038558660889975],
            [-122.051055049071, 36.9995728966589, -0.000038558660889975],
            [-122.051107175355, 36.9994972180691, -0.000038558660889975],
            [-122.051197713817, 36.9995349161342, -0.000038558660889975],
            [-122.051194276343, 36.9995566950139, -0.000038558660889975],
            [-122.051234263444, 36.9995690909664, -0.000038558660889975],
            [-122.051252302042, 36.9995589019493, -0.000038558660889975],
            [-122.051408781738, 36.9996208627525, -0.000038558660889975],
            [-122.051400202994, 36.9996524347819, -0.000038558660889975],
            [-122.051399236686, 36.9996542815596, -0.000038558660889975],
            [-122.05139848177, 36.9996561904123, -0.000038558660889975],
            [-122.051397946916, 36.9996581459044, -0.000038558660889975],
            [-122.051397634055, 36.9996601326898, -0.000038558660889975],
            [-122.051397546221, 36.9996621345068, -0.000038558660889975],
            [-122.051397684165, 36.9996641333216, -0.000038558660889975],
            [-122.051398047588, 36.9996661147189, -0.000038558660889975],
            [-122.051398632768, 36.9996680616257, -0.000038558660889975],
            [-122.051399434875, 36.9996699578847, -0.000038558660889975],
            [-122.051400447978, 36.9996717882544, -0.000038558660889975],
            [-122.051413367298, 36.9996819170985, -0.000038558660889975],
            [-122.051478384402, 36.9997122437108, -0.000038558660889975],
            [-122.05147895054, 36.9997125083427, -0.000038558660889975],
            [-122.051480437901, 36.9997132023085, -0.000038558660889975],
            [-122.051482261066, 36.9997140522213, -0.000038558660889975],
            [-122.051482566262, 36.9997141950573, -0.000038558660889975],
            [-122.051484536943, 36.9997151151038, -0.000038558660889975],
            [-122.051485151773, 36.9997153980131, -0.000038558660889975],
            [-122.051486939949, 36.9997162402803, -0.000038558660889975],
            [-122.051487096413, 36.9997163084927, -0.000038558660889975],
            [-122.051487267815, 36.9997163927279, -0.000038558660889975],
            [-122.051489406305, 36.999717386243, -0.000038558660889975],
            [-122.051489548148, 36.9997174537486, -0.000038558660889975],
            [-122.051491625423, 36.9997184210419, -0.000038558660889975],
            [-122.051492097342, 36.9997186391633, -0.000038558660889975],
            [-122.051493963732, 36.9997195146357, -0.000038558660889975],
            [-122.051494111079, 36.9997195766609, -0.000038558660889975],
            [-122.051494252978, 36.9997196468694, -0.000038558660889975],
            [-122.051496383605, 36.9997206404889, -0.000038558660889975],
            [-122.051496694418, 36.9997207832501, -0.000038558660889975],
            [-122.051498581139, 36.9997216638592, -0.000038558660889975],
            [-122.051498744529, 36.9997217409914, -0.000038558660889975],
            [-122.051500596056, 36.9997226040446, -0.000038558660889975],
            [-122.051501193962, 36.9997228835741, -0.000038558660889975],
            [-122.051502657493, 36.9997235661411, -0.000038558660889975],
            [-122.051503913397, 36.9997241514369, -0.000038558660889975],
            [-122.051504046143, 36.9997242136563, -0.000038558660889975],
            [-122.051505697402, 36.999724791892, -0.000038558660889975],
            [-122.051505870585, 36.9997248535736, -0.000038558660889975],
            [-122.051506182788, 36.9997249548615, -0.000038558660889975],
            [-122.051508285138, 36.9997255045685, -0.000038558660889975],
            [-122.051508395796, 36.9997255310339, -0.000038558660889975],
            [-122.051510668206, 36.999725936992, -0.000038558660889975],
            [-122.051512379586, 36.99972610799, -0.000038558660889975],
            [-122.051512978471, 36.9997261631093, -0.000038558660889975],
            [-122.051513079845, 36.999726175279, -0.000038558660889975],
            [-122.051515286359, 36.9997262198337, -0.000038558660889975],
            [-122.051515743214, 36.999726198438, -0.000038558660889975],
            [-122.051517626522, 36.9997260985939, -0.000038558660889975],
            [-122.051519923701, 36.9997258003905, -0.000038558660889975],
            [-122.051522175706, 36.9997253279563, -0.000038558660889975],
            [-122.051524361307, 36.9997246869808, -0.000038558660889975],
            [-122.051524534185, 36.999724625203, -0.000038558660889975],
            [-122.051526461519, 36.9997238831236, -0.000038558660889975],
            [-122.051526769835, 36.9997237420421, -0.000038558660889975],
            [-122.051528263901, 36.9997230210448, -0.000038558660889975],
            [-122.051528457377, 36.9997229229454, -0.000038558660889975],
            [-122.051530331095, 36.9997218156944, -0.000038558660889975],
            [-122.0515314183, 36.9997210343206, -0.000038558660889975],
            [-122.051532064887, 36.9997205706194, -0.000038558660889975],
            [-122.051532202837, 36.9997204498273, -0.000038558660889975],
            [-122.051533644392, 36.9997191996266, -0.000038558660889975],
            [-122.051533825989, 36.9997190160718, -0.000038558660889975],
            [-122.05153505525, 36.9997177146227, -0.000038558660889975],
            [-122.051536280966, 36.9997161329496, -0.000038558660889975],
            [-122.051537284633, 36.9997145172805, -0.000038558660889975],
            [-122.051537319368, 36.999714458241, -0.000038558660889975],
            [-122.051538152985, 36.9997127150615, -0.000038558660889975],
            [-122.051538191337, 36.9997126136178, -0.000038558660889975],
            [-122.051538777605, 36.999710916985, -0.000038558660889975],
            [-122.051538973917, 36.9997100321061, -0.000038558660889975],
            [-122.051539186786, 36.9997090785163, -0.000038558660889975],
            [-122.051539197956, 36.9997089666198, -0.000038558660889975],
            [-122.051539289506, 36.999708068715, -0.000038558660889975],
            [-122.051539376426, 36.999707218635, -0.000038558660889975],
            [-122.051539376339, 36.9997071600586, -0.000038558660889975],
            [-122.051539345699, 36.9997053517711, -0.000038558660889975],
            [-122.051539094979, 36.9997034959436, -0.000038558660889975],
            [-122.051538625723, 36.9997016673545, -0.000038558660889975],
            [-122.051538032729, 36.9997001035595, -0.000038558660889975],
            [-122.051537942778, 36.9996998830621, -0.000038558660889975],
            [-122.051537052079, 36.9996981583077, -0.000038558660889975],
            [-122.05153687203, 36.9996978732215, -0.000038558660889975],
            [-122.051536074169, 36.9996966717269, -0.000038558660889975],
            [-122.051535961821, 36.9996965092039, -0.000038558660889975],
            [-122.051535178031, 36.999695553548, -0.000038558660889975],
            [-122.051534774642, 36.9996950632562, -0.000038558660889975],
            [-122.051534681291, 36.9996949500461, -0.000038558660889975],
            [-122.051533655649, 36.9996939264122, -0.000038558660889975],
            [-122.051533506699, 36.9996937869057, -0.000038558660889975],
            [-122.051533374413, 36.9996936381656, -0.000038558660889975],
            [-122.051533223161, 36.9996934959862, -0.000038558660889975],
            [-122.051531818223, 36.9996923323043, -0.000038558660889975],
            [-122.051531598904, 36.999692158587, -0.000038558660889975],
            [-122.051529824527, 36.9996909511537, -0.000038558660889975],
            [-122.051529785833, 36.999690927336, -0.000038558660889975],
            [-122.051529744911, 36.9996909044492, -0.000038558660889975],
            [-122.051529364164, 36.9996906941274, -0.000038558660889975],
            [-122.051527914838, 36.9996898834024, -0.000038558660889975],
            [-122.051525888031, 36.9996889659054, -0.000038558660889975],
            [-122.051525413282, 36.9996887739564, -0.000038558660889975],
            [-122.051519495397, 36.9996863833858, -0.000038558660889975],
            [-122.051471267532, 36.9996669064949, -0.000038558660889975],
            [-122.051541550177, 36.9995054422893, -0.000038558660889975],
            [-122.051583512961, 36.9995170422295, -0.000038558660889975],
            [-122.051585244593, 36.9995172147593, -0.000038558660889975],
            [-122.051586990714, 36.9995172185733, -0.000038558660889975],
            [-122.051588723261, 36.9995170549458, -0.000038558660889975],
            [-122.05159041977, 36.9995167241756, -0.000038558660889975],
            [-122.051592053392, 36.999516232027, -0.000038558660889975],
            [-122.051593601812, 36.9995155860062, -0.000038558660889975],
            [-122.051595042751, 36.9995147954214, -0.000038558660889975],
            [-122.051596353966, 36.9995138713829, -0.000038558660889975],
            [-122.051597516642, 36.9995128276587, -0.000038558660889975],
            [-122.051598514246, 36.9995116797891, -0.000038558660889975],
            [-122.051599332492, 36.9995104432841, -0.000038558660889975],
            [-122.051599959397, 36.9995091363272, -0.000038558660889975],
            [-122.051641265764, 36.99940463343, -0.000038558660889975],
            [-122.051645278773, 36.9994029831441, -0.000038558660889975],
            [-122.052121768909, 36.9995095285154, -0.000038558660889975],
            [-122.05210920155, 36.999558639519, -0.000038558660889975],
            [-122.052113789147, 36.9995579341342, -0.000038558660889975],
            [-122.05211832934, 36.9995570554496, -0.000038558660889975],
            [-122.052122814322, 36.9995560062726, -0.000038558660889975],
            [-122.052127231757, 36.9995547876685, -0.000038558660889975],
            [-122.05213157275, 36.9995534042616, -0.000038558660889975],
            [-122.052135827212, 36.9995518570873, -0.000038558660889975],
            [-122.052139986268, 36.9995501516709, -0.000038558660889975],
            [-122.052144039845, 36.9995482899488, -0.000038558660889975],
            [-122.052147980193, 36.9995462774312, -0.000038558660889975],
            [-122.052151797258, 36.9995441169556, -0.000038558660889975],
            [-122.052155483326, 36.9995418158341, -0.000038558660889975],
            [-122.052159029467, 36.999539376889, -0.000038558660889975],
            [-122.052162427949, 36.9995368065317, -0.000038558660889975],
            [-122.052165672161, 36.9995341111585, -0.000038558660889975],
            [-122.052168754335, 36.9995312953786, -0.000038558660889975],
            [-122.052171666756, 36.9995283665043, -0.000038558660889975],
            [-122.052174403921, 36.9995253300159, -0.000038558660889975],
            [-122.052176959238, 36.9995221932108, -0.000038558660889975],
            [-122.052179327259, 36.9995189642721, -0.000038558660889975],
            [-122.052181502479, 36.9995156486803, -0.000038558660889975],
            [-122.052183480573, 36.9995122546037, -0.000038558660889975],
            [-122.052185256073, 36.9995087893245, -0.000038558660889975],
            [-122.052186826883, 36.9995052600802, -0.000038558660889975],
            [-122.052188187572, 36.999501675955, -0.000038558660889975],
            [-122.052230239701, 36.9996099499967, -0.000038558660889975],
            [-122.052229104808, 36.9996082077689, -0.000038558660889975],
            [-122.052227781852, 36.9996065536565, -0.000038558660889975],
            [-122.052226282308, 36.9996049992224, -0.000038558660889975],
            [-122.05222461767, 36.9996035569304, -0.000038558660889975],
            [-122.052222799413, 36.9996022383433, -0.000038558660889975],
            [-122.052220844609, 36.9996010540483, -0.000038558660889975],
            [-122.052218765801, 36.9996000128905, -0.000038558660889975],
            [-122.052216581128, 36.9995991227392, -0.000038558660889975],
            [-122.052214307608, 36.9995983914787, -0.000038558660889975],
            [-122.052211961059, 36.9995978234047, -0.000038558660889975],
            [-122.052209561831, 36.9995974245546, -0.000038558660889975],
            [-122.052207127952, 36.9995971973922, -0.000038558660889975],
            [-122.052204678536, 36.9995971425645, -0.000038558660889975],
            [-122.052202232735, 36.9995972625201, -0.000038558660889975],
            [-122.052199809607, 36.9995975552031, -0.000038558660889975],
            [-122.052197428191, 36.9995980176567, -0.000038558660889975],
            [-122.052195107547, 36.9995986478249, -0.000038558660889975],
            [-122.05219286441, 36.9995994400778, -0.000038558660889975],
            [-122.052190717748, 36.9996003878549, -0.000038558660889975],
            [-122.052188684258, 36.9996014837242, -0.000038558660889975],
            [-122.052186778377, 36.9996027193833, -0.000038558660889975],
            [-122.052185016767, 36.9996040855982, -0.000038558660889975],
            [-122.052183412684, 36.9996055713786, -0.000038558660889975],
            [-122.052181978242, 36.9996071648475, -0.000038558660889975],
            [-122.052180725553, 36.9996088541284, -0.000038558660889975],
            [-122.052177881294, 36.9996132861879, -0.000038558660889975],
            [-122.052175228488, 36.999617794104, -0.000038558660889975],
            [-122.052172771517, 36.9996223724113, -0.000038558660889975],
            [-122.052170513657, 36.9996270165602, -0.000038558660889975],
            [-122.05216845476, 36.9996317193432, -0.000038558660889975],
            [-122.052166600368, 36.9996364770818, -0.000038558660889975],
            [-122.052164951473, 36.9996412834545, -0.000038558660889975],
            [-122.052163509068, 36.9996461321396, -0.000038558660889975],
            [-122.052162276411, 36.9996510176868, -0.000038558660889975],
            [-122.052161254496, 36.9996559337744, -0.000038558660889975],
            [-122.052160444351, 36.9996608758828, -0.000038558660889975],
            [-122.052159845848, 36.9996658377053, -0.000038558660889975],
            [-122.052159462225, 36.9996708128905, -0.000038558660889975],
            [-122.052159292247, 36.9996757960478, -0.000038558660889975],
            [-122.052159335766, 36.9996807799695, -0.000038558660889975],
            [-122.05215959383, 36.9996857610369, -0.000038558660889975],
            [-122.052160066271, 36.9996907311414, -0.000038558660889975],
            [-122.052160750732, 36.9996956849073, -0.000038558660889975],
            [-122.052161648241, 36.999700617815, -0.000038558660889975],
            [-122.052162757528, 36.9997055226718, -0.000038558660889975],
            [-122.052164076215, 36.9997103932009, -0.000038558660889975],
            [-122.052180212397, 36.9997473581586, -0.000038558660889975],
            [-122.05208600961, 36.9997812391144, -0.000038558660889975],
            [-122.052064528038, 36.9997889651414, -0.000038558660889975],
            [-122.052045724274, 36.9997957282136, -0.000038558660889975],
            [-122.051874338812, 36.9998573678292, -0.000038558660889975],
            [-122.051872783445, 36.9998581671489, -0.000038558660889975],
            [-122.051871346494, 36.9998590964678, -0.000038558660889975],
            [-122.051870043501, 36.9998601465671, -0.000038558660889975],
            [-122.051868891052, 36.9998613046096, -0.000038558660889975],
            [-122.051867902329, 36.9998625560006, -0.000038558660889975],
            [-122.051867089391, 36.999863886161, -0.000038558660889975],
            [-122.051866462011, 36.999865278739, -0.000038558660889975],
            [-122.051866027755, 36.999866719215, -0.000038558660889975],
            [-122.051865790705, 36.9998681877086, -0.000038558660889975],
            [-122.051865753914, 36.9998696688586, -0.000038558660889975],
            [-122.051865919258, 36.9998711446164, -0.000038558660889975],
            [-122.051866282992, 36.9998725970079, -0.000038558660889975],
            [-122.051866842518, 36.9998740089449, -0.000038558660889975],
            [-122.051882922968, 36.9999080665329, -0.000038558660889975],
            [-122.051889501315, 36.9999200640333, -0.000038558660889975],
            [-122.05190973042, 36.9999648438055, -0.000038558660889975],
            [-122.051882576022, 36.9999930131279, -0.000038558660889975],
            [-122.051875004875, 37.0000025024681, -0.000038558660889975],
            [-122.051872435797, 37.0000051924575, -0.000038558660889975],
            [-122.051825885529, 37.0000539344586, -0.000038558660889975],
            [-122.05175649319, 37.0000153148676, -0.000038558660889975],
            [-122.051781199802, 36.9999839068006, -0.000038558660889975],
            [-122.051781786481, 36.9999827193353, -0.000038558660889975],
            [-122.051782187882, 36.9999814829663, -0.000038558660889975],
            [-122.051782398797, 36.9999802175891, -0.000038558660889975],
            [-122.051782415086, 36.9999789403815, -0.000038558660889975],
            [-122.051782238284, 36.9999776711493, -0.000038558660889975],
            [-122.051781869904, 36.9999764287974, -0.000038558660889975],
            [-122.051781315955, 36.9999752321709, -0.000038558660889975],
            [-122.051780583529, 36.9999740982984, -0.000038558660889975],
            [-122.051779684213, 36.9999730441481, -0.000038558660889975],
            [-122.051778631823, 36.999972085758, -0.000038558660889975],
            [-122.051777442381, 36.9999712373339, -0.000038558660889975],
            [-122.051751864648, 36.9999551307532, -0.000038558660889975],
            [-122.051750156511, 36.999954682148, -0.000038558660889975],
            [-122.051748394478, 36.9999543982769, -0.000038558660889975],
            [-122.051746603371, 36.9999542842167, -0.000038558660889975],
            [-122.051744807903, 36.9999543396389, -0.000038558660889975],
            [-122.051743032824, 36.9999545660166, -0.000038558660889975],
            [-122.051741303874, 36.9999549585015, -0.000038558660889975],
            [-122.051739644551, 36.9999555122752, -0.000038558660889975],
            [-122.051738079399, 36.9999562189003, -0.000038558660889975],
            [-122.05173662845, 36.9999570690986, -0.000038558660889975],
            [-122.051735312823, 36.9999580517749, -0.000038558660889975],
            [-122.05173415242, 36.9999591513442, -0.000038558660889975],
            [-122.05170660239, 36.9999886218028, -0.000038558660889975],
            [-122.051418307306, 36.9998258909318, -0.000038558660889975],
            [-122.051471308367, 36.9997659606114, -0.000038558660889975],
            [-122.051472971688, 36.9997640784295, -0.000038558660889975],
            [-122.051385544707, 36.9997250009257, -0.000038558660889975],
            [-122.051383524288, 36.9997243924506, -0.000038558660889975],
            [-122.051381441848, 36.9997239362006, -0.000038558660889975],
            [-122.051379316557, 36.9997236355257, -0.000038558660889975],
            [-122.05137716532, 36.9997234929046, -0.000038558660889975],
            [-122.051375007269, 36.9997235098852, -0.000038558660889975],
            [-122.051372860378, 36.9997236862286, -0.000038558660889975],
            [-122.051370742599, 36.9997240207949, -0.000038558660889975],
            [-122.05136867185, 36.9997245106422, -0.000038558660889975],
            [-122.051366667132, 36.9997251510119, -0.000038558660889975],
            [-122.05136474406, 36.9997259362893, -0.000038558660889975],
            [-122.051362919372, 36.9997268608444, -0.000038558660889975],
            [-122.051361208625, 36.99972791636, -0.000038558660889975],
            [-122.051359626255, 36.9997290945331, -0.000038558660889975],
            [-122.051358185498, 36.9997303834723, -0.000038558660889975],
            [-122.051342203613, 36.9997460911009, -0.000038558660889975],
            [-122.051341179703, 36.9997475430202, -0.000038558660889975],
            [-122.051340307652, 36.9997490578062, -0.000038558660889975],
            [-122.051339591711, 36.9997506236868, -0.000038558660889975],
            [-122.051339038453, 36.9997522324638, -0.000038558660889975],
            [-122.051338650987, 36.9997538714793, -0.000038558660889975],
            [-122.051338420104, 36.9997556931574, -0.000038558660889975],
            [-122.051338393935, 36.9997575256312, -0.000038558660889975],
            [-122.051338573252, 36.999759351768, -0.000038558660889975],
            [-122.051338955508, 36.9997611571824, -0.000038558660889975],
            [-122.051339539303, 36.9997629283753, -0.000038558660889975],
            [-122.051340318701, 36.9997646501051, -0.000038558660889975],
            [-122.051341286686, 36.9997663089474, -0.000038558660889975],
            [-122.051342438484, 36.9997678914476, -0.000038558660889975],
            [-122.05134376146, 36.999769384256, -0.000038558660889975],
            [-122.051345246385, 36.9997707757796, -0.000038558660889975],
            [-122.051381807443, 36.9998020702029, -0.000038558660889975],
            [-122.051337760123, 36.999835200697, -0.000038558660889975],
            [-122.051294200202, 36.999802326706, -0.000038558660889975],
            [-122.05129522017, 36.9998516751036, -0.000038558660889975],
            [-122.051276430018, 36.999851924946, -0.000038558660889975],
            [-122.051242193704, 36.9998523801599, -0.000038558660889975],
            [-122.05085068948, 36.9998575849757, -0.000038558660889975],
            [-122.050833406459, 36.999759539596, -0.000038558660889975],
            [-122.050851825656, 36.9996879941534, -0.000038558660889975],
            [-122.050955512749, 36.999686615819, -0.000038558660889975],
            [-122.050955253206, 36.9996958051315, -0.000038558660889975],
            [-122.050955218448, 36.9997049977642, -0.000038558660889975],
            [-122.050955408363, 36.9997141883114, -0.000038558660889975],
            [-122.050955822895, 36.9997233740702, -0.000038558660889975],
            [-122.05095646199, 36.9997325523378, -0.000038558660889975],
            [-122.050956601672, 36.9997334940302, -0.000038558660889975],
            [-122.05095686237, 36.9997344196947, -0.000038558660889975],
            [-122.050957242719, 36.9997353176341, -0.000038558660889975],
            [-122.050957910657, 36.9997364307403, -0.000038558660889975],
            [-122.050958760031, 36.9997374612283, -0.000038558660889975],
            [-122.050959776935, 36.9997383885556, -0.000038558660889975],
            [-122.050960941937, 36.9997391967591, -0.000038558660889975],
            [-122.050962232237, 36.9997398699202, -0.000038558660889975],
            [-122.050963625128, 36.9997403966254, -0.000038558660889975],
            [-122.050965094531, 36.9997407655058, -0.000038558660889975],
            [-122.050966613377, 36.9997409715142, -0.000038558660889975],
            [-122.050968152349, 36.999741009633, -0.000038558660889975],
            [-122.050969683347, 36.9997408793347, -0.000038558660889975],
            [-122.050971178344, 36.9997405836955, -0.000038558660889975],
            [-122.050972609352, 36.9997401275932, -0.000038558660889975],
            [-122.050973949579, 36.999739519495, -0.000038558660889975]
          ],
          [
            [-122.051738871687, 36.9998337307814, -0.000038558660889975],
            [-122.051739376242, 36.9998337339837, -0.000038558660889975],
            [-122.051739638586, 36.9998337061623, -0.000038558660889975],
            [-122.051740939089, 36.9998335681052, -0.000038558660889975],
            [-122.051741058832, 36.9998335448839, -0.000038558660889975],
            [-122.05174117839, 36.9998335126532, -0.000038558660889975],
            [-122.051741300342, 36.9998334876001, -0.000038558660889975],
            [-122.051742457903, 36.9998332288819, -0.000038558660889975],
            [-122.051743903628, 36.9998327239101, -0.000038558660889975],
            [-122.051745247263, 36.9998320634883, -0.000038558660889975],
            [-122.051745342691, 36.9998320054439, -0.000038558660889975],
            [-122.051745451226, 36.9998319292013, -0.000038558660889975],
            [-122.051745566668, 36.9998318609776, -0.000038558660889975],
            [-122.051746464358, 36.9998312605587, -0.000038558660889975],
            [-122.051747530479, 36.999830328964, -0.000038558660889975],
            [-122.0517484258, 36.9998292878931, -0.000038558660889975],
            [-122.051749131634, 36.9998281574207, -0.000038558660889975],
            [-122.051749636072, 36.9998269593339, -0.000038558660889975],
            [-122.051749927242, 36.9998257172216, -0.000038558660889975],
            [-122.051750001117, 36.9998244536671, -0.000038558660889975],
            [-122.051749857114, 36.9998231948129, -0.000038558660889975],
            [-122.051749495718, 36.9998219640836, -0.000038558660889975],
            [-122.05174892417, 36.999820785715, -0.000038558660889975],
            [-122.051744164876, 36.9998093831328, -0.000038558660889975],
            [-122.051741409337, 36.9998027824937, -0.000038558660889975],
            [-122.051732815183, 36.9997821918821, -0.000038558660889975],
            [-122.051983491303, 36.9996846116437, -0.000038558660889975],
            [-122.05199492252, 36.999697864831, -0.000038558660889975],
            [-122.051995594395, 36.9996985155669, -0.000038558660889975],
            [-122.051996395625, 36.9996990645496, -0.000038558660889975],
            [-122.051997301126, 36.9996994940888, -0.000038558660889975],
            [-122.051998287066, 36.9996997927862, -0.000038558660889975],
            [-122.051999320684, 36.9996999520655, -0.000038558660889975],
            [-122.052000373769, 36.9996999659937, -0.000038558660889975],
            [-122.052001414849, 36.9996998340883, -0.000038558660889975],
            [-122.052002411443, 36.9996995612873, -0.000038558660889975],
            [-122.052003335637, 36.9996991560728, -0.000038558660889975],
            [-122.052004158431, 36.9996986287437, -0.000038558660889975],
            [-122.052004856571, 36.9996979958307, -0.000038558660889975],
            [-122.052005407983, 36.9996972765527, -0.000038558660889975],
            [-122.052005798493, 36.9996964918257, -0.000038558660889975],
            [-122.05201482663, 36.9996727000809, -0.000038558660889975],
            [-122.052046544019, 36.9996588350469, -0.000038558660889975],
            [-122.052070328158, 36.9996957361278, -0.000038558660889975],
            [-122.052070964762, 36.9996965828915, -0.000038558660889975],
            [-122.052071733545, 36.9996973558012, -0.000038558660889975],
            [-122.052072751769, 36.9996981289974, -0.000038558660889975],
            [-122.052073901017, 36.999698772481, -0.000038558660889975],
            [-122.052075157383, 36.9996992712498, -0.000038558660889975],
            [-122.052076491477, 36.999699616683, -0.000038558660889975],
            [-122.052077874992, 36.9996997983427, -0.000038558660889975],
            [-122.052079277564, 36.9996998148304, -0.000038558660889975],
            [-122.05208066656, 36.9996996638767, -0.000038558660889975],
            [-122.052082012851, 36.999699349474, -0.000038558660889975],
            [-122.052083286239, 36.9996988783323, -0.000038558660889975],
            [-122.052084457724, 36.9996982607504, -0.000038558660889975],
            [-122.052085502891, 36.9996975114724, -0.000038558660889975],
            [-122.052086397345, 36.9996966461431, -0.000038558660889975],
            [-122.052087123505, 36.9996956839213, -0.000038558660889975],
            [-122.052087662705, 36.9996946457829, -0.000038558660889975],
            [-122.052087513821, 36.9996914124793, -0.000038558660889975],
            [-122.05208757952, 36.9996881781235, -0.000038558660889975],
            [-122.052087857722, 36.9996849508537, -0.000038558660889975],
            [-122.052088348614, 36.9996817396796, -0.000038558660889975],
            [-122.052089050135, 36.9996785536403, -0.000038558660889975],
            [-122.052089960226, 36.9996754017753, -0.000038558660889975],
            [-122.052091076825, 36.9996722931239, -0.000038558660889975],
            [-122.052092396751, 36.9996692367403, -0.000038558660889975],
            [-122.05209391678, 36.999666239877, -0.000038558660889975],
            [-122.052095631485, 36.9996633116181, -0.000038558660889975],
            [-122.052097537662, 36.9996604601169, -0.000038558660889975],
            [-122.052099628739, 36.9996576935717, -0.000038558660889975],
            [-122.052101898145, 36.9996550201805, -0.000038558660889975],
            [-122.052104341498, 36.9996524454088, -0.000038558660889975],
            [-122.05210695114, 36.9996499792717, -0.000038558660889975],
            [-122.052046729437, 36.9996138468097, -0.000038558660889975],
            [-122.052010684065, 36.9996623256774, -0.000038558660889975],
            [-122.051732196063, 36.9995962722187, -0.000038558660889975],
            [-122.05173251666, 36.9995468897705, -0.000038558660889975],
            [-122.051681229884, 36.9995368422833, -0.000038558660889975],
            [-122.051662420534, 36.9995921932054, -0.000038558660889975],
            [-122.051719100979, 36.9996174793377, -0.000038558660889975],
            [-122.051677014567, 36.9997253387689, -0.000038558660889975],
            [-122.051642663371, 36.9997241473465, -0.000038558660889975],
            [-122.051641103845, 36.9997240932884, -0.000038558660889975],
            [-122.051636837917, 36.9997239454523, -0.000038558660889975],
            [-122.051633525569, 36.9997238354007, -0.000038558660889975],
            [-122.051632800238, 36.9997238053948, -0.000038558660889975],
            [-122.05163015674, 36.99972371078, -0.000038558660889975],
            [-122.051629825113, 36.9997237025737, -0.000038558660889975],
            [-122.051629751387, 36.9997237233805, -0.000038558660889975],
            [-122.051627570355, 36.999724367902, -0.000038558660889975],
            [-122.051627490056, 36.9997243969069, -0.000038558660889975],
            [-122.051626946052, 36.9997246051079, -0.000038558660889975],
            [-122.051625242747, 36.9997252594974, -0.000038558660889975],
            [-122.051624861022, 36.999725436702, -0.000038558660889975],
            [-122.051624742023, 36.999725495961, -0.000038558660889975],
            [-122.051623103254, 36.9997262828687, -0.000038558660889975],
            [-122.051622770016, 36.9997264684404, -0.000038558660889975],
            [-122.051622656932, 36.9997265420398, -0.000038558660889975],
            [-122.051622536922, 36.9997266067194, -0.000038558660889975],
            [-122.051621088241, 36.9997274577874, -0.000038558660889975],
            [-122.051620999478, 36.9997275121383, -0.000038558660889975],
            [-122.051620897702, 36.9997275891921, -0.000038558660889975],
            [-122.05162078679, 36.9997276591578, -0.000038558660889975],
            [-122.051619215476, 36.9997287741039, -0.000038558660889975],
            [-122.051618710912, 36.9997292052764, -0.000038558660889975],
            [-122.051617499374, 36.9997302226148, -0.000038558660889975],
            [-122.051617261515, 36.9997304564836, -0.000038558660889975],
            [-122.051617156778, 36.999730553403, -0.000038558660889975],
            [-122.0516159554, 36.9997317904974, -0.000038558660889975],
            [-122.051614594509, 36.9997334640884, -0.000038558660889975],
            [-122.051613429918, 36.9997352305953, -0.000038558660889975],
            [-122.051613086277, 36.9997358912342, -0.000038558660889975],
            [-122.051613015909, 36.9997360201395, -0.000038558660889975],
            [-122.051612471402, 36.9997370736665, -0.000038558660889975],
            [-122.051611724317, 36.9997389806141, -0.000038558660889975],
            [-122.051611506222, 36.9997397900825, -0.000038558660889975],
            [-122.051611371918, 36.9997403046477, -0.000038558660889975],
            [-122.051611198399, 36.9997409332847, -0.000038558660889975],
            [-122.051610942622, 36.9997425831666, -0.000038558660889975],
            [-122.051610895578, 36.9997429163325, -0.000038558660889975],
            [-122.05161081887, 36.9997449125946, -0.000038558660889975],
            [-122.051610824978, 36.9997450449889, -0.000038558660889975],
            [-122.051610868529, 36.9997455211409, -0.000038558660889975],
            [-122.051610967978, 36.999746907656, -0.000038558660889975],
            [-122.051611215897, 36.9997481930653, -0.000038558660889975],
            [-122.051611246469, 36.9997483674902, -0.000038558660889975],
            [-122.051611344756, 36.9997488825668, -0.000038558660889975],
            [-122.05161194578, 36.9997508346691, -0.000038558660889975],
            [-122.051612018552, 36.9997509851018, -0.000038558660889975],
            [-122.051612070993, 36.9997511303976, -0.000038558660889975],
            [-122.051612758679, 36.9997527091545, -0.000038558660889975],
            [-122.05161312504, 36.9997533648569, -0.000038558660889975],
            [-122.051613187013, 36.999753482089, -0.000038558660889975],
            [-122.051613785063, 36.9997545294327, -0.000038558660889975],
            [-122.051615014243, 36.9997562677089, -0.000038558660889975],
            [-122.051616435775, 36.9997579079004, -0.000038558660889975],
            [-122.051618037062, 36.9997594384592, -0.000038558660889975],
            [-122.051619521004, 36.9997606191133, -0.000038558660889975],
            [-122.051619811027, 36.999760843258, -0.000038558660889975],
            [-122.051619846519, 36.999760875229, -0.000038558660889975],
            [-122.051621726109, 36.9997621173095, -0.000038558660889975],
            [-122.051621891045, 36.99976226922, -0.000038558660889975],
            [-122.051621992991, 36.9997623633907, -0.000038558660889975],
            [-122.051623931684, 36.9997641273772, -0.000038558660889975],
            [-122.051625839229, 36.9997658521254, -0.000038558660889975],
            [-122.051625952277, 36.9997659398401, -0.000038558660889975],
            [-122.051626055383, 36.9997660357977, -0.000038558660889975],
            [-122.051627450203, 36.9997673077563, -0.000038558660889975],
            [-122.051628042936, 36.9997678261702, -0.000038558660889975],
            [-122.051628150442, 36.9997679175633, -0.000038558660889975],
            [-122.051630138826, 36.999769639434, -0.000038558660889975],
            [-122.051630240567, 36.9997697236943, -0.000038558660889975],
            [-122.051632185558, 36.9997714118967, -0.000038558660889975],
            [-122.051632287262, 36.9997714943551, -0.000038558660889975],
            [-122.051633327018, 36.999772385325, -0.000038558660889975],
            [-122.05163429422, 36.9997731907452, -0.000038558660889975],
            [-122.051636454515, 36.9997749671046, -0.000038558660889975],
            [-122.051636559794, 36.9997750594286, -0.000038558660889975],
            [-122.051638295978, 36.9997764845559, -0.000038558660889975],
            [-122.05163868119, 36.99977680206, -0.000038558660889975],
            [-122.05163935429, 36.9997773491443, -0.000038558660889975],
            [-122.051640393792, 36.9997781734293, -0.000038558660889975],
            [-122.051640505456, 36.9997782485456, -0.000038558660889975],
            [-122.051640609387, 36.9997783300732, -0.000038558660889975],
            [-122.051645060377, 36.9997818314919, -0.000038558660889975],
            [-122.051645185855, 36.999781922646, -0.000038558660889975],
            [-122.051645300269, 36.999782022058, -0.000038558660889975],
            [-122.051645529679, 36.9997821947396, -0.000038558660889975],
            [-122.051650807726, 36.9997861357553, -0.000038558660889975],
            [-122.051650934421, 36.9997862313991, -0.000038558660889975],
            [-122.051651847513, 36.9997869194826, -0.000038558660889975],
            [-122.051653553392, 36.9997881287263, -0.000038558660889975],
            [-122.051653796468, 36.9997883102381, -0.000038558660889975],
            [-122.051658304402, 36.9997915225172, -0.000038558660889975],
            [-122.051659762999, 36.9997925097513, -0.000038558660889975],
            [-122.051659907703, 36.999792606958, -0.000038558660889975],
            [-122.051662949475, 36.9997946834065, -0.000038558660889975],
            [-122.051663081768, 36.9997947780747, -0.000038558660889975],
            [-122.05166489799, 36.9997959984674, -0.000038558660889975],
            [-122.051666076653, 36.9997967605214, -0.000038558660889975],
            [-122.051666228042, 36.9997968549356, -0.000038558660889975],
            [-122.051671623763, 36.9998003464922, -0.000038558660889975],
            [-122.051672049568, 36.9998006165943, -0.000038558660889975],
            [-122.051672192907, 36.9998007021037, -0.000038558660889975],
            [-122.051678242855, 36.9998044255775, -0.000038558660889975],
            [-122.051678408921, 36.9998045234014, -0.000038558660889975],
            [-122.051678473879, 36.9998045675971, -0.000038558660889975],
            [-122.051684763277, 36.9998082428263, -0.000038558660889975],
            [-122.051684906672, 36.9998083310385, -0.000038558660889975],
            [-122.05168545592, 36.9998086481632, -0.000038558660889975],
            [-122.051692554346, 36.9998125974091, -0.000038558660889975],
            [-122.051693204217, 36.9998129447372, -0.000038558660889975],
            [-122.051693615443, 36.9998131618627, -0.000038558660889975],
            [-122.051696316932, 36.9998145939769, -0.000038558660889975],
            [-122.05169908984, 36.9998160566829, -0.000038558660889975],
            [-122.051699238573, 36.9998161313062, -0.000038558660889975],
            [-122.051699768991, 36.9998164072264, -0.000038558660889975],
            [-122.051705043884, 36.9998190541679, -0.000038558660889975],
            [-122.051707096502, 36.9998200785606, -0.000038558660889975],
            [-122.051707978302, 36.9998205030101, -0.000038558660889975],
            [-122.051713578139, 36.9998231609499, -0.000038558660889975],
            [-122.051713720038, 36.9998232311581, -0.000038558660889975],
            [-122.051714531171, 36.9998236069818, -0.000038558660889975],
            [-122.051721280396, 36.9998266434557, -0.000038558660889975],
            [-122.051721422109, 36.9998267046544, -0.000038558660889975],
            [-122.051722068466, 36.9998269907479, -0.000038558660889975],
            [-122.05172373488, 36.9998277039581, -0.000038558660889975],
            [-122.051723876649, 36.9998277678596, -0.000038558660889975],
            [-122.051726297627, 36.9998287837479, -0.000038558660889975],
            [-122.051726440464, 36.9998288449316, -0.000038558660889975],
            [-122.051728667835, 36.999829789497, -0.000038558660889975],
            [-122.051728799401, 36.9998298490283, -0.000038558660889975],
            [-122.051729706124, 36.9998302289878, -0.000038558660889975],
            [-122.051730755948, 36.9998311720921, -0.000038558660889975],
            [-122.051730838072, 36.9998312313798, -0.000038558660889975],
            [-122.051730942941, 36.9998313038829, -0.000038558660889975],
            [-122.051731958215, 36.9998319888043, -0.000038558660889975],
            [-122.051732790702, 36.9998324193167, -0.000038558660889975],
            [-122.051733291282, 36.999832664993, -0.000038558660889975],
            [-122.051734506131, 36.9998331120485, -0.000038558660889975],
            [-122.051734727876, 36.9998331857007, -0.000038558660889975],
            [-122.051735233711, 36.9998333051399, -0.000038558660889975],
            [-122.051736240832, 36.9998335413755, -0.000038558660889975],
            [-122.051737799673, 36.9998337252133, -0.000038558660889975],
            [-122.051738871687, 36.9998337307814, -0.000038558660889975]
          ]
        ]
      },
      "properties": {
        "OBJECTID": 47,
        "CODE": "PKG",
        "NAME": "Merrill College",
        "NUMBER": 119,
        "Location": "Merrill College",
        "Permit_Type": "A, B, C119, MC, N, NC, Medical",
        "Handicapped": "No",
        "Meters": "Yes",
        "Comments": null,
        "Paystations": "No",
        "Paystation_Limit": null,
        "Meter_Limit": "2 hr.",
        "Permit_Days": "M - F",
        "Permit_Period": "7:00am - 8:30pm",
        "NUM": "119",
        "GlobalID": "28a1209d-5a82-4035-b64d-d491b0a8e621"
      }
    },
    {
      "type": "Feature",
      "id": 48,
      "geometry": {
        "type": "Polygon",
        "coordinates": [
          [
            [-122.053890690069, 36.9981875691942, -0.000038558660889975],
            [-122.053950774745, 36.9982147068087, -0.000038558660889975],
            [-122.053933405901, 36.9982367533467, -0.000038558660889975],
            [-122.053910024545, 36.9982648080158, -0.000038558660889975],
            [-122.053909635111, 36.9982678141774, -0.000038558660889975],
            [-122.053909784124, 36.9982708329936, -0.000038558660889975],
            [-122.053910466984, 36.9982738050468, -0.000038558660889975],
            [-122.053911672295, 36.9982766683066, -0.000038558660889975],
            [-122.053982715929, 36.9983195813278, -0.000038558660889975],
            [-122.053973337332, 36.9983304782161, -0.000038558660889975],
            [-122.053901270986, 36.9984138937104, -0.000038558660889975],
            [-122.053878790247, 36.998400953697, -0.000038558660889975],
            [-122.053856209614, 36.9983881267579, -0.000038558660889975],
            [-122.05383352798, 36.9983754138089, -0.000038558660889975],
            [-122.053810747593, 36.9983628148201, -0.000038558660889975],
            [-122.05373386407, 36.9983193747681, -0.000038558660889975],
            [-122.053742606055, 36.9983097462463, -0.000038558660889975],
            [-122.053750847803, 36.9983005398362, -0.000038558660889975],
            [-122.053751266157, 36.9983000701499, -0.000038558660889975],
            [-122.053759844375, 36.998290346479, -0.000038558660889975],
            [-122.053767563091, 36.9982814381189, -0.000038558660889975],
            [-122.053788636069, 36.9982570974007, -0.000038558660889975],
            [-122.053800620237, 36.9982432162192, -0.000038558660889975],
            [-122.05381735956, 36.9982238113733, -0.000038558660889975],
            [-122.053824580621, 36.9982273361956, -0.000038558660889975],
            [-122.053831691164, 36.9982310039767, -0.000038558660889975],
            [-122.053838685477, 36.9982348102869, -0.000038558660889975],
            [-122.05384556242, 36.9982387542401, -0.000038558660889975],
            [-122.053852315196, 36.9982428332234, -0.000038558660889975],
            [-122.053858940381, 36.9982470445786, -0.000038558660889975],
            [-122.053860343039, 36.9982477720852, -0.000038558660889975],
            [-122.053861850509, 36.9982483522024, -0.000038558660889975],
            [-122.053863436711, 36.9982487735621, -0.000038558660889975],
            [-122.053865076823, 36.9982490310877, -0.000038558660889975],
            [-122.053866743775, 36.9982491197326, -0.000038558660889975],
            [-122.053868411714, 36.99824903894, -0.000038558660889975],
            [-122.0538700537, 36.9982487899698, -0.000038558660889975],
            [-122.05387164283, 36.9982483758839, -0.000038558660889975],
            [-122.053873154525, 36.9982478033181, -0.000038558660889975],
            [-122.053874563154, 36.9982470825268, -0.000038558660889975],
            [-122.0538758476, 36.9982462246057, -0.000038558660889975],
            [-122.053876985676, 36.9982452433682, -0.000038558660889975],
            [-122.053881446724, 36.9982407635971, -0.000038558660889975],
            [-122.053885788245, 36.9982362088164, -0.000038558660889975],
            [-122.05389000917, 36.9982315817437, -0.000038558660889975],
            [-122.053894106169, 36.998226884226, -0.000038558660889975],
            [-122.05389807926, 36.9982221171643, -0.000038558660889975],
            [-122.053898915019, 36.9982203180646, -0.000038558660889975],
            [-122.053899591449, 36.9982184751262, -0.000038558660889975],
            [-122.053900103157, 36.9982165992352, -0.000038558660889975],
            [-122.053900449188, 36.998214698515, -0.000038558660889975],
            [-122.053900626376, 36.998212782921, -0.000038558660889975],
            [-122.053900633805, 36.9982108623785, -0.000038558660889975],
            [-122.053900835568, 36.9982087770328, -0.000038558660889975],
            [-122.053900842841, 36.9982066861668, -0.000038558660889975],
            [-122.053900656971, 36.9982046005769, -0.000038558660889975],
            [-122.053900278181, 36.9982025310744, -0.000038558660889975],
            [-122.05389970898, 36.9982004902427, -0.000038558660889975],
            [-122.05389895298, 36.998198489749, -0.000038558660889975],
            [-122.053898012632, 36.998196539474, -0.000038558660889975],
            [-122.0538968949, 36.9981946501392, -0.000038558660889975],
            [-122.0538956045, 36.9981928324961, -0.000038558660889975],
            [-122.053894149519, 36.9981910972512, -0.000038558660889975],
            [-122.05389253913, 36.9981894532943, -0.000038558660889975],
            [-122.053890690069, 36.9981875691942, -0.000038558660889975]
          ]
        ]
      },
      "properties": {
        "OBJECTID": 48,
        "CODE": "PKG",
        "NAME": "Cowell College",
        "NUMBER": 106,
        "Location": "Cowell College",
        "Permit_Type": "MC, Medical , Reserved, Disability",
        "Handicapped": "Yes",
        "Meters": "No",
        "Comments": null,
        "Paystations": "No",
        "Paystation_Limit": null,
        "Meter_Limit": null,
        "Permit_Days": "All",
        "Permit_Period": "All",
        "NUM": "106",
        "GlobalID": "02d503ba-5c9f-42ff-b3ac-4833aa8d3232"
      }
    },
    {
      "type": "Feature",
      "id": 49,
      "geometry": {
        "type": "Polygon",
        "coordinates": [
          [
            [-122.052947508624, 36.9976974654302, -0.000038558660889975],
            [-122.053032965068, 36.9977231041401, -0.000038558660889975],
            [-122.053031186564, 36.997723107989, -0.000038558660889975],
            [-122.053029420662, 36.9977232865016, -0.000038558660889975],
            [-122.053027695407, 36.9977236375022, -0.000038558660889975],
            [-122.053026037625, 36.9977241543254, -0.000038558660889975],
            [-122.053024470793, 36.9977248312514, -0.000038558660889975],
            [-122.053023019398, 36.9977256571401, -0.000038558660889975],
            [-122.053021705663, 36.9977266199801, -0.000038558660889975],
            [-122.053020548367, 36.9977277042011, -0.000038558660889975],
            [-122.053019565163, 36.9977288942478, -0.000038558660889975],
            [-122.053018772529, 36.9977301718771, -0.000038558660889975],
            [-122.053018180181, 36.9977315180345, -0.000038558660889975],
            [-122.053017798924, 36.9977329118487, -0.000038558660889975],
            [-122.053017632821, 36.9977343325383, -0.000038558660889975],
            [-122.053017684814, 36.9977357593366, -0.000038558660889975],
            [-122.053017955579, 36.9977371706059, -0.000038558660889975],
            [-122.053018440156, 36.9977385438825, -0.000038558660889975],
            [-122.053019130273, 36.9977398594502, -0.000038558660889975],
            [-122.053020016515, 36.9977410967069, -0.000038558660889975],
            [-122.05302108503, 36.9977422378131, -0.000038558660889975],
            [-122.053022319738, 36.9977432658602, -0.000038558660889975],
            [-122.053023703438, 36.9977441639545, -0.000038558660889975],
            [-122.053025212261, 36.9977449188958, -0.000038558660889975],
            [-122.053026826906, 36.9977455210279, -0.000038558660889975],
            [-122.05303846439, 36.997748711342, -0.000038558660889975],
            [-122.053057382567, 36.9977540225716, -0.000038558660889975],
            [-122.053076239554, 36.997759471594, -0.000038558660889975],
            [-122.053095035335, 36.9977650575084, -0.000038558660889975],
            [-122.053107138174, 36.9977688003607, -0.000038558660889975],
            [-122.053119157955, 36.9977727101371, -0.000038558660889975],
            [-122.053131092431, 36.9977767868674, -0.000038558660889975],
            [-122.053142937035, 36.9977810270079, -0.000038558660889975],
            [-122.053154689539, 36.9977854314893, -0.000038558660889975],
            [-122.053166344271, 36.9977899976835, -0.000038558660889975],
            [-122.05317790009, 36.9977947247048, -0.000038558660889975],
            [-122.05318935134, 36.9977996108259, -0.000038558660889975],
            [-122.053200695759, 36.9978046551757, -0.000038558660889975],
            [-122.053211929937, 36.9978098559975, -0.000038558660889975],
            [-122.053223051593, 36.9978152115192, -0.000038558660889975],
            [-122.053234055072, 36.9978207200136, -0.000038558660889975],
            [-122.053244938109, 36.9978263806099, -0.000038558660889975],
            [-122.053255698403, 36.9978321906351, -0.000038558660889975],
            [-122.053266332564, 36.9978381492332, -0.000038558660889975],
            [-122.053276836043, 36.9978442537611, -0.000038558660889975],
            [-122.053247773023, 36.9978743305179, -0.000038558660889975],
            [-122.053245747605, 36.9978765735183, -0.000038558660889975],
            [-122.053243909666, 36.9978789176599, -0.000038558660889975],
            [-122.053242265723, 36.9978813520416, -0.000038558660889975],
            [-122.053240822328, 36.9978838675642, -0.000038558660889975],
            [-122.053239585996, 36.9978864533268, -0.000038558660889975],
            [-122.053238563245, 36.9978890984282, -0.000038558660889975],
            [-122.053237756077, 36.9978917911262, -0.000038558660889975],
            [-122.053237169868, 36.9978945196338, -0.000038558660889975],
            [-122.053236806639, 36.9978972731097, -0.000038558660889975],
            [-122.05323666729, 36.9979000407277, -0.000038558660889975],
            [-122.053236753788, 36.9979028089436, -0.000038558660889975],
            [-122.053237063663, 36.9979055669761, -0.000038558660889975],
            [-122.053237597777, 36.9979083021969, -0.000038558660889975],
            [-122.053238352555, 36.9979110047405, -0.000038558660889975],
            [-122.053239324367, 36.9979136620384, -0.000038558660889975],
            [-122.053240510723, 36.9979162624085, -0.000038558660889975],
            [-122.053241905803, 36.9979187960149, -0.000038558660889975],
            [-122.053243502606, 36.9979212503342, -0.000038558660889975],
            [-122.053245296452, 36.9979236164168, -0.000038558660889975],
            [-122.05324727815, 36.9979258844718, -0.000038558660889975],
            [-122.053249439615, 36.9979280437926, -0.000038558660889975],
            [-122.053251771673, 36.9979300854894, -0.000038558660889975],
            [-122.053254265171, 36.9979320015733, -0.000038558660889975],
            [-122.053256329262, 36.9979333646342, -0.000038558660889975],
            [-122.053258529671, 36.9979345825904, -0.000038558660889975],
            [-122.053260851591, 36.9979356457259, -0.000038558660889975],
            [-122.053263278023, 36.9979365470574, -0.000038558660889975],
            [-122.053265790867, 36.9979372805177, -0.000038558660889975],
            [-122.053268372018, 36.9979378400393, -0.000038558660889975],
            [-122.053271003413, 36.9979382213569, -0.000038558660889975],
            [-122.053273665899, 36.9979384220217, -0.000038558660889975],
            [-122.053276339239, 36.997938441402, -0.000038558660889975],
            [-122.053279005425, 36.9979382779353, -0.000038558660889975],
            [-122.053281644275, 36.9979379336925, -0.000038558660889975],
            [-122.053284237855, 36.9979374107149, -0.000038558660889975],
            [-122.053286767163, 36.9979367137615, -0.000038558660889975],
            [-122.053289212054, 36.9979358467052, -0.000038558660889975],
            [-122.053291556933, 36.9979348160619, -0.000038558660889975],
            [-122.053293785102, 36.9979336292637, -0.000038558660889975],
            [-122.053295878775, 36.9979322955591, -0.000038558660889975],
            [-122.053297823536, 36.9979308241521, -0.000038558660889975],
            [-122.05329960611, 36.9979292251326, -0.000038558660889975],
            [-122.053301212139, 36.9979275104073, -0.000038558660889975],
            [-122.053302631774, 36.997925692724, -0.000038558660889975],
            [-122.05330385292, 36.9979237848604, -0.000038558660889975],
            [-122.053314823543, 36.9979003420432, -0.000038558660889975],
            [-122.053319155928, 36.9979013171287, -0.000038558660889975],
            [-122.053323539903, 36.9979021248063, -0.000038558660889975],
            [-122.053327967567, 36.9979027633788, -0.000038558660889975],
            [-122.053332428794, 36.99790323208, -0.000038558660889975],
            [-122.053336912312, 36.9979035292574, -0.000038558660889975],
            [-122.053341407995, 36.9979036541447, -0.000038558660889975],
            [-122.053345905733, 36.9979036068765, -0.000038558660889975],
            [-122.053350396539, 36.9979033875725, -0.000038558660889975],
            [-122.053354869183, 36.9979029963822, -0.000038558660889975],
            [-122.053359312467, 36.9979024352571, -0.000038558660889975],
            [-122.053363717388, 36.9979017034158, -0.000038558660889975],
            [-122.053368075034, 36.9979008045818, -0.000038558660889975],
            [-122.053372373068, 36.9978997398206, -0.000038558660889975],
            [-122.053376602542, 36.9978985110536, -0.000038558660889975],
            [-122.05338985708, 36.9979207670808, -0.000038558660889975],
            [-122.053390963358, 36.9979224294719, -0.000038558660889975],
            [-122.053392248743, 36.9979240056673, -0.000038558660889975],
            [-122.053393702886, 36.9979254840892, -0.000038558660889975],
            [-122.053395316558, 36.9979268531449, -0.000038558660889975],
            [-122.053397074932, 36.9979281022176, -0.000038558660889975],
            [-122.053398965429, 36.9979292206603, -0.000038558660889975],
            [-122.053400972138, 36.9979301996731, -0.000038558660889975],
            [-122.053403079164, 36.9979310313568, -0.000038558660889975],
            [-122.053405270653, 36.9979317096141, -0.000038558660889975],
            [-122.053407527397, 36.9979322292936, -0.000038558660889975],
            [-122.053409833577, 36.9979325861001, -0.000038558660889975],
            [-122.053412170023, 36.9979327766839, -0.000038558660889975],
            [-122.053414518727, 36.9979327994824, -0.000038558660889975],
            [-122.053416860611, 36.9979326556509, -0.000038558660889975],
            [-122.053419177685, 36.9979323445277, -0.000038558660889975],
            [-122.053421449806, 36.9979318699858, -0.000038558660889975],
            [-122.053423661303, 36.9979312349374, -0.000038558660889975],
            [-122.053425793194, 36.9979304450425, -0.000038558660889975],
            [-122.053427829864, 36.9979295059161, -0.000038558660889975],
            [-122.053429753511, 36.997928425906, -0.000038558660889975],
            [-122.053431549679, 36.9979272124143, -0.000038558660889975],
            [-122.053450686476, 36.9979108370532, -0.000038558660889975],
            [-122.053452379835, 36.9979093248326, -0.000038558660889975],
            [-122.053453908049, 36.9979077048654, -0.000038558660889975],
            [-122.053455263478, 36.9979059880676, -0.000038558660889975],
            [-122.053456435133, 36.997904186301, -0.000038558660889975],
            [-122.053457414269, 36.9979023113976, -0.000038558660889975],
            [-122.053458195588, 36.9979003787483, -0.000038558660889975],
            [-122.053458772593, 36.997898400155, -0.000038558660889975],
            [-122.053459141069, 36.9978963891919, -0.000038558660889975],
            [-122.053459297966, 36.9978943612197, -0.000038558660889975],
            [-122.053459244684, 36.9978923297378, -0.000038558660889975],
            [-122.053458979259, 36.9978903082903, -0.000038558660889975],
            [-122.053458503129, 36.9978883121782, -0.000038558660889975],
            [-122.053457822192, 36.997886354841, -0.000038558660889975],
            [-122.053456938991, 36.9978844506637, -0.000038558660889975],
            [-122.053455860509, 36.9978826112692, -0.000038558660889975],
            [-122.053454593784, 36.9978808509825, -0.000038558660889975],
            [-122.053453149185, 36.9978791822825, -0.000038558660889975],
            [-122.0534515348, 36.9978776158757, -0.000038558660889975],
            [-122.053449763226, 36.9978761633099, -0.000038558660889975],
            [-122.053442228248, 36.9978706059478, -0.000038558660889975],
            [-122.053563363745, 36.9979273569261, -0.000038558660889975],
            [-122.053560501732, 36.9979266903042, -0.000038558660889975],
            [-122.053557584948, 36.9979262001443, -0.000038558660889975],
            [-122.053554629135, 36.997925887138, -0.000038558660889975],
            [-122.053551653446, 36.9979257537338, -0.000038558660889975],
            [-122.053548673622, 36.9979258006234, -0.000038558660889975],
            [-122.053545706534, 36.9979260284831, -0.000038558660889975],
            [-122.053542186968, 36.9979265971412, -0.000038558660889975],
            [-122.053538711028, 36.9979273193224, -0.000038558660889975],
            [-122.053535288766, 36.9979281921892, -0.000038558660889975],
            [-122.053531932521, 36.9979292146762, -0.000038558660889975],
            [-122.053528608863, 36.9979300745143, -0.000038558660889975],
            [-122.053525348825, 36.9979310767949, -0.000038558660889975],
            [-122.053522431186, 36.9979321195757, -0.000038558660889975],
            [-122.053522159053, 36.9979322169235, -0.000038558660889975],
            [-122.053519050743, 36.9979334929487, -0.000038558660889975],
            [-122.053516031664, 36.9979349002612, -0.000038558660889975],
            [-122.053513111851, 36.9979364351224, -0.000038558660889975],
            [-122.053510297969, 36.9979380938388, -0.000038558660889975],
            [-122.053507598872, 36.9979398699843, -0.000038558660889975],
            [-122.05350291141, 36.9979445933746, -0.000038558660889975],
            [-122.053498374174, 36.9979494093896, -0.000038558660889975],
            [-122.053493989354, 36.9979543152966, -0.000038558660889975],
            [-122.053492167668, 36.9979564672715, -0.000038558660889975],
            [-122.053489761407, 36.9979593092339, -0.000038558660889975],
            [-122.053485691362, 36.9979643866819, -0.000038558660889975],
            [-122.053481783674, 36.9979695457789, -0.000038558660889975],
            [-122.053470184312, 36.9979852998906, -0.000038558660889975],
            [-122.05345674814, 36.9980028556126, -0.000038558660889975],
            [-122.053454221279, 36.9980056793539, -0.000038558660889975],
            [-122.053451521465, 36.998008398156, -0.000038558660889975],
            [-122.053448655306, 36.9980110056225, -0.000038558660889975],
            [-122.05344563166, 36.9980134953272, -0.000038558660889975],
            [-122.053442457134, 36.9980158608738, -0.000038558660889975],
            [-122.053439138356, 36.9980180967668, -0.000038558660889975],
            [-122.053435685305, 36.998020196565, -0.000038558660889975],
            [-122.053432106893, 36.9980221565449, -0.000038558660889975],
            [-122.053428409727, 36.9980239703101, -0.000038558660889975],
            [-122.053424604967, 36.9980256341073, -0.000038558660889975],
            [-122.053420702647, 36.9980271441982, -0.000038558660889975],
            [-122.053416709413, 36.9980284959882, -0.000038558660889975],
            [-122.053412638669, 36.9980296856941, -0.000038558660889975],
            [-122.05340849826, 36.9980307123102, -0.000038558660889975],
            [-122.053394967171, 36.9980313052222, -0.000038558660889975],
            [-122.053391496223, 36.9980313460302, -0.000038558660889975],
            [-122.053384330436, 36.9980324444696, -0.000038558660889975],
            [-122.053377127409, 36.9980333721776, -0.000038558660889975],
            [-122.053369892758, 36.9980341290795, -0.000038558660889975],
            [-122.053362634309, 36.9980347132686, -0.000038558660889975],
            [-122.053355356554, 36.9980351246852, -0.000038558660889975],
            [-122.053348067374, 36.9980353641255, -0.000038558660889975],
            [-122.05334077235, 36.9980354297128, -0.000038558660889975],
            [-122.05333347822, 36.9980353213573, -0.000038558660889975],
            [-122.053326190638, 36.9980350407863, -0.000038558660889975],
            [-122.053318917467, 36.998034587895, -0.000038558660889975],
            [-122.053311663181, 36.9980339617227, -0.000038558660889975],
            [-122.05330443568, 36.9980331639666, -0.000038558660889975],
            [-122.053297240581, 36.9980321945518, -0.000038558660889975],
            [-122.05329008466, 36.9980310551906, -0.000038558660889975],
            [-122.053282974675, 36.9980297466942, -0.000038558660889975],
            [-122.05327591512, 36.9980282690027, -0.000038558660889975],
            [-122.053268913933, 36.9980266256154, -0.000038558660889975],
            [-122.053261975586, 36.9980248155714, -0.000038558660889975],
            [-122.053255106895, 36.9980228423848, -0.000038558660889975],
            [-122.053248314617, 36.9980207068668, -0.000038558660889975],
            [-122.053241604426, 36.9980184116455, -0.000038558660889975],
            [-122.053234980832, 36.998015957562, -0.000038558660889975],
            [-122.053228451753, 36.9980133472146, -0.000038558660889975],
            [-122.053222021741, 36.9980105832463, -0.000038558660889975],
            [-122.053215696446, 36.9980076673841, -0.000038558660889975],
            [-122.053209480438, 36.9980046031721, -0.000038558660889975],
            [-122.053203381617, 36.9980013923075, -0.000038558660889975],
            [-122.053197403426, 36.9979980383492, -0.000038558660889975],
            [-122.05318736812, 36.9979921348555, -0.000038558660889975],
            [-122.053177448241, 36.9979861081632, -0.000038558660889975],
            [-122.053167644947, 36.9979799600592, -0.000038558660889975],
            [-122.053157961628, 36.9979736913997, -0.000038558660889975],
            [-122.053148398321, 36.9979673039865, -0.000038558660889975],
            [-122.053138959556, 36.9979607995619, -0.000038558660889975],
            [-122.053129646476, 36.9979541790117, -0.000038558660889975],
            [-122.053121436597, 36.9979483665641, -0.000038558660889975],
            [-122.053113090047, 36.9979426821024, -0.000038558660889975],
            [-122.053104606845, 36.9979371265276, -0.000038558660889975],
            [-122.053095993822, 36.9979317042546, -0.000038558660889975],
            [-122.053087250979, 36.9979264152835, -0.000038558660889975],
            [-122.053078382865, 36.9979212622572, -0.000038558660889975],
            [-122.053069392888, 36.9979162469326, -0.000038558660889975],
            [-122.053060284471, 36.9979113719679, -0.000038558660889975],
            [-122.053051061005, 36.997906638219, -0.000038558660889975],
            [-122.053041724772, 36.9979020474579, -0.000038558660889975],
            [-122.053032281444, 36.9978976023126, -0.000038558660889975],
            [-122.053022732165, 36.9978933036691, -0.000038558660889975],
            [-122.053013081463, 36.9978891532695, -0.000038558660889975],
            [-122.053003332727, 36.9978851519698, -0.000038558660889975],
            [-122.052993490507, 36.997881302413, -0.000038558660889975],
            [-122.052983557085, 36.9978776063711, -0.000038558660889975],
            [-122.052973536936, 36.9978740628833, -0.000038558660889975],
            [-122.052963433523, 36.9978706764095, -0.000038558660889975],
            [-122.052953251301, 36.9978674450879, -0.000038558660889975],
            [-122.05296218369, 36.9977206155037, -0.000038558660889975],
            [-122.052962041874, 36.9977183770246, -0.000038558660889975],
            [-122.05296168692, 36.9977161549006, -0.000038558660889975],
            [-122.052961122423, 36.997713959898, -0.000038558660889975],
            [-122.05296035091, 36.9977118055012, -0.000038558660889975],
            [-122.052959377152, 36.9977097051645, -0.000038558660889975],
            [-122.052958205884, 36.9977076705404, -0.000038558660889975],
            [-122.052956846336, 36.9977057132216, -0.000038558660889975],
            [-122.052955303224, 36.9977038439596, -0.000038558660889975],
            [-122.052953588041, 36.9977020752182, -0.000038558660889975],
            [-122.05295170996, 36.997700415887, -0.000038558660889975],
            [-122.052949679313, 36.997698876643, -0.000038558660889975],
            [-122.052947508624, 36.9976974654302, -0.000038558660889975]
          ]
        ]
      },
      "properties": {
        "OBJECTID": 49,
        "CODE": "PKG",
        "NAME": "Cowell/Stevenson",
        "NUMBER": 107,
        "Location": "Cowell College",
        "Permit_Type": "A, B, MC, N, Disability, Medical",
        "Handicapped": "Yes",
        "Meters": "No",
        "Comments": null,
        "Paystations": "Yes",
        "Paystation_Limit": "Flat",
        "Meter_Limit": null,
        "Permit_Days": "All",
        "Permit_Period": "7:00am - 8:30pm",
        "NUM": "107",
        "GlobalID": "fa864198-9eae-4259-9840-f5d2843f826a"
      }
    },
    {
      "type": "Feature",
      "id": 50,
      "geometry": {
        "type": "Polygon",
        "coordinates": [
          [
            [-122.052484933824, 36.9976847310698, -0.000038558660889975],
            [-122.052809260017, 36.9976804670404, -0.000038558660889975],
            [-122.052807087771, 36.9976809898068, -0.000038558660889975],
            [-122.052804986311, 36.9976816756481, -0.000038558660889975],
            [-122.052802975727, 36.9976825179887, -0.000038558660889975],
            [-122.052801072697, 36.9976835084958, -0.000038558660889975],
            [-122.052799295028, 36.9976846388218, -0.000038558660889975],
            [-122.052797658238, 36.9976858988469, -0.000038558660889975],
            [-122.052796177831, 36.9976872775504, -0.000038558660889975],
            [-122.0527948659, 36.9976887621547, -0.000038558660889975],
            [-122.052793735645, 36.9976903389663, -0.000038558660889975],
            [-122.05279279579, 36.9976919952523, -0.000038558660889975],
            [-122.05279519194, 36.9977248334878, -0.000038558660889975],
            [-122.052503085762, 36.997728395658, -0.000038558660889975],
            [-122.052501970111, 36.997699445249, -0.000038558660889975],
            [-122.052501770351, 36.9976977725889, -0.000038558660889975],
            [-122.052501345323, 36.9976961272587, -0.000038558660889975],
            [-122.05250069991, 36.9976945281184, -0.000038558660889975],
            [-122.052499842385, 36.9976929948843, -0.000038558660889975],
            [-122.052498780985, 36.9976915454706, -0.000038558660889975],
            [-122.052497530664, 36.997690196801, -0.000038558660889975],
            [-122.052496105237, 36.9976889649132, -0.000038558660889975],
            [-122.052494520747, 36.9976878649138, -0.000038558660889975],
            [-122.052492796569, 36.997686910063, -0.000038558660889975],
            [-122.052490954248, 36.9976861099872, -0.000038558660889975],
            [-122.052489014245, 36.9976854761296, -0.000038558660889975],
            [-122.052486999157, 36.9976850144979, -0.000038558660889975],
            [-122.052484933824, 36.9976847310698, -0.000038558660889975]
          ]
        ]
      },
      "properties": {
        "OBJECTID": 50,
        "CODE": "PKG",
        "NAME": "Stevenson Service Road",
        "NUMBER": 108,
        "Location": "Cowell College",
        "Permit_Type": "A, B, MC, N, Disability, Medical",
        "Handicapped": "Yes",
        "Meters": "No",
        "Comments": null,
        "Paystations": "No",
        "Paystation_Limit": null,
        "Meter_Limit": null,
        "Permit_Days": "All",
        "Permit_Period": "7:00am - 8:30pm",
        "NUM": "108",
        "GlobalID": "d6dfbc23-5fce-4961-8f65-c100b7e20bee"
      }
    },
    {
      "type": "Feature",
      "id": 51,
      "geometry": {
        "type": "Polygon",
        "coordinates": [
          [
            [-122.051984893213, 36.9982263441399, -0.000038558660889975],
            [-122.05194236037, 36.9983037537853, -0.000038558660889975],
            [-122.051942867209, 36.9983016400533, -0.000038558660889975],
            [-122.051943154437, 36.9982995013056, -0.000038558660889975],
            [-122.051943217802, 36.9982973493143, -0.000038558660889975],
            [-122.051943058782, 36.9982952011824, -0.000038558660889975],
            [-122.051942677675, 36.9982930713252, -0.000038558660889975],
            [-122.051942077025, 36.9982909741277, -0.000038558660889975],
            [-122.051941261624, 36.9982889239455, -0.000038558660889975],
            [-122.051940236262, 36.9982869351337, -0.000038558660889975],
            [-122.0519390091, 36.998285022003, -0.000038558660889975],
            [-122.05193758714, 36.9982831970769, -0.000038558660889975],
            [-122.051935980768, 36.9982814737352, -0.000038558660889975],
            [-122.051934201442, 36.9982798626397, -0.000038558660889975],
            [-122.051924735704, 36.998275799809, -0.000038558660889975],
            [-122.051915191533, 36.9982718560772, -0.000038558660889975],
            [-122.051905571194, 36.9982680323153, -0.000038558660889975],
            [-122.051895876971, 36.9982643302953, -0.000038558660889975],
            [-122.051886113357, 36.9982607499575, -0.000038558660889975],
            [-122.051883438348, 36.9982606503611, -0.000038558660889975],
            [-122.051880763433, 36.9982607183854, -0.000038558660889975],
            [-122.051878103253, 36.998260955638, -0.000038558660889975],
            [-122.051875473477, 36.9982613592068, -0.000038558660889975],
            [-122.05187289204, 36.9982619270509, -0.000038558660889975],
            [-122.051870374612, 36.9982626562583, -0.000038558660889975],
            [-122.051867935683, 36.9982635412292, -0.000038558660889975],
            [-122.051865590904, 36.9982645781505, -0.000038558660889975],
            [-122.051863354709, 36.9982657587194, -0.000038558660889975],
            [-122.051861241571, 36.9982670764353, -0.000038558660889975],
            [-122.051859263678, 36.9982685230252, -0.000038558660889975],
            [-122.051857433217, 36.9982700902161, -0.000038558660889975],
            [-122.051855762322, 36.9982717670327, -0.000038558660889975],
            [-122.051854260933, 36.9982735452316, -0.000038558660889975],
            [-122.051852937757, 36.9982754111794, -0.000038558660889975],
            [-122.051851801594, 36.9982773557469, -0.000038558660889975],
            [-122.051850858905, 36.9982793653304, -0.000038558660889975],
            [-122.051850116186, 36.9982814281281, -0.000038558660889975],
            [-122.051849578792, 36.9982835314517, -0.000038558660889975],
            [-122.051849247569, 36.9982856617725, -0.000038558660889975],
            [-122.051851307535, 36.9983169859843, -0.000038558660889975],
            [-122.051845891339, 36.998317281524, -0.000038558660889975],
            [-122.051840494463, 36.9983177507369, -0.000038558660889975],
            [-122.051835124771, 36.9983183935181, -0.000038558660889975],
            [-122.051829792352, 36.9983192088325, -0.000038558660889975],
            [-122.051824505033, 36.9983201947734, -0.000038558660889975],
            [-122.051819270639, 36.9983213494345, -0.000038558660889975],
            [-122.051814098137, 36.9983226717952, -0.000038558660889975],
            [-122.051808996457, 36.9983241590332, -0.000038558660889975],
            [-122.051803973425, 36.9983258092421, -0.000038558660889975],
            [-122.051799035744, 36.9983276205303, -0.000038558660889975],
            [-122.051794193428, 36.9983295882586, -0.000038558660889975],
            [-122.051789453163, 36.9983317096346, -0.000038558660889975],
            [-122.051772104878, 36.9983402178437, -0.000038558660889975],
            [-122.051754649165, 36.9983485841893, -0.000038558660889975],
            [-122.051737089376, 36.9983568077255, -0.000038558660889975],
            [-122.051719425472, 36.9983648866506, -0.000038558660889975],
            [-122.051701659719, 36.9983728218355, -0.000038558660889975],
            [-122.051683795451, 36.9983806114333, -0.000038558660889975],
            [-122.051665832665, 36.9983882554442, -0.000038558660889975],
            [-122.051647773573, 36.9983957520362, -0.000038558660889975],
            [-122.051638005547, 36.9983985891333, -0.000038558660889975],
            [-122.051628165519, 36.9984012586639, -0.000038558660889975],
            [-122.051618256877, 36.9984037614844, -0.000038558660889975],
            [-122.05160828404, 36.998406093931, -0.000038558660889975],
            [-122.051598251501, 36.9984082559441, -0.000038558660889975],
            [-122.051588163753, 36.9984102474638, -0.000038558660889975],
            [-122.051578026375, 36.9984120666136, -0.000038558660889975],
            [-122.051567842719, 36.9984137124477, -0.000038558660889975],
            [-122.0515576184, 36.9984151848913, -0.000038558660889975],
            [-122.051547356751, 36.9984164820978, -0.000038558660889975],
            [-122.051537063408, 36.9984176048934, -0.000038558660889975],
            [-122.051526741721, 36.9984185523324, -0.000038558660889975],
            [-122.051516398431, 36.9984193243251, -0.000038558660889975],
            [-122.051506036869, 36.9984199190247, -0.000038558660889975],
            [-122.051495661547, 36.9984203372726, -0.000038558660889975],
            [-122.051485278082, 36.998420578994, -0.000038558660889975],
            [-122.051474889843, 36.998420644144, -0.000038558660889975],
            [-122.051464502448, 36.9984205326481, -0.000038558660889975],
            [-122.051454120369, 36.9984202435454, -0.000038558660889975],
            [-122.051443748139, 36.9984197785782, -0.000038558660889975],
            [-122.051433391353, 36.9984191367708, -0.000038558660889975],
            [-122.051423053383, 36.9984183180784, -0.000038558660889975],
            [-122.051412738759, 36.9984173242432, -0.000038558660889975],
            [-122.051402453097, 36.9984161551905, -0.000038558660889975],
            [-122.051392200889, 36.9984148108605, -0.000038558660889975],
            [-122.051381986667, 36.9984132929954, -0.000038558660889975],
            [-122.051371814904, 36.9984116006345, -0.000038558660889975],
            [-122.051352984558, 36.9983229131736, -0.000038558660889975],
            [-122.051401367079, 36.9982367970391, -0.000038558660889975],
            [-122.05142818898, 36.9982398000137, -0.000038558660889975],
            [-122.051455020849, 36.9982427415686, -0.000038558660889975],
            [-122.051462947133, 36.9982429380628, -0.000038558660889975],
            [-122.051470877574, 36.9982429551637, -0.000038558660889975],
            [-122.051478805451, 36.998242793862, -0.000038558660889975],
            [-122.051486724024, 36.9982424542471, -0.000038558660889975],
            [-122.051494628782, 36.9982419354781, -0.000038558660889975],
            [-122.051502510775, 36.9982412394761, -0.000038558660889975],
            [-122.051510366653, 36.9982403671871, -0.000038558660889975],
            [-122.051518188516, 36.9982393169136, -0.000038558660889975],
            [-122.051525969679, 36.9982380914481, -0.000038558660889975],
            [-122.051533705669, 36.9982366917515, -0.000038558660889975],
            [-122.051541389746, 36.9982351179131, -0.000038558660889975],
            [-122.051549015207, 36.9982333718248, -0.000038558660889975],
            [-122.051556577579, 36.998231454447, -0.000038558660889975],
            [-122.051564069035, 36.9982293676864, -0.000038558660889975],
            [-122.051571483978, 36.9982271125185, -0.000038558660889975],
            [-122.05157881797, 36.9982246917059, -0.000038558660889975],
            [-122.05158606431, 36.9982221071403, -0.000038558660889975],
            [-122.051599753677, 36.9982152003764, -0.000038558660889975],
            [-122.051613554994, 36.9982084372141, -0.000038558660889975],
            [-122.051627464931, 36.9982018195, -0.000038558660889975],
            [-122.051641482382, 36.99819534815, -0.000038558660889975],
            [-122.051655602873, 36.9981890241247, -0.000038558660889975],
            [-122.051669826423, 36.9981828483251, -0.000038558660889975],
            [-122.051684148576, 36.9981768226128, -0.000038558660889975],
            [-122.051698567104, 36.9981709479185, -0.000038558660889975],
            [-122.051713080903, 36.9981652251581, -0.000038558660889975],
            [-122.051727687726, 36.9981596543614, -0.000038558660889975],
            [-122.051742383117, 36.9981542373902, -0.000038558660889975],
            [-122.051757164831, 36.9981489742741, -0.000038558660889975],
            [-122.051765822677, 36.9981473838641, -0.000038558660889975],
            [-122.051774528037, 36.998145972159, -0.000038558660889975],
            [-122.051783276397, 36.9981447383176, -0.000038558660889975],
            [-122.051792059934, 36.9981436842462, -0.000038558660889975],
            [-122.051800875278, 36.9981428099898, -0.000038558660889975],
            [-122.051809715725, 36.9981421174398, -0.000038558660889975],
            [-122.051818574519, 36.998141605785, -0.000038558660889975],
            [-122.051827446043, 36.9981412751, -0.000038558660889975],
            [-122.051836326964, 36.9981411272316, -0.000038558660889975],
            [-122.05184520826, 36.9981411604974, -0.000038558660889975],
            [-122.051854086597, 36.998141376744, -0.000038558660889975],
            [-122.051862954077, 36.9981417742743, -0.000038558660889975],
            [-122.051871807329, 36.998142353133, -0.000038558660889975],
            [-122.051880638472, 36.9981431125238, -0.000038558660889975],
            [-122.051889441908, 36.9981440534223, -0.000038558660889975],
            [-122.051898214231, 36.9981451740714, -0.000038558660889975],
            [-122.051906946454, 36.9981464745908, -0.000038558660889975],
            [-122.051901333221, 36.9981589217408, -0.000038558660889975],
            [-122.051895522151, 36.9981713102409, -0.000038558660889975],
            [-122.051889515471, 36.9981836391604, -0.000038558660889975],
            [-122.051888816527, 36.998185482386, -0.000038558660889975],
            [-122.051888322927, 36.9981873670386, -0.000038558660889975],
            [-122.051888037762, 36.9981892795592, -0.000038558660889975],
            [-122.05188796298, 36.9981912055027, -0.000038558660889975],
            [-122.051888099369, 36.9981931286373, -0.000038558660889975],
            [-122.051888445508, 36.9981950345627, -0.000038558660889975],
            [-122.051888999976, 36.9981969088788, -0.000038558660889975],
            [-122.051889756858, 36.9981987372451, -0.000038558660889975],
            [-122.051890711363, 36.9982005053062, -0.000038558660889975],
            [-122.051891864558, 36.9982022103444, -0.000038558660889975],
            [-122.051893202462, 36.9982038282135, -0.000038558660889975],
            [-122.051894712403, 36.9982053437616, -0.000038558660889975],
            [-122.05189638517, 36.9982067462971, -0.000038558660889975],
            [-122.051898204814, 36.9982080252177, -0.000038558660889975],
            [-122.051900158739, 36.9982091689754, -0.000038558660889975],
            [-122.051909509737, 36.9982129539644, -0.000038558660889975],
            [-122.051918941138, 36.9982166063088, -0.000038558660889975],
            [-122.051928450712, 36.9982201269396, -0.000038558660889975],
            [-122.051938036157, 36.9982235131838, -0.000038558660889975],
            [-122.051947694086, 36.9982267641852, -0.000038558660889975],
            [-122.051957421109, 36.9982298790876, -0.000038558660889975],
            [-122.051959512544, 36.9982306091698, -0.000038558660889975],
            [-122.051961681537, 36.9982311778079, -0.000038558660889975],
            [-122.05196390774, 36.9982315789641, -0.000038558660889975],
            [-122.051966171963, 36.9982318083878, -0.000038558660889975],
            [-122.051968451704, 36.9982318645759, -0.000038558660889975],
            [-122.051970728992, 36.9982317477675, -0.000038558660889975],
            [-122.051972981343, 36.9982314573604, -0.000038558660889975],
            [-122.051975189755, 36.9982309981135, -0.000038558660889975],
            [-122.051977334046, 36.9982303720976, -0.000038558660889975],
            [-122.051979395251, 36.9982295858733, -0.000038558660889975],
            [-122.051981353302, 36.9982286469172, -0.000038558660889975],
            [-122.051983191497, 36.9982275626609, -0.000038558660889975],
            [-122.051984893213, 36.9982263441399, -0.000038558660889975]
          ]
        ]
      },
      "properties": {
        "OBJECTID": 51,
        "CODE": "PKG",
        "NAME": "Stevenson College110",
        "NUMBER": 110,
        "Location": "Stevenson College",
        "Permit_Type": "A, B, MC, N, NC",
        "Handicapped": "No",
        "Meters": "No",
        "Comments": null,
        "Paystations": "No",
        "Paystation_Limit": null,
        "Meter_Limit": null,
        "Permit_Days": "All",
        "Permit_Period": "7:00am - 8:30pm",
        "NUM": "110",
        "GlobalID": "6dcd7de0-4a80-4ccb-a945-701da114c834"
      }
    },
    {
      "type": "Feature",
      "id": 52,
      "geometry": {
        "type": "Polygon",
        "coordinates": [
          [
            [-122.052064279219, 36.9982260603844, -0.000038558660889975],
            [-122.052103130964, 36.9981427211487, -0.000038558660889975],
            [-122.0521025814, 36.9981445614872, -0.000038558660889975],
            [-122.052102241486, 36.9981464341831, -0.000038558660889975],
            [-122.052102114276, 36.9981483238754, -0.000038558660889975],
            [-122.052102202823, 36.9981502152033, -0.000038558660889975],
            [-122.052102503423, 36.9981520919946, -0.000038558660889975],
            [-122.0521030169, 36.9981539398193, -0.000038558660889975],
            [-122.05210373616, 36.9981557416489, -0.000038558660889975],
            [-122.05210465645, 36.9981574849301, -0.000038558660889975],
            [-122.052105770696, 36.9981591535355, -0.000038558660889975],
            [-122.052107068489, 36.9981607331845, -0.000038558660889975],
            [-122.05210854062, 36.9981622131852, -0.000038558660889975],
            [-122.052110173313, 36.9981635793019, -0.000038558660889975],
            [-122.052111953987, 36.9981648208875, -0.000038558660889975],
            [-122.052113867836, 36.9981659282259, -0.000038558660889975],
            [-122.05211589891, 36.998166890715, -0.000038558660889975],
            [-122.052118030231, 36.9981677022724, -0.000038558660889975],
            [-122.052120245905, 36.9981683549986, -0.000038558660889975],
            [-122.052168575717, 36.9981806297181, -0.000038558660889975],
            [-122.052171182462, 36.9981807969044, -0.000038558660889975],
            [-122.052173797817, 36.9981807828362, -0.000038558660889975],
            [-122.052176402706, 36.9981805886686, -0.000038558660889975],
            [-122.052178975788, 36.9981802146854, -0.000038558660889975],
            [-122.052181499128, 36.9981796629277, -0.000038558660889975],
            [-122.05218395376, 36.9981789399561, -0.000038558660889975],
            [-122.052186321769, 36.9981780487126, -0.000038558660889975],
            [-122.05218858535, 36.9981769975448, -0.000038558660889975],
            [-122.052190726662, 36.9981757929984, -0.000038558660889975],
            [-122.052192730166, 36.9981744442922, -0.000038558660889975],
            [-122.052194581501, 36.9981729633327, -0.000038558660889975],
            [-122.052196266233, 36.9981713584225, -0.000038558660889975],
            [-122.052197772286, 36.9981696432405, -0.000038558660889975],
            [-122.052199087564, 36.9981678305642, -0.000038558660889975],
            [-122.052200203344, 36.9981659331264, -0.000038558660889975],
            [-122.052201110935, 36.9981639654617, -0.000038558660889975],
            [-122.052201802794, 36.998161942991, -0.000038558660889975],
            [-122.052202275829, 36.9981598792731, -0.000038558660889975],
            [-122.052202523655, 36.9981577915157, -0.000038558660889975],
            [-122.052204678959, 36.9981244484269, -0.000038558660889975],
            [-122.052216100007, 36.9981245064514, -0.000038558660889975],
            [-122.052227520079, 36.9981244085814, -0.000038558660889975],
            [-122.05223893689, 36.9981241530448, -0.000038558660889975],
            [-122.052250345948, 36.9981237399014, -0.000038558660889975],
            [-122.052261745042, 36.9981231709831, -0.000038558660889975],
            [-122.052270956092, 36.9981231223263, -0.000038558660889975],
            [-122.052280166077, 36.9981232395026, -0.000038558660889975],
            [-122.052289371647, 36.9981235234577, -0.000038558660889975],
            [-122.052298566043, 36.9981239733803, -0.000038558660889975],
            [-122.052307744754, 36.9981245884293, -0.000038558660889975],
            [-122.052316904428, 36.9981253695504, -0.000038558660889975],
            [-122.052326040555, 36.9981263159024, -0.000038558660889975],
            [-122.052335147517, 36.9981274275602, -0.000038558660889975],
            [-122.052344220785, 36.9981287027817, -0.000038558660889975],
            [-122.052353255848, 36.9981301407256, -0.000038558660889975],
            [-122.052374614504, 36.9981338253827, -0.000038558660889975],
            [-122.052395930351, 36.9981376674132, -0.000038558660889975],
            [-122.052417201124, 36.998141665946, -0.000038558660889975],
            [-122.052438424596, 36.9981458219121, -0.000038558660889975],
            [-122.052459599625, 36.9981501344255, -0.000038558660889975],
            [-122.052514855787, 36.9981643976897, -0.000038558660889975],
            [-122.052570047855, 36.9981788203911, -0.000038558660889975],
            [-122.052625173601, 36.9981934034605, -0.000038558660889975],
            [-122.052680233008, 36.9982081459971, -0.000038558660889975],
            [-122.052735227198, 36.9982230479861, -0.000038558660889975],
            [-122.052790152802, 36.9982381094723, -0.000038558660889975],
            [-122.052801118748, 36.9982410419957, -0.000038558660889975],
            [-122.05281215203, 36.9982438078023, -0.000038558660889975],
            [-122.052823248117, 36.9982464051499, -0.000038558660889975],
            [-122.052834403659, 36.9982488349844, -0.000038558660889975],
            [-122.05284561523, 36.9982510946476, -0.000038558660889975],
            [-122.052856877213, 36.9982531842145, -0.000038558660889975],
            [-122.05286818622, 36.9982551028289, -0.000038558660889975],
            [-122.052879538863, 36.9982568496345, -0.000038558660889975],
            [-122.052890930648, 36.9982584246913, -0.000038558660889975],
            [-122.052902357046, 36.9982598262572, -0.000038558660889975],
            [-122.052913814685, 36.998261054377, -0.000038558660889975],
            [-122.052925299074, 36.9982621091104, -0.000038558660889975],
            [-122.052951847313, 36.9982644259654, -0.000038558660889975],
            [-122.052978373094, 36.9982669062294, -0.000038558660889975],
            [-122.052996268867, 36.9982685749383, -0.000038558660889975],
            [-122.053014181257, 36.9982701235645, -0.000038558660889975],
            [-122.053032109159, 36.998271553024, -0.000038558660889975],
            [-122.053050051413, 36.9982728615298, -0.000038558660889975],
            [-122.053090110604, 36.9982755644462, -0.000038558660889975],
            [-122.053130186587, 36.9982781013058, -0.000038558660889975],
            [-122.05314566701, 36.998323384764, -0.000038558660889975],
            [-122.053146318193, 36.9983245016857, -0.000038558660889975],
            [-122.053147147531, 36.9983255405353, -0.000038558660889975],
            [-122.053148141153, 36.9983264825726, -0.000038558660889975],
            [-122.053149279627, 36.9983273118348, -0.000038558660889975],
            [-122.053150543542, 36.9983280132599, -0.000038558660889975],
            [-122.053151912438, 36.9983285754047, -0.000038558660889975],
            [-122.053153361396, 36.998328988688, -0.000038558660889975],
            [-122.053154866643, 36.9983292444143, -0.000038558660889975],
            [-122.053156398917, 36.9983293402694, -0.000038558660889975],
            [-122.053157934557, 36.9983292729637, -0.000038558660889975],
            [-122.053159445499, 36.998329043772, -0.000038558660889975],
            [-122.053160906002, 36.9983286575429, -0.000038558660889975],
            [-122.053162291485, 36.998328120912, -0.000038558660889975],
            [-122.053180383328, 36.9983198801627, -0.000038558660889975],
            [-122.053182056852, 36.9983190918686, -0.000038558660889975],
            [-122.05318362321, 36.9983181743282, -0.000038558660889975],
            [-122.053185067968, 36.9983171358443, -0.000038558660889975],
            [-122.053186376748, 36.9983159874227, -0.000038558660889975],
            [-122.053187536293, 36.9983147400541, -0.000038558660889975],
            [-122.053188535632, 36.9983134065014, -0.000038558660889975],
            [-122.053189363794, 36.9983119995274, -0.000038558660889975],
            [-122.053190013215, 36.9983105336518, -0.000038558660889975],
            [-122.053190477434, 36.9983090224784, -0.000038558660889975],
            [-122.053190752294, 36.9983074822843, -0.000038558660889975],
            [-122.053193700249, 36.9982818419335, -0.000038558660889975],
            [-122.053353395509, 36.998290047069, -0.000038558660889975],
            [-122.053392595256, 36.9983762478923, -0.000038558660889975],
            [-122.053375901268, 36.9984059391959, -0.000038558660889975],
            [-122.053373875876, 36.9984095411979, -0.000038558660889975],
            [-122.053361656377, 36.9984312748632, -0.000038558660889975],
            [-122.053360172809, 36.9984339125833, -0.000038558660889975],
            [-122.053341437148, 36.9984672349384, -0.000038558660889975],
            [-122.053197703991, 36.9984602790134, -0.000038558660889975],
            [-122.053166454063, 36.9984585294745, -0.000038558660889975],
            [-122.05313521866, 36.998456613013, -0.000038558660889975],
            [-122.053104000009, 36.9984545286983, -0.000038558660889975],
            [-122.053072799272, 36.9984522783172, -0.000038558660889975],
            [-122.053041617553, 36.9984498609537, -0.000038558660889975],
            [-122.053010457118, 36.9984472774791, -0.000038558660889975],
            [-122.052979319071, 36.9984445269773, -0.000038558660889975],
            [-122.052948204554, 36.9984416103345, -0.000038558660889975],
            [-122.052917114691, 36.9984385275356, -0.000038558660889975],
            [-122.052897338031, 36.998436424241, -0.000038558660889975],
            [-122.052877591491, 36.998434147513, -0.000038558660889975],
            [-122.052857877318, 36.9984316973217, -0.000038558660889975],
            [-122.052838197758, 36.9984290736373, -0.000038558660889975],
            [-122.052818555095, 36.9984262782317, -0.000038558660889975],
            [-122.052798951538, 36.9984233092732, -0.000038558660889975],
            [-122.052779390495, 36.9984201685188, -0.000038558660889975],
            [-122.052796013771, 36.9983659216253, -0.000038558660889975],
            [-122.052796322266, 36.9983645404958, -0.000038558660889975],
            [-122.052796409015, 36.9983631397878, -0.000038558660889975],
            [-122.052796274464, 36.998361741124, -0.000038558660889975],
            [-122.05279591908, 36.9983603670282, -0.000038558660889975],
            [-122.052795350068, 36.9983590399341, -0.000038558660889975],
            [-122.052794574633, 36.9983577822757, -0.000038558660889975],
            [-122.052793607788, 36.9983566136795, -0.000038558660889975],
            [-122.05279246228, 36.9983555529008, -0.000038558660889975],
            [-122.052791158701, 36.9983546176896, -0.000038558660889975],
            [-122.05278971869, 36.9983538221767, -0.000038558660889975],
            [-122.052788162746, 36.9983531796073, -0.000038558660889975],
            [-122.052786519191, 36.9983527013201, -0.000038558660889975],
            [-122.052784846473, 36.9983526055269, -0.000038558660889975],
            [-122.052783171568, 36.9983526755824, -0.000038558660889975],
            [-122.052781520273, 36.9983529093408, -0.000038558660889975],
            [-122.052779917245, 36.9983533037705, -0.000038558660889975],
            [-122.052778385942, 36.9983538522507, -0.000038558660889975],
            [-122.052776949801, 36.9983545472601, -0.000038558660889975],
            [-122.052775631066, 36.9983553776883, -0.000038558660889975],
            [-122.052772059143, 36.9983578701665, -0.000038558660889975],
            [-122.052768417321, 36.9983602968866, -0.000038558660889975],
            [-122.052767748322, 36.9983608167672, -0.000038558660889975],
            [-122.052767201299, 36.998361421539, -0.000038558660889975],
            [-122.052766793853, 36.9983620929438, -0.000038558660889975],
            [-122.05276653793, 36.9983628109964, -0.000038558660889975],
            [-122.052766440944, 36.9983635539694, -0.000038558660889975],
            [-122.052749762142, 36.9984132712981, -0.000038558660889975],
            [-122.052391107586, 36.9983206603185, -0.000038558660889975],
            [-122.05240855266, 36.9982740834199, -0.000038558660889975],
            [-122.052408931041, 36.9982727671487, -0.000038558660889975],
            [-122.052409089754, 36.9982714231598, -0.000038558660889975],
            [-122.052409028142, 36.998270073992, -0.000038558660889975],
            [-122.052408745567, 36.9982687430847, -0.000038558660889975],
            [-122.052408249233, 36.9982674528719, -0.000038558660889975],
            [-122.052407545222, 36.9982662258024, -0.000038558660889975],
            [-122.052406647481, 36.9982650842206, -0.000038558660889975],
            [-122.052405570983, 36.998264045951, -0.000038558660889975],
            [-122.052404332987, 36.9982631305903, -0.000038558660889975],
            [-122.052402957398, 36.9982623531406, -0.000038558660889975],
            [-122.052401465839, 36.9982617268321, -0.000038558660889975],
            [-122.052399885489, 36.9982612621174, -0.000038558660889975],
            [-122.05239824239, 36.9982609685633, -0.000038558660889975],
            [-122.052396565838, 36.9982608502858, -0.000038558660889975],
            [-122.052394939312, 36.9982610864128, -0.000038558660889975],
            [-122.052393359816, 36.9982614778204, -0.000038558660889975],
            [-122.052391849649, 36.9982620161013, -0.000038558660889975],
            [-122.052390430038, 36.9982626955656, -0.000038558660889975],
            [-122.052389121, 36.9982635060341, -0.000038558660889975],
            [-122.052387942509, 36.9982644355253, -0.000038558660889975],
            [-122.052386911153, 36.998265471202, -0.000038558660889975],
            [-122.052384978574, 36.998271009517, -0.000038558660889975],
            [-122.052367494459, 36.9983149932969, -0.000038558660889975],
            [-122.052350781127, 36.998309923876, -0.000038558660889975],
            [-122.052329615727, 36.998305535514, -0.000038558660889975],
            [-122.052322257902, 36.9983040869668, -0.000038558660889975],
            [-122.052314858128, 36.9983027831683, -0.000038558660889975],
            [-122.052307419775, 36.9983016240735, -0.000038558660889975],
            [-122.052299949602, 36.9983006104938, -0.000038558660889975],
            [-122.052292449892, 36.9982997442012, -0.000038558660889975],
            [-122.052284926261, 36.9982990251208, -0.000038558660889975],
            [-122.052167378542, 36.9982955658173, -0.000038558660889975],
            [-122.052167500857, 36.9982803457384, -0.000038558660889975],
            [-122.052167789525, 36.9982651288535, -0.000038558660889975],
            [-122.05216822035, 36.9982630341556, -0.000038558660889975],
            [-122.052168440642, 36.9982609188276, -0.000038558660889975],
            [-122.05216845068, 36.9982587963838, -0.000038558660889975],
            [-122.052168249604, 36.9982566794523, -0.000038558660889975],
            [-122.052167838833, 36.9982545824333, -0.000038558660889975],
            [-122.052167220895, 36.9982525188111, -0.000038558660889975],
            [-122.052166400542, 36.9982505011392, -0.000038558660889975],
            [-122.052165381406, 36.9982485419859, -0.000038558660889975],
            [-122.052164170505, 36.9982466547758, -0.000038558660889975],
            [-122.052162775927, 36.9982448502155, -0.000038558660889975],
            [-122.052161206916, 36.9982431407989, -0.000038558660889975],
            [-122.052159472684, 36.9982415372176, -0.000038558660889975],
            [-122.052157584687, 36.9982400501335, -0.000038558660889975],
            [-122.052155555465, 36.9982386883918, -0.000038558660889975],
            [-122.052153396421, 36.9982374599515, -0.000038558660889975],
            [-122.052143361169, 36.9982330235106, -0.000038558660889975],
            [-122.052133220187, 36.9982287443819, -0.000038558660889975],
            [-122.052122978003, 36.9982246243076, -0.000038558660889975],
            [-122.052112636903, 36.9982206650595, -0.000038558660889975],
            [-122.052102202539, 36.9982168683649, -0.000038558660889975],
            [-122.052099682021, 36.9982161439936, -0.000038558660889975],
            [-122.052097094316, 36.9982155935453, -0.000038558660889975],
            [-122.052094457488, 36.9982152212854, -0.000038558660889975],
            [-122.05209179183, 36.998215030549, -0.000038558660889975],
            [-122.052089114211, 36.9982150220126, -0.000038558660889975],
            [-122.052086447094, 36.9982151953775, -0.000038558660889975],
            [-122.052083806206, 36.9982155504344, -0.000038558660889975],
            [-122.052081212813, 36.9982160832957, -0.000038558660889975],
            [-122.052078685973, 36.9982167919054, -0.000038558660889975],
            [-122.052076242388, 36.9982176688319, -0.000038558660889975],
            [-122.052073901057, 36.9982187093163, -0.000038558660889975],
            [-122.052071678681, 36.998219905927, -0.000038558660889975],
            [-122.0520695908, 36.9982212494453, -0.000038558660889975],
            [-122.052067651829, 36.9982227306675, -0.000038558660889975],
            [-122.052065877252, 36.9982243376721, -0.000038558660889975],
            [-122.052064279219, 36.9982260603844, -0.000038558660889975]
          ]
        ]
      },
      "properties": {
        "OBJECTID": 52,
        "CODE": "PKG",
        "NAME": "Stevenson College",
        "NUMBER": 109,
        "Location": "Stevenson College",
        "Permit_Type": "A, B, MC, N, NC",
        "Handicapped": "No",
        "Meters": "No",
        "Comments": "Evening and Weekend Paystation: Flatrate.",
        "Paystations": "Yes",
        "Paystation_Limit": "2 hr.",
        "Meter_Limit": null,
        "Permit_Days": "All",
        "Permit_Period": "7:00am - 8:30pm",
        "NUM": "109",
        "GlobalID": "eb7c755e-de4c-45c5-bcec-43f00a33da4b"
      }
    },
    {
      "type": "Feature",
      "id": 53,
      "geometry": {
        "type": "Polygon",
        "coordinates": [
          [
            [-122.05865412111, 37.0033017041934, -0.000038558660889975],
            [-122.058595134922, 37.0031464305039, -0.000038558660889975],
            [-122.058599765281, 37.0031504276295, -0.000038558660889975],
            [-122.058604812338, 37.0031543083415, -0.000038558660889975],
            [-122.058610209054, 37.0031578743713, -0.000038558660889975],
            [-122.058615863127, 37.0031611720117, -0.000038558660889975],
            [-122.058623678451, 37.0031648724524, -0.000038558660889975],
            [-122.058632013635, 37.0031682298023, -0.000038558660889975],
            [-122.058638688808, 37.0031703233228, -0.000038558660889975],
            [-122.058643451434, 37.0031734931855, -0.000038558660889975],
            [-122.058684957994, 37.0032024131654, -0.000038558660889975],
            [-122.058690267731, 37.0032046583011, -0.000038558660889975],
            [-122.058696416604, 37.0032074879158, -0.000038558660889975],
            [-122.058715424954, 37.0032119147791, -0.000038558660889975],
            [-122.058722262791, 37.0032138871641, -0.000038558660889975],
            [-122.058729023025, 37.0032160182946, -0.000038558660889975],
            [-122.058734293826, 37.0032179575423, -0.000038558660889975],
            [-122.058746441667, 37.0032238107241, -0.000038558660889975],
            [-122.058751445105, 37.0032286202431, -0.000038558660889975],
            [-122.058756466969, 37.0032330726426, -0.000038558660889975],
            [-122.05876049767, 37.0032357340923, -0.000038558660889975],
            [-122.058766268284, 37.0032388535344, -0.000038558660889975],
            [-122.058772444368, 37.0032414241389, -0.000038558660889975],
            [-122.058780744903, 37.0032439780756, -0.000038558660889975],
            [-122.058787386892, 37.0032444733118, -0.000038558660889975],
            [-122.058794652313, 37.0032443645288, -0.000038558660889975],
            [-122.058961998287, 37.0032418483568, -0.000038558660889975],
            [-122.058961713082, 37.0032281179609, -0.000038558660889975],
            [-122.058967126065, 37.003227868099, -0.000038558660889975],
            [-122.058973489816, 37.0032271936869, -0.000038558660889975],
            [-122.058979294678, 37.0032261194023, -0.000038558660889975],
            [-122.058985289903, 37.0032232825405, -0.000038558660889975],
            [-122.059005311849, 37.0032138102059, -0.000038558660889975],
            [-122.059034310477, 37.0032532347986, -0.000038558660889975],
            [-122.059020922081, 37.0032596049048, -0.000038558660889975],
            [-122.059014849289, 37.0032624941728, -0.000038558660889975],
            [-122.059010214403, 37.0032661239343, -0.000038558660889975],
            [-122.059006551675, 37.0032725226936, -0.000038558660889975],
            [-122.059006142537, 37.0032777091286, -0.000038558660889975],
            [-122.059006297182, 37.0032823410053, -0.000038558660889975],
            [-122.059007649628, 37.0033474486682, -0.000038558660889975],
            [-122.058734879039, 37.0033510931197, -0.000038558660889975],
            [-122.05873430712, 37.0033235557464, -0.000038558660889975],
            [-122.05873418615, 37.0033177311393, -0.000038558660889975],
            [-122.058733807513, 37.0033130256534, -0.000038558660889975],
            [-122.058732560619, 37.0033068204638, -0.000038558660889975],
            [-122.058730438279, 37.003300771161, -0.000038558660889975],
            [-122.058727466834, 37.003294955797, -0.000038558660889975],
            [-122.058724729489, 37.0032907819856, -0.000038558660889975],
            [-122.058721509224, 37.0032868363197, -0.000038558660889975],
            [-122.05871792251, 37.0032831001204, -0.000038558660889975],
            [-122.058713716524, 37.003279519089, -0.000038558660889975],
            [-122.058707721369, 37.0032753806892, -0.000038558660889975],
            [-122.058701579118, 37.0032724915077, -0.000038558660889975],
            [-122.05869650401, 37.0032710480047, -0.000038558660889975],
            [-122.058690534352, 37.0032702472883, -0.000038558660889975],
            [-122.058683141843, 37.0032703505531, -0.000038558660889975],
            [-122.058677875029, 37.0032712545188, -0.000038558660889975],
            [-122.058672850938, 37.0032728086077, -0.000038558660889975],
            [-122.058666592705, 37.0032759670884, -0.000038558660889975],
            [-122.058662142873, 37.0032792564157, -0.000038558660889975],
            [-122.058658878147, 37.0032826921259, -0.000038558660889975],
            [-122.058655610982, 37.0032880122667, -0.000038558660889975],
            [-122.058653968621, 37.0032926843712, -0.000038558660889975],
            [-122.058653620373, 37.0032969624883, -0.000038558660889975],
            [-122.05865412111, 37.0033017041934, -0.000038558660889975]
          ]
        ]
      },
      "properties": {
        "OBJECTID": 53,
        "CODE": "PKG",
        "NAME": "College Nine",
        "NUMBER": 167,
        "Location": "College Nine Apartments",
        "Permit_Type": "A, B",
        "Handicapped": "No",
        "Meters": "No",
        "Comments": null,
        "Paystations": "No",
        "Paystation_Limit": null,
        "Meter_Limit": null,
        "Permit_Days": "All",
        "Permit_Period": "7:00am - 8:30pm",
        "NUM": "167",
        "GlobalID": "8d9bbd83-08e0-46ae-8500-d74c29dfb029"
      }
    },
    {
      "type": "Feature",
      "id": 54,
      "geometry": {
        "type": "Polygon",
        "coordinates": [
          [
            [-122.058945800132, 37.000232997706, -0.000038558660889975],
            [-122.058871390216, 37.0001367007971, -0.000038558660889975],
            [-122.05887572635, 37.0001386038592, -0.000038558660889975],
            [-122.058881822941, 37.0001406050601, -0.000038558660889975],
            [-122.058888198823, 37.0001419338425, -0.000038558660889975],
            [-122.058893092473, 37.0001424947857, -0.000038558660889975],
            [-122.058898033136, 37.0001426144164, -0.000038558660889975],
            [-122.058904598289, 37.0001421824386, -0.000038558660889975],
            [-122.058912665537, 37.000140661573, -0.000038558660889975],
            [-122.05891872581, 37.0001386961991, -0.000038558660889975],
            [-122.058925260634, 37.0001361549289, -0.000038558660889975],
            [-122.058939175103, 37.0001307420763, -0.000038558660889975],
            [-122.05891477524, 37.0000903872845, -0.000038558660889975],
            [-122.058946759345, 37.0000779460905, -0.000038558660889975],
            [-122.058952746451, 37.0000755959812, -0.000038558660889975],
            [-122.058957242632, 37.000073249572, -0.000038558660889975],
            [-122.058960706308, 37.0000696084248, -0.000038558660889975],
            [-122.058962763102, 37.0000632013857, -0.000038558660889975],
            [-122.058961671228, 37.0000580205892, -0.000038558660889975],
            [-122.058959010094, 37.0000533996759, -0.000038558660889975],
            [-122.058935820389, 37.0000150482954, -0.000038558660889975],
            [-122.059066762627, 36.9999641140773, -0.000038558660889975],
            [-122.059086781693, 36.9999972222968, -0.000038558660889975],
            [-122.059089952384, 37.0000024654317, -0.000038558660889975],
            [-122.059092661115, 37.0000067811023, -0.000038558660889975],
            [-122.059097999566, 37.0000113382976, -0.000038558660889975],
            [-122.059107381659, 37.0000137245497, -0.000038558660889975],
            [-122.059113840933, 37.0000128478835, -0.000038558660889975],
            [-122.059119602175, 37.0000107134657, -0.000038558660889975],
            [-122.059155093799, 36.9999969077942, -0.000038558660889975],
            [-122.059193195887, 37.0000599228972, -0.000038558660889975],
            [-122.059146934027, 37.0000779179742, -0.000038558660889975],
            [-122.059141295105, 37.0000801534948, -0.000038558660889975],
            [-122.059136651181, 37.000082527119, -0.000038558660889975],
            [-122.0591326376, 37.0000853879762, -0.000038558660889975],
            [-122.059129231483, 37.0000887165461, -0.000038558660889975],
            [-122.059126516535, 37.0000924315038, -0.000038558660889975],
            [-122.059124559385, 37.0000964409382, -0.000038558660889975],
            [-122.059123408579, 37.0001006477729, -0.000038558660889975],
            [-122.059123158468, 37.0001054833203, -0.000038558660889975],
            [-122.059124193549, 37.0001113371655, -0.000038558660889975],
            [-122.059126008234, 37.0001155061729, -0.000038558660889975],
            [-122.059128732864, 37.0001201000994, -0.000038558660889975],
            [-122.059131471951, 37.0001241459064, -0.000038558660889975],
            [-122.059134711819, 37.0001275803195, -0.000038558660889975],
            [-122.059138582784, 37.0001305647134, -0.000038558660889975],
            [-122.059144776313, 37.0001337704035, -0.000038558660889975],
            [-122.059150356129, 37.0001356126766, -0.000038558660889975],
            [-122.059156271437, 37.0001365672955, -0.000038558660889975],
            [-122.059163641919, 37.0001366625538, -0.000038558660889975],
            [-122.059168927303, 37.0001359061111, -0.000038558660889975],
            [-122.059174125131, 37.0001344506101, -0.000038558660889975],
            [-122.059179805935, 37.0001322839201, -0.000038558660889975],
            [-122.059195258511, 37.0001262728156, -0.000038558660889975],
            [-122.059239118035, 37.0001988095849, -0.000038558660889975],
            [-122.059258762553, 37.0002312973538, -0.000038558660889975],
            [-122.059243690023, 37.0002371600975, -0.000038558660889975],
            [-122.059227891907, 37.0002433055982, -0.000038558660889975],
            [-122.059222509175, 37.0002459207065, -0.000038558660889975],
            [-122.059216921232, 37.0002495830416, -0.000038558660889975],
            [-122.0592139059, 37.0002565246874, -0.000038558660889975],
            [-122.05921542928, 37.0002623557846, -0.000038558660889975],
            [-122.059217609598, 37.0002670876568, -0.000038558660889975],
            [-122.059220627863, 37.0002720777875, -0.000038558660889975],
            [-122.059142061829, 37.0003026382659, -0.000038558660889975],
            [-122.059122069429, 37.0002695747573, -0.000038558660889975],
            [-122.059119323432, 37.0002650342865, -0.000038558660889975],
            [-122.059116908983, 37.0002615257587, -0.000038558660889975],
            [-122.059113183838, 37.0002577184271, -0.000038558660889975],
            [-122.059107656522, 37.0002538063078, -0.000038558660889975],
            [-122.059103024767, 37.0002516278343, -0.000038558660889975],
            [-122.059096068421, 37.0002496714782, -0.000038558660889975],
            [-122.059088092035, 37.0002489138235, -0.000038558660889975],
            [-122.059082077675, 37.0002493033047, -0.000038558660889975],
            [-122.059075269633, 37.0002509163994, -0.000038558660889975],
            [-122.059068574924, 37.0002533877188, -0.000038558660889975],
            [-122.05902385215, 37.0002707836113, -0.000038558660889975],
            [-122.058973049826, 37.0001867645927, -0.000038558660889975],
            [-122.058967329749, 37.0001894211458, -0.000038558660889975],
            [-122.058961923342, 37.0001927358853, -0.000038558660889975],
            [-122.058958328076, 37.000195559605, -0.000038558660889975],
            [-122.05895407626, 37.0001997177546, -0.000038558660889975],
            [-122.058950536281, 37.0002042836455, -0.000038558660889975],
            [-122.058948360176, 37.0002079220068, -0.000038558660889975],
            [-122.058946688703, 37.0002117293581, -0.000038558660889975],
            [-122.058945162626, 37.0002169649622, -0.000038558660889975],
            [-122.058944501884, 37.0002223169733, -0.000038558660889975],
            [-122.058944714642, 37.000227691558, -0.000038558660889975],
            [-122.058945800132, 37.000232997706, -0.000038558660889975]
          ]
        ]
      },
      "properties": {
        "OBJECTID": 54,
        "CODE": "PKG",
        "NAME": "Social Sciences",
        "NUMBER": 114,
        "Location": "Social Science",
        "Permit_Type": "A, B, MC, N, NC",
        "Handicapped": "No",
        "Meters": "No",
        "Comments": null,
        "Paystations": "No",
        "Paystation_Limit": null,
        "Meter_Limit": null,
        "Permit_Days": "M - F",
        "Permit_Period": "7:00 am - 8:30pm",
        "NUM": "114",
        "GlobalID": "8ab3fb20-20e4-42f3-8e87-8c157afe6def"
      }
    },
    {
      "type": "Feature",
      "id": 55,
      "geometry": {
        "type": "Polygon",
        "coordinates": [
          [
            [-122.059348865287, 37.001976307284, -0.000038558660889975],
            [-122.059299734179, 37.0019278587256, -0.000038558660889975],
            [-122.059304191426, 37.0019298529779, -0.000038558660889975],
            [-122.059309005175, 37.0019312134316, -0.000038558660889975],
            [-122.059314038609, 37.0019318986579, -0.000038558660889975],
            [-122.059319772669, 37.0019318021962, -0.000038558660889975],
            [-122.059327192459, 37.0019303683615, -0.000038558660889975],
            [-122.059332370322, 37.0019283787133, -0.000038558660889975],
            [-122.059337451919, 37.0019257577128, -0.000038558660889975],
            [-122.059343861865, 37.0019223367216, -0.000038558660889975],
            [-122.059349715624, 37.0019189700256, -0.000038558660889975],
            [-122.059354881866, 37.0019149609545, -0.000038558660889975],
            [-122.059397433735, 37.0018819429134, -0.000038558660889975],
            [-122.059401018339, 37.0018784407237, -0.000038558660889975],
            [-122.059403765409, 37.0018744847116, -0.000038558660889975],
            [-122.059405293544, 37.0018706459253, -0.000038558660889975],
            [-122.059405913545, 37.0018661460842, -0.000038558660889975],
            [-122.059405043151, 37.0018601629708, -0.000038558660889975],
            [-122.059402570661, 37.0018549997289, -0.000038558660889975],
            [-122.059399355102, 37.0018512793181, -0.000038558660889975],
            [-122.059376298526, 37.0018332175303, -0.000038558660889975],
            [-122.059424081143, 37.0017800464443, -0.000038558660889975],
            [-122.059462870848, 37.0017968777789, -0.000038558660889975],
            [-122.05946984418, 37.0017977515535, -0.000038558660889975],
            [-122.059474837338, 37.0017970395581, -0.000038558660889975],
            [-122.059479358654, 37.0017951956604, -0.000038558660889975],
            [-122.059483736995, 37.0017918243463, -0.000038558660889975],
            [-122.059486219537, 37.0017882783068, -0.000038558660889975],
            [-122.059487312293, 37.0017843056536, -0.000038558660889975],
            [-122.059486844034, 37.0017794526708, -0.000038558660889975],
            [-122.059484433172, 37.0017749843292, -0.000038558660889975],
            [-122.059481155155, 37.0017718811727, -0.000038558660889975],
            [-122.059476894622, 37.0017696743195, -0.000038558660889975],
            [-122.059435361135, 37.0017514404552, -0.000038558660889975],
            [-122.059476897993, 37.0016652528483, -0.000038558660889975],
            [-122.059479618207, 37.00165935602, -0.000038558660889975],
            [-122.059482125912, 37.0016533980473, -0.000038558660889975],
            [-122.059484417868, 37.0016473852819, -0.000038558660889975],
            [-122.059486493026, 37.0016413213426, -0.000038558660889975],
            [-122.059488348148, 37.001635212581, -0.000038558660889975],
            [-122.059489983328, 37.0016290635019, -0.000038558660889975],
            [-122.059491397536, 37.001622878625, -0.000038558660889975],
            [-122.059492587514, 37.0016166634011, -0.000038558660889975],
            [-122.059493554517, 37.0016104241217, -0.000038558660889975],
            [-122.059494295249, 37.0016041644357, -0.000038558660889975],
            [-122.059494812071, 37.0015978897187, -0.000038558660889975],
            [-122.059495101742, 37.0015916063224, -0.000038558660889975],
            [-122.059495166604, 37.0015853187214, -0.000038558660889975],
            [-122.059495004521, 37.0015790323515, -0.000038558660889975],
            [-122.059529487425, 37.001579267152, -0.000038558660889975],
            [-122.059537556274, 37.0015791142372, -0.000038558660889975],
            [-122.059544771435, 37.0015774596271, -0.000038558660889975],
            [-122.059549845045, 37.001574455716, -0.000038558660889975],
            [-122.059553885801, 37.0015695469675, -0.000038558660889975],
            [-122.059555575865, 37.0015638225176, -0.000038558660889975],
            [-122.059554720533, 37.0015585105939, -0.000038558660889975],
            [-122.059553137041, 37.0015523847117, -0.000038558660889975],
            [-122.05955052929, 37.0015442268088, -0.000038558660889975],
            [-122.059547264259, 37.0015370978441, -0.000038558660889975],
            [-122.059543178021, 37.0015302466099, -0.000038558660889975],
            [-122.059538308901, 37.001523732974, -0.000038558660889975],
            [-122.059532698554, 37.0015176149571, -0.000038558660889975],
            [-122.059526395282, 37.0015119459852, -0.000038558660889975],
            [-122.05951945744, 37.0015067766462, -0.000038558660889975],
            [-122.059513890564, 37.0015032372665, -0.000038558660889975],
            [-122.059507804481, 37.0014999634695, -0.000038558660889975],
            [-122.059501862329, 37.0014971816029, -0.000038558660889975],
            [-122.059497096514, 37.0014955312334, -0.000038558660889975],
            [-122.059492245402, 37.0014940478235, -0.000038558660889975],
            [-122.059487319142, 37.0014927330401, -0.000038558660889975],
            [-122.059482326775, 37.0014915894659, -0.000038558660889975],
            [-122.059477278487, 37.0014906205696, -0.000038558660889975],
            [-122.059472181035, 37.0014898271619, -0.000038558660889975],
            [-122.059467046814, 37.0014892108797, -0.000038558660889975],
            [-122.059461884829, 37.0014887725036, -0.000038558660889975],
            [-122.059456702979, 37.0014885137307, -0.000038558660889975],
            [-122.059451512499, 37.0014884344105, -0.000038558660889975],
            [-122.059446322373, 37.0014885344231, -0.000038558660889975],
            [-122.059441142732, 37.0014888145343, -0.000038558660889975],
            [-122.059435982523, 37.001489272822, -0.000038558660889975],
            [-122.059427195088, 37.0014905320885, -0.000038558660889975],
            [-122.059419669115, 37.0014925855689, -0.000038558660889975],
            [-122.059413621755, 37.0014956637705, -0.000038558660889975],
            [-122.059409301166, 37.0014988396522, -0.000038558660889975],
            [-122.059406102359, 37.0015021438303, -0.000038558660889975],
            [-122.059403563638, 37.0015057978611, -0.000038558660889975],
            [-122.059385578796, 37.0014091417931, -0.000038558660889975],
            [-122.059387085647, 37.0014137970509, -0.000038558660889975],
            [-122.059391383203, 37.0014175705897, -0.000038558660889975],
            [-122.059397493, 37.0014190119469, -0.000038558660889975],
            [-122.059404546348, 37.0014203857197, -0.000038558660889975],
            [-122.059418116053, 37.0014230295944, -0.000038558660889975],
            [-122.059423741715, 37.0014225308408, -0.000038558660889975],
            [-122.059427818447, 37.0014203270021, -0.000038558660889975],
            [-122.059430267474, 37.0014144112698, -0.000038558660889975],
            [-122.059426239306, 37.0013713096024, -0.000038558660889975],
            [-122.059433333936, 37.0013706686516, -0.000038558660889975],
            [-122.059440450171, 37.0013702022433, -0.000038558660889975],
            [-122.059447580165, 37.0013699113837, -0.000038558660889975],
            [-122.059454718284, 37.0013697952468, -0.000038558660889975],
            [-122.059461857789, 37.0013698539226, -0.000038558660889975],
            [-122.059468990833, 37.0013700884174, -0.000038558660889975],
            [-122.059476111803, 37.001370498806, -0.000038558660889975],
            [-122.059483213919, 37.0013710833769, -0.000038558660889975],
            [-122.059490290443, 37.0013718422199, -0.000038558660889975],
            [-122.059497334615, 37.0013727745243, -0.000038558660889975],
            [-122.05950433966, 37.0013738785783, -0.000038558660889975],
            [-122.059511299978, 37.0013751553578, -0.000038558660889975],
            [-122.059518207652, 37.0013766022653, -0.000038558660889975],
            [-122.059525057026, 37.0013782175738, -0.000038558660889975],
            [-122.059531841361, 37.0013800013734, -0.000038558660889975],
            [-122.059538554967, 37.0013819501356, -0.000038558660889975],
            [-122.059545189979, 37.0013840639654, -0.000038558660889975],
            [-122.059551741812, 37.0013863384182, -0.000038558660889975],
            [-122.059558203725, 37.001388773584, -0.000038558660889975],
            [-122.059564568922, 37.0013913668501, -0.000038558660889975],
            [-122.059570832835, 37.0013941146729, -0.000038558660889975],
            [-122.05957698867, 37.0013970144395, -0.000038558660889975],
            [-122.059583030789, 37.0014000653242, -0.000038558660889975],
            [-122.059588953465, 37.0014032619964, -0.000038558660889975],
            [-122.059594752186, 37.0014066036152, -0.000038558660889975],
            [-122.059600420118, 37.001410085766, -0.000038558660889975],
            [-122.059605951588, 37.0014137058211, -0.000038558660889975],
            [-122.059611343134, 37.0014174593209, -0.000038558660889975],
            [-122.059616587978, 37.0014213445535, -0.000038558660889975],
            [-122.059621682637, 37.0014253561583, -0.000038558660889975],
            [-122.059626621421, 37.0014294906067, -0.000038558660889975],
            [-122.059596282256, 37.0014549845256, -0.000038558660889975],
            [-122.059594114515, 37.0014585930479, -0.000038558660889975],
            [-122.059592496291, 37.0014639353326, -0.000038558660889975],
            [-122.059592277359, 37.0014684316159, -0.000038558660889975],
            [-122.059593030417, 37.0014723904107, -0.000038558660889975],
            [-122.059594616101, 37.0014761884773, -0.000038558660889975],
            [-122.059596985998, 37.0014797129121, -0.000038558660889975],
            [-122.059601428117, 37.0014838999616, -0.000038558660889975],
            [-122.059605687065, 37.0014878154964, -0.000038558660889975],
            [-122.059609689077, 37.0014923436732, -0.000038558660889975],
            [-122.059614414438, 37.0014986979141, -0.000038558660889975],
            [-122.059618366876, 37.0015053824109, -0.000038558660889975],
            [-122.059620829746, 37.0015105692078, -0.000038558660889975],
            [-122.059622773073, 37.0015158972277, -0.000038558660889975],
            [-122.059624293477, 37.0015213120087, -0.000038558660889975],
            [-122.059626809257, 37.0015329380354, -0.000038558660889975],
            [-122.059629154727, 37.0015445870662, -0.000038558660889975],
            [-122.059631332095, 37.0015562572691, -0.000038558660889975],
            [-122.059633339098, 37.0015679477734, -0.000038558660889975],
            [-122.059635176782, 37.0015796549602, -0.000038558660889975],
            [-122.059636845148, 37.0015913788294, -0.000038558660889975],
            [-122.059638343054, 37.0016031184953, -0.000038558660889975],
            [-122.059635319344, 37.0016302587409, -0.000038558660889975],
            [-122.059636026951, 37.0016363017053, -0.000038558660889975],
            [-122.059639411738, 37.0016417312161, -0.000038558660889975],
            [-122.059643924712, 37.0016454883484, -0.000038558660889975],
            [-122.059649729875, 37.0016478412681, -0.000038558660889975],
            [-122.059683762372, 37.0016531647825, -0.000038558660889975],
            [-122.059683199565, 37.0016579828835, -0.000038558660889975],
            [-122.059682254184, 37.0016660729295, -0.000038558660889975],
            [-122.059680726542, 37.001677071705, -0.000038558660889975],
            [-122.059679194181, 37.0016863294354, -0.000038558660889975],
            [-122.059677664345, 37.0016940866429, -0.000038558660889975],
            [-122.059676144224, 37.0017005811466, -0.000038558660889975],
            [-122.059674641083, 37.0017060543698, -0.000038558660889975],
            [-122.059673163215, 37.0017107432158, -0.000038558660889975],
            [-122.059671716724, 37.0017148873206, -0.000038558660889975],
            [-122.05967030601, 37.0017186984064, -0.000038558660889975],
            [-122.059668212198, 37.0017239722508, -0.000038558660889975],
            [-122.059665355496, 37.0017305999748, -0.000038558660889975],
            [-122.059662268105, 37.0017372109562, -0.000038558660889975],
            [-122.059659715143, 37.0017424503845, -0.000038558660889975],
            [-122.059657828409, 37.0017462263785, -0.000038558660889975],
            [-122.059655702675, 37.0017502885426, -0.000038558660889975],
            [-122.059653231225, 37.0017546923749, -0.000038558660889975],
            [-122.059650307403, 37.0017594960764, -0.000038558660889975],
            [-122.059646824494, 37.0017647551454, -0.000038558660889975],
            [-122.05964267805, 37.0017705259509, -0.000038558660889975],
            [-122.05963775911, 37.0017768640211, -0.000038558660889975],
            [-122.059633532816, 37.0017789545134, -0.000038558660889975],
            [-122.059632249387, 37.0017834839517, -0.000038558660889975],
            [-122.059610586569, 37.0017785862544, -0.000038558660889975],
            [-122.059604201829, 37.0017771089305, -0.000038558660889975],
            [-122.059597379619, 37.0017759916236, -0.000038558660889975],
            [-122.059590708437, 37.001777059497, -0.000038558660889975],
            [-122.059584930822, 37.0017808451442, -0.000038558660889975],
            [-122.059545340732, 37.0018428907989, -0.000038558660889975],
            [-122.059544175578, 37.0018501925324, -0.000038558660889975],
            [-122.059547577724, 37.0018554298595, -0.000038558660889975],
            [-122.059553392129, 37.0018582269496, -0.000038558660889975],
            [-122.059559131332, 37.0018585945227, -0.000038558660889975],
            [-122.059564683412, 37.0018569324027, -0.000038558660889975],
            [-122.059570393804, 37.0018541831279, -0.000038558660889975],
            [-122.059604878782, 37.0018374249529, -0.000038558660889975],
            [-122.059712158412, 37.0019809849701, -0.000038558660889975],
            [-122.059683597948, 37.0019948098935, -0.000038558660889975],
            [-122.059645533987, 37.0020132344799, -0.000038558660889975],
            [-122.059646285889, 37.0020494173094, -0.000038558660889975],
            [-122.05957866743, 37.0020508673199, -0.000038558660889975],
            [-122.059577924266, 37.002015103429, -0.000038558660889975],
            [-122.059552891227, 37.0019810394456, -0.000038558660889975],
            [-122.059522048013, 37.0019431915008, -0.000038558660889975],
            [-122.059498698525, 37.0019554318168, -0.000038558660889975],
            [-122.059432778214, 37.0019395362815, -0.000038558660889975],
            [-122.059439237813, 37.0019254183418, -0.000038558660889975],
            [-122.059439725283, 37.0019199478829, -0.000038558660889975],
            [-122.059440287922, 37.001914201555, -0.000038558660889975],
            [-122.059433432665, 37.0019103044946, -0.000038558660889975],
            [-122.059428185185, 37.0019104575419, -0.000038558660889975],
            [-122.059422276556, 37.001914157516, -0.000038558660889975],
            [-122.059417588153, 37.0019179105726, -0.000038558660889975],
            [-122.059374278975, 37.0019517408059, -0.000038558660889975],
            [-122.059358992653, 37.001965879385, -0.000038558660889975],
            [-122.059354848579, 37.001969602634, -0.000038558660889975],
            [-122.059351455081, 37.0019727850475, -0.000038558660889975],
            [-122.059348865287, 37.001976307284, -0.000038558660889975]
          ]
        ]
      },
      "properties": {
        "OBJECTID": 55,
        "CODE": "PKG",
        "NAME": "College Ten",
        "NUMBER": 165,
        "Location": "Social Science 2/College Ten",
        "Permit_Type": "A, B, MC, N, NC, Disability, Medical",
        "Handicapped": "Yes",
        "Meters": "No",
        "Comments": null,
        "Paystations": "No",
        "Paystation_Limit": null,
        "Meter_Limit": null,
        "Permit_Days": "All",
        "Permit_Period": "7:00am - 8:30pm",
        "NUM": "165",
        "GlobalID": "e5fb1aa4-e03b-4a50-ba03-9c7d630fd841"
      }
    },
    {
      "type": "Feature",
      "id": 56,
      "geometry": {
        "type": "Polygon",
        "coordinates": [
          [
            [-122.059246848245, 37.0012481491631, -0.000038558660889975],
            [-122.059254278605, 37.0012502019129, -0.000038558660889975],
            [-122.059261423148, 37.0012513690029, -0.000038558660889975],
            [-122.059268690282, 37.0012518387319, -0.000038558660889975],
            [-122.059274160448, 37.001251752107, -0.000038558660889975],
            [-122.059279592254, 37.0012512253103, -0.000038558660889975],
            [-122.059284953931, 37.0012503515896, -0.000038558660889975],
            [-122.059290178643, 37.0012490507305, -0.000038558660889975],
            [-122.05929525714, 37.0012474183833, -0.000038558660889975],
            [-122.059300560527, 37.0012442257659, -0.000038558660889975],
            [-122.059305735316, 37.001240900589, -0.000038558660889975],
            [-122.059310777069, 37.0012374456155, -0.000038558660889975],
            [-122.059315680264, 37.0012338654252, -0.000038558660889975],
            [-122.059320441605, 37.0012301636668, -0.000038558660889975],
            [-122.059325053268, 37.0012263422475, -0.000038558660889975],
            [-122.05932951424, 37.0012224065878, -0.000038558660889975],
            [-122.059333816735, 37.0012183603968, -0.000038558660889975],
            [-122.059337958579, 37.0012142073082, -0.000038558660889975],
            [-122.059341935374, 37.0012099518868, -0.000038558660889975],
            [-122.059346215126, 37.001204270331, -0.000038558660889975],
            [-122.059350312193, 37.0011985028996, -0.000038558660889975],
            [-122.059354224403, 37.0011926532264, -0.000038558660889975],
            [-122.059357949602, 37.0011867258464, -0.000038558660889975],
            [-122.059361484478, 37.0011807235071, -0.000038558660889975],
            [-122.059364826896, 37.0011746516445, -0.000038558660889975],
            [-122.059367974647, 37.0011685120904, -0.000038558660889975],
            [-122.059370925615, 37.0011623111816, -0.000038558660889975],
            [-122.059373678715, 37.0011560507348, -0.000038558660889975],
            [-122.059376230707, 37.0011497371019, -0.000038558660889975],
            [-122.059378866463, 37.0011424256281, -0.000038558660889975],
            [-122.059379576452, 37.0011385797531, -0.000038558660889975],
            [-122.059379413699, 37.0011346941748, -0.000038558660889975],
            [-122.059378385317, 37.0011308949653, -0.000038558660889975],
            [-122.059376521954, 37.0011273051786, -0.000038558660889975],
            [-122.059373886719, 37.0011240420278, -0.000038558660889975],
            [-122.059370563822, 37.0011212107281, -0.000038558660889975],
            [-122.05936505116, 37.0011182239508, -0.000038558660889975],
            [-122.059359613006, 37.0011164978498, -0.000038558660889975],
            [-122.059353842204, 37.0011157422752, -0.000038558660889975],
            [-122.059306229049, 37.0011102063525, -0.000038558660889975],
            [-122.059306651596, 37.0011050179349, -0.000038558660889975],
            [-122.059306851489, 37.0010998207776, -0.000038558660889975],
            [-122.059306826629, 37.0010946221182, -0.000038558660889975],
            [-122.059306579357, 37.0010894264313, -0.000038558660889975],
            [-122.0593061087, 37.0010842409395, -0.000038558660889975],
            [-122.059305415893, 37.0010790710335, -0.000038558660889975],
            [-122.059304499963, 37.0010739239357, -0.000038558660889975],
            [-122.059303364392, 37.0010688050069, -0.000038558660889975],
            [-122.059302009311, 37.0010637205537, -0.000038558660889975],
            [-122.059300435974, 37.0010586768676, -0.000038558660889975],
            [-122.059298646741, 37.0010536793243, -0.000038558660889975],
            [-122.059296643988, 37.0010487342003, -0.000038558660889975],
            [-122.059294430095, 37.0010438477722, -0.000038558660889975],
            [-122.059292007419, 37.0010390254157, -0.000038558660889975],
            [-122.059289378319, 37.0010342725064, -0.000038558660889975],
            [-122.05928654742, 37.0010295952907, -0.000038558660889975],
            [-122.059283515957, 37.0010249991595, -0.000038558660889975],
            [-122.059280289659, 37.0010204894432, -0.000038558660889975],
            [-122.059276870905, 37.0010160724184, -0.000038558660889975],
            [-122.059259192456, 37.0009915339446, -0.000038558660889975],
            [-122.059227256681, 37.0009472029202, -0.000038558660889975],
            [-122.059255573812, 37.0009323891419, -0.000038558660889975],
            [-122.059294030481, 37.0009119047057, -0.000038558660889975],
            [-122.059298687212, 37.0009066299592, -0.000038558660889975],
            [-122.059300241831, 37.0009010920684, -0.000038558660889975],
            [-122.059299023441, 37.0008955020206, -0.000038558660889975],
            [-122.059284712912, 37.0008760156955, -0.000038558660889975],
            [-122.059279353191, 37.0008723311482, -0.000038558660889975],
            [-122.059272674647, 37.0008704990586, -0.000038558660889975],
            [-122.059265616778, 37.0008705816695, -0.000038558660889975],
            [-122.059259935436, 37.0008722923657, -0.000038558660889975],
            [-122.059252111635, 37.0008757998385, -0.000038558660889975],
            [-122.05924574641, 37.0008786110204, -0.000038558660889975],
            [-122.059202618236, 37.0008976555801, -0.000038558660889975],
            [-122.059196198686, 37.0008886032587, -0.000038558660889975],
            [-122.059189968413, 37.0008794672999, -0.000038558660889975],
            [-122.059183928559, 37.0008702485898, -0.000038558660889975],
            [-122.059178080339, 37.000860951618, -0.000038558660889975],
            [-122.059172426019, 37.0008515772555, -0.000038558660889975],
            [-122.059166966798, 37.0008421290911, -0.000038558660889975],
            [-122.059161704959, 37.0008326088968, -0.000038558660889975],
            [-122.059156640578, 37.0008230202763, -0.000038558660889975],
            [-122.059151774833, 37.0008133659174, -0.000038558660889975],
            [-122.059147111131, 37.0008036475771, -0.000038558660889975],
            [-122.059142649529, 37.0007938679582, -0.000038558660889975],
            [-122.059138390102, 37.0007840306644, -0.000038558660889975],
            [-122.059134336257, 37.0007741374528, -0.000038558660889975],
            [-122.059130488069, 37.000764191927, -0.000038558660889975],
            [-122.059126846716, 37.0007541967749, -0.000038558660889975],
            [-122.05912341336, 37.0007441537835, -0.000038558660889975],
            [-122.059120188075, 37.0007340665565, -0.000038558660889975],
            [-122.059117172042, 37.0007239377817, -0.000038558660889975],
            [-122.059114367561, 37.000713770132, -0.000038558660889975],
            [-122.059111773567, 37.0007035663252, -0.000038558660889975],
            [-122.059109391257, 37.0006933299502, -0.000038558660889975],
            [-122.059107221792, 37.0006830627938, -0.000038558660889975],
            [-122.059105265228, 37.0006727675588, -0.000038558660889975],
            [-122.059103522781, 37.000662448735, -0.000038558660889975],
            [-122.059101995594, 37.0006521072083, -0.000038558660889975],
            [-122.059100681514, 37.0006417475136, -0.000038558660889975],
            [-122.059153335125, 37.0006373462737, -0.000038558660889975],
            [-122.059160638779, 37.0006350876046, -0.000038558660889975],
            [-122.059166713774, 37.0006311249743, -0.000038558660889975],
            [-122.059169906454, 37.0006274189517, -0.000038558660889975],
            [-122.059172032732, 37.0006223014906, -0.000038558660889975],
            [-122.059169292351, 37.000586607551, -0.000038558660889975],
            [-122.059167148458, 37.000582060837, -0.000038558660889975],
            [-122.059164007005, 37.0005788756412, -0.000038558660889975],
            [-122.059159101582, 37.0005760186226, -0.000038558660889975],
            [-122.059153347322, 37.0005744886915, -0.000038558660889975],
            [-122.059146933517, 37.0005744734702, -0.000038558660889975],
            [-122.059140238586, 37.000575150518, -0.000038558660889975],
            [-122.059088721611, 37.0005799069544, -0.000038558660889975],
            [-122.05907192613, 37.0004519851362, -0.000038558660889975],
            [-122.059123533817, 37.0004471644102, -0.000038558660889975],
            [-122.059127925752, 37.0004453700176, -0.000038558660889975],
            [-122.059131002031, 37.0004422810675, -0.000038558660889975],
            [-122.059132599072, 37.0004372166406, -0.000038558660889975],
            [-122.059130075768, 37.0004312267767, -0.000038558660889975],
            [-122.059124885121, 37.0004278364565, -0.000038558660889975],
            [-122.059118681089, 37.0004268307212, -0.000038558660889975],
            [-122.059112018603, 37.0004265268344, -0.000038558660889975],
            [-122.059027558802, 37.0004227241416, -0.000038558660889975],
            [-122.059021785221, 37.0004231842999, -0.000038558660889975],
            [-122.059016095171, 37.0004240957414, -0.000038558660889975],
            [-122.059008696638, 37.0004258969614, -0.000038558660889975],
            [-122.059003335871, 37.0004276772597, -0.000038558660889975],
            [-122.058998217354, 37.0004298688702, -0.000038558660889975],
            [-122.058991784324, 37.0004333090772, -0.000038558660889975],
            [-122.058985898197, 37.000437330456, -0.000038558660889975],
            [-122.058981868879, 37.0004406790643, -0.000038558660889975],
            [-122.058975704806, 37.0004455458722, -0.000038558660889975],
            [-122.058973131619, 37.0004508936987, -0.000038558660889975],
            [-122.058984549278, 37.0003551334059, -0.000038558660889975],
            [-122.058986477573, 37.0003602282265, -0.000038558660889975],
            [-122.058988426979, 37.000363905186, -0.000038558660889975],
            [-122.058990853388, 37.0003673946316, -0.000038558660889975],
            [-122.058994686382, 37.0003717421439, -0.000038558660889975],
            [-122.058999183464, 37.0003756590232, -0.000038558660889975],
            [-122.059002929175, 37.0003782927284, -0.000038558660889975],
            [-122.059007003879, 37.0003805912989, -0.000038558660889975],
            [-122.059012811394, 37.0003831713181, -0.000038558660889975],
            [-122.059018982483, 37.0003851336665, -0.000038558660889975],
            [-122.059023783306, 37.0003862014149, -0.000038558660889975],
            [-122.05910614573, 37.0003898618123, -0.000038558660889975],
            [-122.059113194137, 37.0003870541246, -0.000038558660889975],
            [-122.059114141457, 37.0003812729189, -0.000038558660889975],
            [-122.059114936136, 37.0003765274231, -0.000038558660889975],
            [-122.05910917145, 37.0003408513683, -0.000038558660889975],
            [-122.059189602411, 37.0003329932149, -0.000038558660889975],
            [-122.059197454824, 37.0003797594026, -0.000038558660889975],
            [-122.059203957335, 37.0003828014492, -0.000038558660889975],
            [-122.059225716077, 37.0003815743169, -0.000038558660889975],
            [-122.059257961088, 37.0003793626157, -0.000038558660889975],
            [-122.059283533472, 37.0005644596525, -0.000038558660889975],
            [-122.059233550261, 37.0005699751877, -0.000038558660889975],
            [-122.059225704189, 37.0005708406542, -0.000038558660889975],
            [-122.059220674493, 37.0005748740302, -0.000038558660889975],
            [-122.059217137805, 37.0005798147822, -0.000038558660889975],
            [-122.059215513736, 37.0005843893217, -0.000038558660889975],
            [-122.059223092346, 37.0006287367572, -0.000038558660889975],
            [-122.059227377918, 37.0006335585505, -0.000038558660889975],
            [-122.059233616068, 37.0006367465175, -0.000038558660889975],
            [-122.059238813843, 37.0006375043486, -0.000038558660889975],
            [-122.059289237511, 37.0006342043697, -0.000038558660889975],
            [-122.059290412036, 37.0006431456451, -0.000038558660889975],
            [-122.059291811986, 37.0006520667852, -0.000038558660889975],
            [-122.059293436145, 37.0006609632999, -0.000038558660889975],
            [-122.059295284437, 37.0006698315857, -0.000038558660889975],
            [-122.059297356788, 37.0006786680387, -0.000038558660889975],
            [-122.059299650876, 37.0006874690852, -0.000038558660889975],
            [-122.059302166627, 37.0006962311212, -0.000038558660889975],
            [-122.059304902842, 37.0007049505582, -0.000038558660889975],
            [-122.059307858324, 37.0007136238073, -0.000038558660889975],
            [-122.059311031893, 37.0007222481806, -0.000038558660889975],
            [-122.059314422313, 37.0007308182875, -0.000038558660889975],
            [-122.059318028405, 37.0007393314402, -0.000038558660889975],
            [-122.05932184899, 37.0007477849508, -0.000038558660889975],
            [-122.059325881728, 37.0007561743445, -0.000038558660889975],
            [-122.059330125439, 37.0007644969336, -0.000038558660889975],
            [-122.059334577783, 37.0007727482433, -0.000038558660889975],
            [-122.0593392376, 37.0007809264869, -0.000038558660889975],
            [-122.059344102549, 37.0007890271893, -0.000038558660889975],
            [-122.059349170309, 37.0007970467771, -0.000038558660889975],
            [-122.0593544397, 37.0008049825622, -0.000038558660889975],
            [-122.059359908421, 37.0008128318718, -0.000038558660889975],
            [-122.05936557413, 37.0008205902313, -0.000038558660889975],
            [-122.059330926105, 37.0008381336574, -0.000038558660889975],
            [-122.059325159071, 37.0008418849054, -0.000038558660889975],
            [-122.059320076172, 37.0008464407884, -0.000038558660889975],
            [-122.059317640768, 37.0008517678562, -0.000038558660889975],
            [-122.059317542314, 37.000856006589, -0.000038558660889975],
            [-122.059319076089, 37.0008609309447, -0.000038558660889975],
            [-122.05937514942, 37.0009376175508, -0.000038558660889975],
            [-122.059380542047, 37.0009462383981, -0.000038558660889975],
            [-122.05938573295, 37.0009549385429, -0.000038558660889975],
            [-122.059390719828, 37.0009637153125, -0.000038558660889975],
            [-122.059395500358, 37.000972565133, -0.000038558660889975],
            [-122.059400073362, 37.0009814853167, -0.000038558660889975],
            [-122.059404436535, 37.0009904731908, -0.000038558660889975],
            [-122.059408588661, 37.0009995242656, -0.000038558660889975],
            [-122.059412529704, 37.0010086367393, -0.000038558660889975],
            [-122.059416256217, 37.0010178070531, -0.000038558660889975],
            [-122.059419767003, 37.0010270316184, -0.000038558660889975],
            [-122.059423061986, 37.0010363068312, -0.000038558660889975],
            [-122.059426618731, 37.001047202498, -0.000038558660889975],
            [-122.05942848426, 37.001053330019, -0.000038558660889975],
            [-122.059429785842, 37.001058975729, -0.000038558660889975],
            [-122.059431304888, 37.0010670301291, -0.000038558660889975],
            [-122.059432251415, 37.0010734330823, -0.000038558660889975],
            [-122.059432983711, 37.0010798542193, -0.000038558660889975],
            [-122.059433501683, 37.0010862890352, -0.000038558660889975],
            [-122.059433805219, 37.0010927321245, -0.000038558660889975],
            [-122.059433894243, 37.0010991798834, -0.000038558660889975],
            [-122.059433767521, 37.0011056269211, -0.000038558660889975],
            [-122.059433427223, 37.001112069604, -0.000038558660889975],
            [-122.059432870971, 37.0011185016554, -0.000038558660889975],
            [-122.059432100958, 37.0011249203425, -0.000038558660889975],
            [-122.059431117069, 37.0011313202596, -0.000038558660889975],
            [-122.059429921439, 37.0011376959709, -0.000038558660889975],
            [-122.059428512889, 37.0011440447887, -0.000038558660889975],
            [-122.059426892411, 37.0011503603914, -0.000038558660889975],
            [-122.059425063299, 37.00115663913, -0.000038558660889975],
            [-122.059423024337, 37.001162876515, -0.000038558660889975],
            [-122.059420779925, 37.0011690679814, -0.000038558660889975],
            [-122.059418328845, 37.0011752090396, -0.000038558660889975],
            [-122.059415673251, 37.0011812951549, -0.000038558660889975],
            [-122.05941281756, 37.0011873226633, -0.000038558660889975],
            [-122.059409760538, 37.0011932861742, -0.000038558660889975],
            [-122.05940650662, 37.0011991829247, -0.000038558660889975],
            [-122.059403056799, 37.0012050065931, -0.000038558660889975],
            [-122.059399414408, 37.0012107553326, -0.000038558660889975],
            [-122.05939369931, 37.0012179268244, -0.000038558660889975],
            [-122.059387825153, 37.0012250139273, -0.000038558660889975],
            [-122.059381791917, 37.0012320157401, -0.000038558660889975],
            [-122.059375602917, 37.001238929515, -0.000038558660889975],
            [-122.059369259202, 37.0012457516332, -0.000038558660889975],
            [-122.05936276414, 37.0012524820496, -0.000038558660889975],
            [-122.05935611878, 37.0012591171454, -0.000038558660889975],
            [-122.059349324227, 37.0012656560046, -0.000038558660889975],
            [-122.059342386023, 37.0012720949484, -0.000038558660889975],
            [-122.059335303006, 37.0012784321897, -0.000038558660889975],
            [-122.059332651399, 37.0012820066203, -0.000038558660889975],
            [-122.059329770614, 37.0012870431479, -0.000038558660889975],
            [-122.05932812441, 37.0012909853462, -0.000038558660889975],
            [-122.059327009898, 37.0012950466057, -0.000038558660889975],
            [-122.059326252421, 37.0013005549179, -0.000038558660889975],
            [-122.05932637877, 37.0013060955761, -0.000038558660889975],
            [-122.059327025155, 37.0013102207168, -0.000038558660889975],
            [-122.059328214878, 37.0013142683026, -0.000038558660889975],
            [-122.059246848245, 37.0012481491631, -0.000038558660889975]
          ]
        ]
      },
      "properties": {
        "OBJECTID": 56,
        "CODE": "PKG",
        "NAME": "College Ten",
        "NUMBER": 164,
        "Location": "Social Science 2/College Ten",
        "Permit_Type": "A, B, N",
        "Handicapped": "No",
        "Meters": "No",
        "Comments": null,
        "Paystations": "No",
        "Paystation_Limit": null,
        "Meter_Limit": null,
        "Permit_Days": "All",
        "Permit_Period": "7:00am - 8:30pm",
        "NUM": "164",
        "GlobalID": "eefa9f41-80c3-45e0-88b1-6a764f5c4dde"
      }
    },
    {
      "type": "Feature",
      "id": 57,
      "geometry": {
        "type": "Polygon",
        "coordinates": [
          [
            [-122.057784119913, 37.0015121961152, 0],
            [-122.057800768911, 37.0015266182276, 0],
            [-122.057820254754, 37.0015385367917, 0],
            [-122.057841999345, 37.0015475999487, 0],
            [-122.057865360011, 37.0015535387106, 0],
            [-122.05788964321, 37.0015561775924, 0],
            [-122.057883596157, 37.0015567837334, 0],
            [-122.05787788651, 37.0015580549564, 0],
            [-122.057870550719, 37.0015608826264, 0],
            [-122.05786511356, 37.0015639679194, 0],
            [-122.057860884877, 37.0015672984223, 0],
            [-122.057857298206, 37.0015710826653, 0],
            [-122.057854428284, 37.0015752403455, 0],
            [-122.057852334031, 37.001579686865, 0],
            [-122.057851059576, 37.0015843288118, 0],
            [-122.057850684906, 37.0015896634782, 0],
            [-122.057851850115, 37.0015971891146, 0],
            [-122.057853825759, 37.0016018606613, 0],
            [-122.05785745818, 37.001608021389, 0],
            [-122.057861257883, 37.0016140672336, 0],
            [-122.057865243644, 37.0016200366957, 0],
            [-122.057869414209, 37.0016259234839, 0],
            [-122.057873766152, 37.0016317249401, 0],
            [-122.057878298294, 37.0016374383767, 0],
            [-122.057883004925, 37.0016430593637, 0],
            [-122.057887885951, 37.0016485833964, 0],
            [-122.057892936861, 37.0016540096339, 0],
            [-122.057898155277, 37.0016593317996, 0],
            [-122.057903536686, 37.0016645490525, 0],
            [-122.057909078731, 37.0016696560169, 0],
            [-122.057914778023, 37.0016746518367, 0],
            [-122.05792063108, 37.0016795311514, 0],
            [-122.057924406684, 37.001682791724, 0],
            [-122.057928019519, 37.0016861680203, 0],
            [-122.057931467209, 37.0016896537639, 0],
            [-122.057934742937, 37.001693245441, 0],
            [-122.057937840939, 37.0016969359191, 0],
            [-122.05794075775, 37.0017007207383, 0],
            [-122.057943488766, 37.0017045945531, 0],
            [-122.057946030447, 37.0017085493, 0],
            [-122.057948377103, 37.0017125814502, 0],
            [-122.057950526319, 37.0017166829252, 0],
            [-122.057952475755, 37.0017208492503, 0],
            [-122.057954220767, 37.001725073278, 0],
            [-122.05795575896, 37.0017293478307, 0],
            [-122.057957089097, 37.0017336675176, 0],
            [-122.057958207679, 37.0017380260774, 0],
            [-122.057959114536, 37.0017424154014, 0],
            [-122.057959808434, 37.001746830099, 0],
            [-122.057960285852, 37.0017512630076, 0],
            [-122.057960548907, 37.0017557077907, 0],
            [-122.057960529543, 37.0017619199824, 0],
            [-122.058028852453, 37.0017491668296, 0],
            [-122.05803045997, 37.0017537495653, 0],
            [-122.058033344194, 37.0017619722989, 0],
            [-122.058029295843, 37.0017747476211, 0],
            [-122.057956057855, 37.0017911639746, 0],
            [-122.057953128592, 37.0017982549363, 0],
            [-122.057945612861, 37.0018164485761, 0],
            [-122.058020660568, 37.0018011471725, 0],
            [-122.058012768478, 37.0018269744537, 0],
            [-122.057934616273, 37.0018446072417, 0],
            [-122.057891786791, 37.0018687733114, 0],
            [-122.057874688287, 37.0018784957051, 0],
            [-122.057858249656, 37.0018869881669, 0],
            [-122.05785116975, 37.0018901819083, 0],
            [-122.057846792752, 37.0018919976807, 0],
            [-122.057842318123, 37.0018936570474, 0],
            [-122.057837757004, 37.0018951553539, 0],
            [-122.057833118324, 37.0018964897772, 0],
            [-122.057828409929, 37.0018976593114, 0],
            [-122.057823641852, 37.0018986602177, 0],
            [-122.057818823043, 37.0018994905743, 0],
            [-122.057813963612, 37.0019001502461, 0],
            [-122.057809072471, 37.0019006355094, 0],
            [-122.057804158624, 37.0019009471451, 0],
            [-122.057758820386, 37.0019017976162, 0],
            [-122.057752538304, 37.001901854456, 0],
            [-122.057747067524, 37.0019013723634, 0],
            [-122.057741874028, 37.0019002827682, 0],
            [-122.057736931249, 37.0018986049502, 0],
            [-122.057731225703, 37.0018964479674, 0],
            [-122.05772146388, 37.0018930447172, 0],
            [-122.057709169711, 37.0018891679037, 0],
            [-122.057695757664, 37.0018847553839, 0],
            [-122.057690562695, 37.0018827826356, 0],
            [-122.057685535348, 37.0018805490064, 0],
            [-122.057680744203, 37.0018780022125, 0],
            [-122.057676166061, 37.0018752155606, 0],
            [-122.057671941125, 37.0018723935522, 0],
            [-122.057667855108, 37.0018694435219, 0],
            [-122.057663912597, 37.0018663699143, 0],
            [-122.057660121548, 37.0018631771291, 0],
            [-122.057656485424, 37.0018598696261, 0],
            [-122.057653009955, 37.001856452736, 0],
            [-122.057649700869, 37.0018529317896, 0],
            [-122.057646563857, 37.0018493103156, 0],
            [-122.057643601316, 37.0018455954916, 0],
            [-122.057640820078, 37.0018417917323, 0],
            [-122.057638222541, 37.0018379062154, 0],
            [-122.057635813271, 37.0018339424846, 0],
            [-122.057633578005, 37.0018284552146, 0],
            [-122.057625917667, 37.001809636908, 0],
            [-122.057623457571, 37.0018034947675, 0],
            [-122.057622767376, 37.0017964422228, 0],
            [-122.057622316241, 37.0017801186036, 0],
            [-122.05762599873, 37.0017580487562, 0],
            [-122.057638355967, 37.0017283669612, 0],
            [-122.05765235872, 37.0017086736632, 0],
            [-122.05766570324, 37.0016951082612, 0],
            [-122.057669653289, 37.0016916156658, 0],
            [-122.057678702783, 37.0016846818174, 0],
            [-122.057688914226, 37.0016781875583, 0],
            [-122.057693655083, 37.0016751719501, 0],
            [-122.057723091237, 37.0017082375862, 0],
            [-122.057697170975, 37.0017318056298, 0],
            [-122.057682282423, 37.0017583553309, 0],
            [-122.057680127459, 37.0017860805086, 0],
            [-122.057700890932, 37.0017982713194, 0],
            [-122.057721969009, 37.0017942202056, 0],
            [-122.057754554759, 37.0017765624132, 0],
            [-122.057772492128, 37.0017970251574, 0],
            [-122.057788848053, 37.0017878507065, 0],
            [-122.057807886142, 37.0018012009418, 0],
            [-122.057823009873, 37.0018118052305, 0],
            [-122.057851768753, 37.0018079056745, 0],
            [-122.057867088076, 37.0018000004175, 0],
            [-122.05789537653, 37.0017854009425, 0],
            [-122.057911059733, 37.0017777044039, 0],
            [-122.057912022234, 37.0017736235601, 0],
            [-122.057912769529, 37.0017695140481, 0],
            [-122.057913299522, 37.0017653831055, 0],
            [-122.057913610115, 37.0017612379698, 0],
            [-122.057913703705, 37.0017570858186, 0],
            [-122.057913410381, 37.0017526441432, 0],
            [-122.057912294363, 37.0017467850601, 0],
            [-122.057910918378, 37.001742475898, 0],
            [-122.05790886358, 37.0017374016739, 0],
            [-122.057906633378, 37.0017323757529, 0],
            [-122.057904231179, 37.0017273998918, 0],
            [-122.05790089738, 37.0017211729956, 0],
            [-122.057897525269, 37.0017160776098, 0],
            [-122.05789348887, 37.0017112416262, 0],
            [-122.057890038168, 37.0017077189727, 0],
            [-122.057886284994, 37.0017044022254, 0],
            [-122.057880932295, 37.0017002975635, 0],
            [-122.057875248399, 37.0016966389089, 0],
            [-122.057868966264, 37.0016932820315, 0],
            [-122.057864401833, 37.0016912098511, 0],
            [-122.057859412753, 37.0016893037532, 0],
            [-122.057854294826, 37.0016876318838, 0],
            [-122.057849039306, 37.0016862601467, 0],
            [-122.057840538483, 37.0016845487341, 0],
            [-122.057833738023, 37.0016835031297, 0],
            [-122.057826873322, 37.0016827728995, 0],
            [-122.057817568526, 37.0016822239465, 0],
            [-122.05780793955, 37.0016822425677, 0],
            [-122.057800734218, 37.0016826406736, 0],
            [-122.057793941675, 37.0016832756887, 0],
            [-122.057787172493, 37.0016840617922, 0],
            [-122.057780434572, 37.001685000681, 0],
            [-122.057772170186, 37.0016863979308, 0],
            [-122.057766019307, 37.0016879030415, 0],
            [-122.057760110916, 37.0016899393226, 0],
            [-122.05775437803, 37.0016924193512, 0],
            [-122.057750172883, 37.0016944482111, 0],
            [-122.057745092928, 37.0016971502274, 0],
            [-122.057739427194, 37.0016997257866, 0],
            [-122.05773415656, 37.0016963806304, 0],
            [-122.05770799569, 37.0016669941022, 0],
            [-122.057715291821, 37.0016628503271, 0],
            [-122.057729722611, 37.0016559320434, 0],
            [-122.057735470498, 37.0016532003824, 0],
            [-122.057742192542, 37.0016499267135, 0],
            [-122.057745709902, 37.0016451845287, 0],
            [-122.057749329874, 37.0016419757078, 0],
            [-122.057752792512, 37.0016386572393, 0],
            [-122.057756092292, 37.0016352337031, 0],
            [-122.057759225956, 37.0016317105496, 0],
            [-122.057762186878, 37.0016280932747, 0],
            [-122.05776469615, 37.0016240449507, 0],
            [-122.057767028766, 37.0016199304946, 0],
            [-122.057769183658, 37.0016157526241, 0],
            [-122.057771156483, 37.0016115186069, 0],
            [-122.05777294505, 37.0016072311757, 0],
            [-122.057774548386, 37.0016028975532, 0],
            [-122.057775960706, 37.0015985097058, 0],
            [-122.057778249292, 37.0015911371184, 0],
            [-122.057779496396, 37.0015866388276, 0],
            [-122.057781014034, 37.0015803417455, 0],
            [-122.057782180357, 37.0015749289197, 0],
            [-122.057783158886, 37.0015693464732, 0],
            [-122.05778425256, 37.0015612454534, 0],
            [-122.057784940901, 37.0015549990964, 0],
            [-122.057785401435, 37.0015496326432, 0],
            [-122.057785703396, 37.0015442592953, 0],
            [-122.057785863495, 37.0015384390467, 0],
            [-122.057785863993, 37.0015326164232, 0],
            [-122.057785724493, 37.001528169089, 0],
            [-122.057785424437, 37.0015237275034, 0],
            [-122.057784851826, 37.0015179557893, 0],
            [-122.057784119913, 37.0015121961152, 0]
          ]
        ]
      },
      "properties": {
        "OBJECTID": 57,
        "CODE": "PKG",
        "NAME": "College Nine",
        "NUMBER": 166,
        "Location": "Social Sience 1/College Nine",
        "Permit_Type": "A, B, MC, N, Disability, Medical",
        "Handicapped": "Yes",
        "Meters": "No",
        "Comments": "Permits required 24/7.",
        "Paystations": "No",
        "Paystation_Limit": null,
        "Meter_Limit": null,
        "Permit_Days": "All",
        "Permit_Period": "All",
        "NUM": "166",
        "GlobalID": "dd4fd94b-3b35-4add-a7a1-f081cae34894"
      }
    },
    {
      "type": "Feature",
      "id": 58,
      "geometry": {
        "type": "Polygon",
        "coordinates": [
          [
            [-122.061207311996, 37.001165184804, 0],
            [-122.061214409652, 37.0011754941234, 0],
            [-122.06122356196, 37.001184702625, 0],
            [-122.061234507354, 37.001192551561, 0],
            [-122.061246938965, 37.0011988188372, 0],
            [-122.061260503644, 37.0012033262363, 0],
            [-122.061274817857, 37.0012059473159, 0],
            [-122.061266539484, 37.0012095835701, 0],
            [-122.061261048464, 37.0012145550441, 0],
            [-122.061257973357, 37.0012207225174, 0],
            [-122.061257421309, 37.0012273491815, 0],
            [-122.0612591578, 37.0012328836134, 0],
            [-122.061261992152, 37.0012370722891, 0],
            [-122.061266033393, 37.0012405653134, 0],
            [-122.061270925644, 37.0012432692184, 0],
            [-122.061276363224, 37.0012462614175, 0],
            [-122.061280869412, 37.0012486631808, 0],
            [-122.06128549826, 37.0012509119018, 0],
            [-122.061290240689, 37.0012530031959, 0],
            [-122.061295087637, 37.0012549335797, 0],
            [-122.06130003227, 37.0012566986385, 0],
            [-122.061305063319, 37.0012582967208, 0],
            [-122.06131017395, 37.0012597234121, 0],
            [-122.061315355158, 37.0012609779317, 0],
            [-122.061320156334, 37.0012621663423, 0],
            [-122.061301078142, 37.0012912031122, 0],
            [-122.061284073551, 37.0013165938325, 0],
            [-122.061278981974, 37.0013176496771, 0],
            [-122.061274170131, 37.0013193515396, 0],
            [-122.061269667938, 37.0013216791936, 0],
            [-122.061265696402, 37.0013245620918, 0],
            [-122.061262361804, 37.0013279240131, 0],
            [-122.06125975217, 37.0013316754624, 0],
            [-122.061257936226, 37.0013357172898, 0],
            [-122.061256963413, 37.0013399415916, 0],
            [-122.061256858386, 37.0013442371909, 0],
            [-122.061257624361, 37.0013484886917, 0],
            [-122.061259241043, 37.0013525846174, 0],
            [-122.061222045184, 37.0014084950289, 0],
            [-122.0611677607, 37.001391825651, 0],
            [-122.061162522322, 37.0013920363316, 0],
            [-122.061155606612, 37.0013928516278, 0],
            [-122.061148854616, 37.0013942991742, 0],
            [-122.061142353559, 37.0013963588787, 0],
            [-122.061137683172, 37.0013982715247, 0],
            [-122.061133261659, 37.0014005350101, 0],
            [-122.061129070371, 37.0014030630696, 0],
            [-122.061124352921, 37.0014060622847, 0],
            [-122.061119917405, 37.0014093271845, 0],
            [-122.0611158658, 37.0014128987606, 0],
            [-122.061111023012, 37.0014180291758, 0],
            [-122.061106899573, 37.001423549195, 0],
            [-122.061103543576, 37.0014293941899, 0],
            [-122.061100994037, 37.0014354951477, 0],
            [-122.061099602963, 37.0014401927647, 0],
            [-122.061098745046, 37.0014449715651, 0],
            [-122.06109831825, 37.0014497878541, 0],
            [-122.061098434383, 37.0014546149026, 0],
            [-122.061099310139, 37.0014610115817, 0],
            [-122.061100505216, 37.0014657439873, 0],
            [-122.061102225077, 37.0014703711407, 0],
            [-122.061105201093, 37.0014763467967, 0],
            [-122.061107927742, 37.0014806513691, 0],
            [-122.061111127463, 37.0014847414355, 0],
            [-122.061115985719, 37.0014898619055, 0],
            [-122.061120595707, 37.0014940664785, 0],
            [-122.061124105892, 37.0014981731179, 0],
            [-122.061236054124, 37.0016291913502, 0],
            [-122.061307661523, 37.001590712767, 0],
            [-122.061312558135, 37.0015972439872, 0],
            [-122.061235451283, 37.0016394261773, 0],
            [-122.061197206342, 37.0015959172742, 0],
            [-122.061192065085, 37.0015929652644, 0],
            [-122.061186799895, 37.0015901591039, 0],
            [-122.061181415321, 37.0015875014355, 0],
            [-122.061175918195, 37.0015849966736, 0],
            [-122.061170316419, 37.0015826465149, 0],
            [-122.06116461456, 37.0015804545031, 0],
            [-122.061158821681, 37.0015784241216, 0],
            [-122.061152944538, 37.0015765561812, 0],
            [-122.061144799215, 37.0015748690899, 0],
            [-122.061140472922, 37.0015731218851, 0],
            [-122.061133519481, 37.0015716919069, 0],
            [-122.061126595948, 37.0015706733742, 0],
            [-122.061117899351, 37.0015691684892, 0],
            [-122.061110037939, 37.0015682201812, 0],
            [-122.061103745486, 37.0015677231057, 0],
            [-122.061097436487, 37.0015674028854, 0],
            [-122.061091116558, 37.0015672594453, 0],
            [-122.061084794685, 37.001567292665, 0],
            [-122.061078477608, 37.0015675024544, 0],
            [-122.061072174314, 37.0015678886933, 0],
            [-122.061065891543, 37.0015684512914, 0],
            [-122.061059636014, 37.0015691892577, 0],
            [-122.061053417839, 37.0015701024569, 0],
            [-122.061047241453, 37.001571188126, 0],
            [-122.061041116967, 37.0015724461298, 0],
            [-122.061035051083, 37.0015738745763, 0],
            [-122.061029051626, 37.0015754715583, 0],
            [-122.061023124194, 37.0015772360997, 0],
            [-122.061017276595, 37.0015791653926, 0],
            [-122.061011517757, 37.0015812566139, 0],
            [-122.061005853261, 37.0015835078866, 0],
            [-122.061106058427, 37.0016124779406, 0],
            [-122.061125386698, 37.0016180906053, 0],
            [-122.061210892354, 37.0016428233773, 0],
            [-122.061231245144, 37.0016482628038, 0],
            [-122.061223426147, 37.0016683135803, 0],
            [-122.061202556345, 37.0016624890508, 0],
            [-122.060975837092, 37.0015985268647, 0],
            [-122.060977709282, 37.0015936227471, 0],
            [-122.060984668203, 37.0015753813789, 0],
            [-122.060934239638, 37.001560806948, 0],
            [-122.060936131131, 37.001555912486, 0],
            [-122.060940961135, 37.0015434131786, 0],
            [-122.060950986865, 37.0015174688229, 0],
            [-122.060951514919, 37.001511686, 0],
            [-122.060944587482, 37.0015065355302, 0],
            [-122.060939648643, 37.0015026183252, 0],
            [-122.060935103665, 37.0014984056659, 0],
            [-122.060930893484, 37.0014939749441, 0],
            [-122.06092712423, 37.0014892968027, 0],
            [-122.060923724277, 37.0014844388886, 0],
            [-122.060920804512, 37.001479384398, 0],
            [-122.06091757547, 37.0014724253143, 0],
            [-122.06091516677, 37.0014652551902, 0],
            [-122.060913876454, 37.0014597246972, 0],
            [-122.060913125825, 37.0014541031728, 0],
            [-122.06091286464, 37.0014465690731, 0],
            [-122.060913491403, 37.0014390492285, 0],
            [-122.060914514387, 37.0014334544424, 0],
            [-122.060967340884, 37.0013726758303, 0],
            [-122.06102501283, 37.0014019248169, 0],
            [-122.061028609153, 37.0014046091221, 0],
            [-122.06103273791, 37.0014067455865, 0],
            [-122.061037270723, 37.0014082665356, 0],
            [-122.061042681194, 37.0014091449052, 0],
            [-122.061049424496, 37.001409115962, 0],
            [-122.0610553854, 37.0014089614065, 0],
            [-122.061060936894, 37.0014055995687, 0],
            [-122.061066269461, 37.0014024082822, 0],
            [-122.061067569062, 37.0013967701408, 0],
            [-122.061066180429, 37.001389322321, 0],
            [-122.061060548602, 37.0013839598648, 0],
            [-122.061006448141, 37.0013547424164, 0],
            [-122.06104174849, 37.0013131963492, 0],
            [-122.061110493357, 37.0012322882765, 0],
            [-122.061158642509, 37.0012556950996, 0],
            [-122.061166302892, 37.0012574598728, 0],
            [-122.06117426892, 37.0012572271125, 0],
            [-122.061179696202, 37.001255781069, 0],
            [-122.061185329067, 37.0012526587553, 0],
            [-122.061190826443, 37.0012468581007, 0],
            [-122.061194854265, 37.0012400371312, 0],
            [-122.061197250665, 37.0012356495895, 0],
            [-122.061199440003, 37.0012311927229, 0],
            [-122.061201421305, 37.001226673754, 0],
            [-122.061203191314, 37.0012220981336, 0],
            [-122.061204745687, 37.0012174731294, 0],
            [-122.061206084536, 37.0012128041469, 0],
            [-122.061207205764, 37.0012080984239, 0],
            [-122.061208106152, 37.001203363213, 0],
            [-122.061208785813, 37.0011986039198, 0],
            [-122.061209242648, 37.0011938277821, 0],
            [-122.061209477914, 37.0011890410913, 0],
            [-122.061209489494, 37.0011842501842, 0],
            [-122.061209278681, 37.0011794631541, 0],
            [-122.061208844464, 37.0011746854219, 0],
            [-122.06120818922, 37.001169923264, 0],
            [-122.061207311996, 37.001165184804, 0]
          ],
          [
            [-122.060953050838, 37.0014905053948, 0],
            [-122.060958849855, 37.0014930475829, 0],
            [-122.060965094503, 37.0014923809619, 0],
            [-122.060969694394, 37.0014894554218, 0],
            [-122.06097297936, 37.0014859211438, 0],
            [-122.060975297256, 37.0014822420952, 0],
            [-122.060976920566, 37.001477797312, 0],
            [-122.060977580944, 37.0014721641193, 0],
            [-122.060977026035, 37.0014680656996, 0],
            [-122.060975640113, 37.001464097356, 0],
            [-122.06097309852, 37.0014599381007, 0],
            [-122.060931421852, 37.0014357479818, 0],
            [-122.060930533522, 37.0014406857979, 0],
            [-122.060929800138, 37.0014469688273, 0],
            [-122.060929809825, 37.0014517026744, 0],
            [-122.060930378634, 37.0014564155232, 0],
            [-122.060931876005, 37.0014626092289, 0],
            [-122.060934241646, 37.0014686273005, 0],
            [-122.060936542462, 37.0014729871397, 0],
            [-122.060939348234, 37.0014771527744, 0],
            [-122.060943726981, 37.0014823950198, 0],
            [-122.060948820326, 37.0014872041427, 0],
            [-122.060953050838, 37.0014905053948, 0]
          ]
        ]
      },
      "properties": {
        "OBJECTID": 58,
        "CODE": "PKG",
        "NAME": "Heat Plant",
        "NUMBER": 123,
        "Location": "Heating Plant",
        "Permit_Type": "A, B, MC, N, Disability, Medical",
        "Handicapped": "Yes",
        "Meters": "No",
        "Comments": null,
        "Paystations": "No",
        "Paystation_Limit": null,
        "Meter_Limit": null,
        "Permit_Days": "M - F",
        "Permit_Period": "7:00am - 8:30pm",
        "NUM": "123",
        "GlobalID": "20ea478c-4a84-4467-a495-db394703f672"
      }
    },
    {
      "type": "Feature",
      "id": 59,
      "geometry": {
        "type": "Polygon",
        "coordinates": [
          [
            [-122.062030944455, 37.0005500517582, -0.000038558660889975],
            [-122.062071126529, 37.0006256332134, -0.000038558660889975],
            [-122.062072381196, 37.0006351699834, -0.000038558660889975],
            [-122.062073653805, 37.0006420597034, -0.000038558660889975],
            [-122.062075055292, 37.0006489332788, -0.000038558660889975],
            [-122.062076956044, 37.0006581468814, -0.000038558660889975],
            [-122.062078727938, 37.0006673775295, -0.000038558660889975],
            [-122.062080369812, 37.0006766234365, -0.000038558660889975],
            [-122.062081591124, 37.0006840176112, -0.000038558660889975],
            [-122.062082733974, 37.0006914209473, -0.000038558660889975],
            [-122.062083610379, 37.0006970353738, -0.000038558660889975],
            [-122.062085275382, 37.0007048012087, -0.000038558660889975],
            [-122.061956878378, 37.0007667299713, -0.000038558660889975],
            [-122.061916401007, 37.0007769497996, -0.000038558660889975],
            [-122.061910090689, 37.0007584218978, -0.000038558660889975],
            [-122.06190862538, 37.0007541500238, -0.000038558660889975],
            [-122.061906322832, 37.0007475489547, -0.000038558660889975],
            [-122.06190150261, 37.000733727872, -0.000038558660889975],
            [-122.061893807944, 37.0007121724631, -0.000038558660889975],
            [-122.061888466794, 37.0006981015131, -0.000038558660889975],
            [-122.061883324654, 37.000683982839, -0.000038558660889975],
            [-122.061878380456, 37.0006698191586, -0.000038558660889975],
            [-122.061871726851, 37.0006527738105, -0.000038558660889975],
            [-122.061865237546, 37.0006356866101, -0.000038558660889975],
            [-122.061858912599, 37.0006185602601, -0.000038558660889975],
            [-122.061852752027, 37.0006013956615, -0.000038558660889975],
            [-122.061866012825, 37.0005984848152, -0.000038558660889975],
            [-122.061879238928, 37.0005954725968, -0.000038558660889975],
            [-122.061894013556, 37.0005906886244, -0.000038558660889975],
            [-122.061896370245, 37.0005869874088, -0.000038558660889975],
            [-122.06189911831, 37.0005834656985, -0.000038558660889975],
            [-122.061902164088, 37.0005801040202, -0.000038558660889975],
            [-122.061905560617, 37.0005769674508, -0.000038558660889975],
            [-122.061899722661, 37.0005584602611, -0.000038558660889975],
            [-122.061893519196, 37.0005425822442, -0.000038558660889975],
            [-122.061905955512, 37.0005397374036, -0.000038558660889975],
            [-122.061918414576, 37.0005369598468, -0.000038558660889975],
            [-122.061966100706, 37.0005258171106, -0.000038558660889975],
            [-122.062013809514, 37.0005147389371, -0.000038558660889975],
            [-122.062026613075, 37.0005461147511, -0.000038558660889975],
            [-122.062030944455, 37.0005500517582, -0.000038558660889975]
          ]
        ]
      },
      "properties": {
        "OBJECTID": 59,
        "CODE": "PKG",
        "NAME": "Communications",
        "NUMBER": 139,
        "Location": "Baskin Engineering II",
        "Permit_Type": "Disability, Medical",
        "Handicapped": "Yes",
        "Meters": "Yes",
        "Comments": null,
        "Paystations": "No",
        "Paystation_Limit": null,
        "Meter_Limit": "30min",
        "Permit_Days": "M - F",
        "Permit_Period": "7:00am - 8:30pm",
        "NUM": "139B",
        "GlobalID": "d3fb77a8-7a98-4427-9969-9800f3d0223b"
      }
    },
    {
      "type": "Feature",
      "id": 60,
      "geometry": {
        "type": "Polygon",
        "coordinates": [
          [
            [-122.063838212133, 37.0002906238601, -0.000038558660889975],
            [-122.063855706772, 37.0002822795043, -0.000038558660889975],
            [-122.06386331675, 37.0002710035783, -0.000038558660889975],
            [-122.063866709726, 37.0002659753893, -0.000038558660889975],
            [-122.063874088372, 37.0002502840029, -0.000038558660889975],
            [-122.063868822145, 37.0002160983573, -0.000038558660889975],
            [-122.063861364543, 37.0002094501704, -0.000038558660889975],
            [-122.063851359628, 37.0002005308699, -0.000038558660889975],
            [-122.06384649858, 37.0001961981948, -0.000038558660889975],
            [-122.063842142417, 37.0001923156581, -0.000038558660889975],
            [-122.063820215586, 37.0001900537744, -0.000038558660889975],
            [-122.063795174759, 37.0001883599235, -0.000038558660889975],
            [-122.063814841556, 37.0001091155606, -0.000038558660889975],
            [-122.063816258475, 37.0001034028167, -0.000038558660889975],
            [-122.063817528298, 37.0000982877345, -0.000038558660889975],
            [-122.063872797761, 37.0000890152822, -0.000038558660889975],
            [-122.063921284745, 37.000070175611, -0.000038558660889975],
            [-122.063947131089, 37.0000442586292, -0.000038558660889975],
            [-122.063952715906, 37.0000047078059, -0.000038558660889975],
            [-122.063947106418, 36.9999619762245, -0.000038558660889975],
            [-122.063942322513, 36.999925541042, -0.000038558660889975],
            [-122.063937429121, 36.9998882728203, -0.000038558660889975],
            [-122.063903537623, 36.999783033143, -0.000038558660889975],
            [-122.063860239483, 36.9996808628512, -0.000038558660889975],
            [-122.063843431695, 36.9996486649432, -0.000038558660889975],
            [-122.063820312487, 36.999604374681, -0.000038558660889975],
            [-122.063790955058, 36.9995590541528, -0.000038558660889975],
            [-122.063779437669, 36.9995445154408, -0.000038558660889975],
            [-122.063774790772, 36.9995386487623, -0.000038558660889975],
            [-122.063761915206, 36.9995223952546, -0.000038558660889975],
            [-122.063747200984, 36.9995084914735, -0.000038558660889975],
            [-122.06388424929, 36.999479831311, -0.000038558660889975],
            [-122.063875270372, 36.9994953431827, -0.000038558660889975],
            [-122.06386963472, 36.9995222626285, -0.000038558660889975],
            [-122.063872200641, 36.9995377765556, -0.000038558660889975],
            [-122.063877498645, 36.9995577436155, -0.000038558660889975],
            [-122.063889128186, 36.9995885564014, -0.000038558660889975],
            [-122.063905180704, 36.999632390747, -0.000038558660889975],
            [-122.063912350133, 36.999638368699, -0.000038558660889975],
            [-122.063923769547, 36.9996400072004, -0.000038558660889975],
            [-122.063950299543, 36.9996349896839, -0.000038558660889975],
            [-122.063977919814, 36.9996292365896, -0.000038558660889975],
            [-122.064004965427, 36.9996940403642, -0.000038558660889975],
            [-122.064058538598, 36.999830754459, -0.000038558660889975],
            [-122.06403071412, 36.9998367941856, -0.000038558660889975],
            [-122.064002889657, 36.9998428348065, -0.000038558660889975],
            [-122.064000363782, 36.9998468762825, -0.000038558660889975],
            [-122.063998076056, 36.9998505378664, -0.000038558660889975],
            [-122.063995905738, 36.9998540104276, -0.000038558660889975],
            [-122.063992477396, 36.9998594969019, -0.000038558660889975],
            [-122.064000922478, 36.9998935840537, -0.000038558660889975],
            [-122.064008223149, 36.9999285048316, -0.000038558660889975],
            [-122.064014692854, 36.9999329303866, -0.000038558660889975],
            [-122.064018398463, 36.9999354653389, -0.000038558660889975],
            [-122.06402435865, 36.9999395417517, -0.000038558660889975],
            [-122.064053548547, 36.9999398749995, -0.000038558660889975],
            [-122.064082738425, 36.9999402073392, -0.000038558660889975],
            [-122.064083371874, 36.9999514637885, -0.000038558660889975],
            [-122.06407911676, 37.0000345461554, -0.000038558660889975],
            [-122.064072651133, 37.0000832099654, -0.000038558660889975],
            [-122.064049676379, 37.0001733274843, -0.000038558660889975],
            [-122.06401293539, 37.000177069732, -0.000038558660889975],
            [-122.063986695945, 37.000182343811, -0.000038558660889975],
            [-122.063980103147, 37.0001872716079, -0.000038558660889975],
            [-122.063952779428, 37.0002076975917, -0.000038558660889975],
            [-122.063944955265, 37.0002135466931, -0.000038558660889975],
            [-122.063942584967, 37.0002305551839, -0.000038558660889975],
            [-122.063938195922, 37.000262085561, -0.000038558660889975],
            [-122.06395050883, 37.0002977015663, -0.000038558660889975],
            [-122.063958742683, 37.0003067680635, -0.000038558660889975],
            [-122.063971463886, 37.0003121543051, -0.000038558660889975],
            [-122.063838212133, 37.0002906238601, -0.000038558660889975]
          ]
        ]
      },
      "properties": {
        "OBJECTID": 60,
        "CODE": "PKG",
        "NAME": "Baskin Engineering",
        "NUMBER": 138,
        "Location": "Baskin Engineering",
        "Permit_Type": "A, B, MC, N, Medical",
        "Handicapped": "No",
        "Meters": "No",
        "Comments": null,
        "Paystations": "No",
        "Paystation_Limit": null,
        "Meter_Limit": null,
        "Permit_Days": "M - F",
        "Permit_Period": "7:00am - 8:30pm",
        "NUM": "138",
        "GlobalID": "eb4f9347-6909-4b11-8da6-1873efb7a8ec"
      }
    },
    {
      "type": "Feature",
      "id": 61,
      "geometry": {
        "type": "Polygon",
        "coordinates": [
          [
            [-122.05437931414, 36.9917843472544, -0.000038558660889975],
            [-122.054104661304, 36.9916790423357, -0.000038558660889975],
            [-122.054000383441, 36.991644241367, -0.000038558660889975],
            [-122.053962055752, 36.9916314503183, -0.000038558660889975],
            [-122.053938836192, 36.9916246194663, -0.000038558660889975],
            [-122.053935210049, 36.9916235529928, -0.000038558660889975],
            [-122.053913813546, 36.9916153496665, -0.000038558660889975],
            [-122.053909451981, 36.9916140875163, -0.000038558660889975],
            [-122.053648459277, 36.9915385723666, -0.000038558660889975],
            [-122.053472428778, 36.9914868378403, -0.000038558660889975],
            [-122.053389433988, 36.9914624455681, -0.000038558660889975],
            [-122.053131367121, 36.9913891216701, -0.000038558660889975],
            [-122.052783320282, 36.9912869852202, -0.000038558660889975],
            [-122.052382486611, 36.991171483491, -0.000038558660889975],
            [-122.052058513788, 36.9910833517069, -0.000038558660889975],
            [-122.052006227912, 36.9910675762366, -0.000038558660889975],
            [-122.051943413673, 36.9910486244194, -0.000038558660889975],
            [-122.051866683452, 36.9910324531295, -0.000038558660889975],
            [-122.051774764412, 36.9910161837381, -0.000038558660889975],
            [-122.051391145791, 36.9909585540506, -0.000038558660889975],
            [-122.051180606892, 36.990922090636, -0.000038558660889975],
            [-122.050912885861, 36.9908811205153, -0.000038558660889975],
            [-122.050960440164, 36.9906697074114, -0.000038558660889975],
            [-122.051015196632, 36.9904741180984, -0.000038558660889975],
            [-122.051047800449, 36.9903315223504, -0.000038558660889975],
            [-122.051076551187, 36.9902340744094, -0.000038558660889975],
            [-122.05125809461, 36.9902635923638, -0.000038558660889975],
            [-122.051501834452, 36.9903025834757, -0.000038558660889975],
            [-122.05169235757, 36.9903327924023, -0.000038558660889975],
            [-122.051948825869, 36.9903736013082, -0.000038558660889975],
            [-122.052279796411, 36.9904286836098, -0.000038558660889975],
            [-122.052579598929, 36.9904905160926, -0.000038558660889975],
            [-122.052896288202, 36.9905552141102, -0.000038558660889975],
            [-122.052948887891, 36.9905664538027, -0.000038558660889975],
            [-122.053187646463, 36.990671758939, -0.000038558660889975],
            [-122.053260831185, 36.9907004256484, -0.000038558660889975],
            [-122.053509565001, 36.9907761102783, -0.000038558660889975],
            [-122.053565609012, 36.9907921062859, -0.000038558660889975],
            [-122.0538561523, 36.9908429173819, -0.000038558660889975],
            [-122.05385415446, 36.9908873493865, -0.000038558660889975],
            [-122.054078917545, 36.9909773169987, -0.000038558660889975],
            [-122.054122993817, 36.9909941327503, -0.000038558660889975],
            [-122.054157740085, 36.9910059684275, -0.000038558660889975],
            [-122.054200018496, 36.9910122398094, -0.000038558660889975],
            [-122.054256208609, 36.9910086352934, -0.000038558660889975],
            [-122.054310964806, 36.9909977961511, -0.000038558660889975],
            [-122.054325753565, 36.9911041192494, -0.000038558660889975],
            [-122.054289399427, 36.9911068178605, -0.000038558660889975],
            [-122.054255630162, 36.9911179171897, -0.000038558660889975],
            [-122.05422736486, 36.9911364582294, -0.000038558660889975],
            [-122.054209264066, 36.9911581766266, -0.000038558660889975],
            [-122.054207046395, 36.9911608367558, -0.000038558660889975],
            [-122.054196430958, 36.9911889476193, -0.000038558660889975],
            [-122.054191218385, 36.9911973161548, -0.000038558660889975],
            [-122.05419273265, 36.9912065872829, -0.000038558660889975],
            [-122.054200458892, 36.9912135983663, -0.000038558660889975],
            [-122.054211759129, 36.991215956735, -0.000038558660889975],
            [-122.054230666148, 36.991185102113, -0.000038558660889975],
            [-122.054401443785, 36.9912453280373, -0.000038558660889975],
            [-122.054381724522, 36.9912867059304, -0.000038558660889975],
            [-122.054408917607, 36.9912933701969, -0.000038558660889975],
            [-122.05443251454, 36.9912589672334, -0.000038558660889975],
            [-122.054607588213, 36.9913241102033, -0.000038558660889975],
            [-122.054576538153, 36.99136582838, -0.000038558660889975],
            [-122.054625225902, 36.9913865720762, -0.000038558660889975],
            [-122.054599877984, 36.9914309232561, -0.000038558660889975],
            [-122.054576438208, 36.9914719371165, -0.000038558660889975],
            [-122.054563063896, 36.991490458233, -0.000038558660889975],
            [-122.054556092875, 36.991511183049, -0.000038558660889975],
            [-122.054556188823, 36.9915329582062, -0.000038558660889975],
            [-122.054559682188, 36.9915382998888, -0.000038558660889975],
            [-122.054567975676, 36.9915377081323, -0.000038558660889975],
            [-122.054590700883, 36.9915007591663, -0.000038558660889975],
            [-122.054739942813, 36.9915566466736, -0.000038558660889975],
            [-122.054719513547, 36.9916011125652, -0.000038558660889975],
            [-122.054756090554, 36.9916227232475, -0.000038558660889975],
            [-122.054771863705, 36.9916381694598, -0.000038558660889975],
            [-122.054781499755, 36.9916565623584, -0.000038558660889975],
            [-122.05478420097, 36.9916763796472, -0.000038558660889975],
            [-122.054779741171, 36.9916959769594, -0.000038558660889975],
            [-122.054768492316, 36.9917137316947, -0.000038558660889975],
            [-122.054733585998, 36.9917711577409, -0.000038558660889975],
            [-122.054729016775, 36.9917822726749, -0.000038558660889975],
            [-122.054736915582, 36.9917922400425, -0.000038558660889975],
            [-122.054793983505, 36.9918152583464, -0.000038558660889975],
            [-122.054764129396, 36.9918644405385, -0.000038558660889975],
            [-122.054757552384, 36.9918752767282, -0.000038558660889975],
            [-122.05474274883, 36.9918692729119, -0.000038558660889975],
            [-122.054705009166, 36.9918539662458, -0.000038558660889975],
            [-122.054695635191, 36.9918511019157, -0.000038558660889975],
            [-122.054686117042, 36.991853643963, -0.000038558660889975],
            [-122.054680755181, 36.9918604455326, -0.000038558660889975],
            [-122.054660926842, 36.991892597609, -0.000038558660889975],
            [-122.05437931414, 36.9917843472544, -0.000038558660889975]
          ],
          [
            [-122.054677779954, 36.9917501007106, -0.000038558660889975],
            [-122.054696212822, 36.9917351394683, -0.000038558660889975],
            [-122.054707382673, 36.9917161187153, -0.000038558660889975],
            [-122.054710012233, 36.9916952129332, -0.000038558660889975],
            [-122.054703802687, 36.9916748097615, -0.000038558660889975],
            [-122.05465419112, 36.9917592936329, -0.000038558660889975],
            [-122.054677779954, 36.9917501007106, -0.000038558660889975]
          ],
          [
            [-122.054076464587, 36.9914345250099, -0.000038558660889975],
            [-122.054054031973, 36.9914454074656, -0.000038558660889975],
            [-122.054036807992, 36.9914612960506, -0.000038558660889975],
            [-122.054026441838, 36.9914806692118, -0.000038558660889975],
            [-122.054023926425, 36.9915016707841, -0.000038558660889975],
            [-122.05402950215, 36.9915222915093, -0.000038558660889975],
            [-122.054076464587, 36.9914345250099, -0.000038558660889975]
          ],
          [
            [-122.054471810628, 36.9915041170173, -0.000038558660889975],
            [-122.054493728152, 36.9914947292146, -0.000038558660889975],
            [-122.05451099211, 36.9914803954879, -0.000038558660889975],
            [-122.054521936984, 36.9914624997367, -0.000038558660889975],
            [-122.05452550982, 36.9914427646567, -0.000038558660889975],
            [-122.054521364716, 36.9914230945736, -0.000038558660889975],
            [-122.054471810628, 36.9915041170173, -0.000038558660889975]
          ],
          [
            [-122.053946494607, 36.9914330400218, -0.000038558660889975],
            [-122.053948648923, 36.9914126119145, -0.000038558660889975],
            [-122.053943602788, 36.9913925536856, -0.000038558660889975],
            [-122.053901291568, 36.9914808736888, -0.000038558660889975],
            [-122.053921831367, 36.9914685889861, -0.000038558660889975],
            [-122.053937311705, 36.9914522090636, -0.000038558660889975],
            [-122.053946494607, 36.9914330400218, -0.000038558660889975]
          ],
          [
            [-122.054165679185, 36.9912891951135, -0.000038558660889975],
            [-122.05414349818, 36.9912987161367, -0.000038558660889975],
            [-122.054126122759, 36.9913133108371, -0.000038558660889975],
            [-122.054115287727, 36.9913315232079, -0.000038558660889975],
            [-122.054112071104, 36.9913515383053, -0.000038558660889975],
            [-122.054116796678, 36.9913713592784, -0.000038558660889975],
            [-122.054165679185, 36.9912891951135, -0.000038558660889975]
          ],
          [
            [-122.05399047396, 36.9913169293127, -0.000038558660889975],
            [-122.054006943199, 36.9913013238501, -0.000038558660889975],
            [-122.054015820625, 36.9912821615754, -0.000038558660889975],
            [-122.054016046871, 36.9912617240049, -0.000038558660889975],
            [-122.054007597035, 36.9912424437908, -0.000038558660889975],
            [-122.053968371906, 36.9913271179359, -0.000038558660889975],
            [-122.05399047396, 36.9913169293127, -0.000038558660889975]
          ],
          [
            [-122.054058555713, 36.9911632638023, -0.000038558660889975],
            [-122.054073342836, 36.9911500878258, -0.000038558660889975],
            [-122.054081347968, 36.9911335623423, -0.000038558660889975],
            [-122.054081531429, 36.9911158343284, -0.000038558660889975],
            [-122.054073867971, 36.9910992111752, -0.000038558660889975],
            [-122.054038910389, 36.9911713749041, -0.000038558660889975],
            [-122.054058555713, 36.9911632638023, -0.000038558660889975]
          ],
          [
            [-122.052207713855, 36.9908938986034, -0.000038558660889975],
            [-122.052186972742, 36.9909050375611, -0.000038558660889975],
            [-122.052171574201, 36.9909208222727, -0.000038558660889975],
            [-122.052163025436, 36.9909397087689, -0.000038558660889975],
            [-122.052162163374, 36.9909598474819, -0.000038558660889975],
            [-122.052169073108, 36.9909792681732, -0.000038558660889975],
            [-122.052207713855, 36.9908938986034, -0.000038558660889975]
          ],
          [
            [-122.052053850169, 36.9909308255733, -0.000038558660889975],
            [-122.052069191821, 36.990914950614, -0.000038558660889975],
            [-122.052077939559, 36.9908961777317, -0.000038558660889975],
            [-122.052079288767, 36.9908762344055, -0.000038558660889975],
            [-122.052073803744, 36.9908591027089, -0.000038558660889975],
            [-122.052033323579, 36.990942343755, -0.000038558660889975],
            [-122.052053850169, 36.9909308255733, -0.000038558660889975]
          ],
          [
            [-122.052275941654, 36.990738011698, -0.000038558660889975],
            [-122.052253742658, 36.9907490565173, -0.000038558660889975],
            [-122.052237487411, 36.9907654600417, -0.000038558660889975],
            [-122.052229080832, 36.9907852990143, -0.000038558660889975],
            [-122.052229510656, 36.9908062478329, -0.000038558660889975],
            [-122.052237836539, 36.9908239590387, -0.000038558660889975],
            [-122.052275941654, 36.990738011698, -0.000038558660889975]
          ],
          [
            [-122.052101979569, 36.9907821525693, -0.000038558660889975],
            [-122.052142423108, 36.990700788269, -0.000038558660889975],
            [-122.052139282341, 36.9906942873977, -0.000038558660889975],
            [-122.052127742312, 36.9906890725356, -0.000038558660889975],
            [-122.052115391732, 36.9906921441113, -0.000038558660889975],
            [-122.05207494815, 36.9907735075012, -0.000038558660889975],
            [-122.052085993935, 36.9907828005341, -0.000038558660889975],
            [-122.052101979569, 36.9907821525693, -0.000038558660889975]
          ],
          [
            [-122.052346530967, 36.9905839326601, -0.000038558660889975],
            [-122.05232449654, 36.9905950555098, -0.000038558660889975],
            [-122.052308095424, 36.9906113023756, -0.000038558660889975],
            [-122.052299096823, 36.9906309239333, -0.000038558660889975],
            [-122.052298468135, 36.990651806631, -0.000038558660889975],
            [-122.05230627967, 36.9906717001556, -0.000038558660889975],
            [-122.052346530967, 36.9905839326601, -0.000038558660889975]
          ],
          [
            [-122.052191612812, 36.9906243245201, -0.000038558660889975],
            [-122.052208309322, 36.9906076925358, -0.000038558660889975],
            [-122.052217711803, 36.9905877168498, -0.000038558660889975],
            [-122.052218884079, 36.9905663907426, -0.000038558660889975],
            [-122.052211707214, 36.9905458399088, -0.000038558660889975],
            [-122.052169287745, 36.9906359540728, -0.000038558660889975],
            [-122.052191612812, 36.9906243245201, -0.000038558660889975]
          ]
        ]
      },
      "properties": {
        "OBJECTID": 61,
        "CODE": "PKG",
        "NAME": "East Remote Parking",
        "NUMBER": 104,
        "Location": "East Meadow",
        "Permit_Type": "A, B, C, N, R, RMC, Disability",
        "Handicapped": "Yes",
        "Meters": "No",
        "Comments": null,
        "Paystations": "No",
        "Paystation_Limit": null,
        "Meter_Limit": null,
        "Permit_Days": "M - F",
        "Permit_Period": "7:00am - 5:00pm",
        "NUM": "104",
        "GlobalID": "bf7d7490-a4f7-4eb9-a6ba-c113e49cce50"
      }
    },
    {
      "type": "Feature",
      "id": 62,
      "geometry": {
        "type": "Polygon",
        "coordinates": [
          [
            [-122.066974116984, 36.9886351310767, -0.000038558660889975],
            [-122.066922103227, 36.9887360156302, -0.000038558660889975],
            [-122.066862694779, 36.9887298942418, -0.000038558660889975],
            [-122.066786476313, 36.9887150398242, -0.000038558660889975],
            [-122.066712702467, 36.9886936197608, -0.000038558660889975],
            [-122.066662339272, 36.9886859096409, -0.000038558660889975],
            [-122.066525639023, 36.9886753468394, -0.000038558660889975],
            [-122.066431334416, 36.988676950274, -0.000038558660889975],
            [-122.066221502635, 36.9886859706924, -0.000038558660889975],
            [-122.066098708104, 36.9886930138804, -0.000038558660889975],
            [-122.065975608722, 36.9886941149466, -0.000038558660889975],
            [-122.065852652712, 36.9886892714786, -0.000038558660889975],
            [-122.065738978152, 36.9886805912805, -0.000038558660889975],
            [-122.06562661432, 36.9886641926693, -0.000038558660889975],
            [-122.06551638723, 36.9886401961383, -0.000038558660889975],
            [-122.065436862358, 36.9886269848383, -0.000038558660889975],
            [-122.065406596039, 36.9886279407303, -0.000038558660889975],
            [-122.065350839521, 36.9886284203861, -0.000038558660889975],
            [-122.065255328991, 36.9886312367408, -0.000038558660889975],
            [-122.065078971943, 36.9886534671411, -0.000038558660889975],
            [-122.064904753827, 36.9886848066951, -0.000038558660889975],
            [-122.064891649754, 36.9886565984554, -0.000038558660889975],
            [-122.06488670801, 36.9886581697446, -0.000038558660889975],
            [-122.064881688609, 36.9886595726507, -0.000038558660889975],
            [-122.064876599339, 36.9886608034645, -0.000038558660889975],
            [-122.064871450288, 36.9886618611495, -0.000038558660889975],
            [-122.064866250386, 36.9886627428822, -0.000038558660889975],
            [-122.064861007475, 36.9886634476562, -0.000038558660889975],
            [-122.064855733891, 36.9886639744049, -0.000038558660889975],
            [-122.064850435211, 36.988664321251, -0.000038558660889975],
            [-122.064845124914, 36.9886644880137, -0.000038558660889975],
            [-122.064839866884, 36.9886644675278, -0.000038558660889975],
            [-122.064835079908, 36.9886650562387, -0.000038558660889975],
            [-122.06482942612, 36.9886637811908, -0.000038558660889975],
            [-122.064824379602, 36.9886631288328, -0.000038558660889975],
            [-122.064819065278, 36.9886627251921, -0.000038558660889975],
            [-122.064814395139, 36.9886613738647, -0.000038558660889975],
            [-122.064809471851, 36.9886602737616, -0.000038558660889975],
            [-122.0648046028, 36.9886590269372, -0.000038558660889975],
            [-122.064799794779, 36.9886576360039, -0.000038558660889975],
            [-122.064795054528, 36.9886561008713, -0.000038558660889975],
            [-122.064790388879, 36.9886544259539, -0.000038558660889975],
            [-122.064783799299, 36.9886509420115, -0.000038558660889975],
            [-122.064777328124, 36.9886473176965, -0.000038558660889975],
            [-122.064770981023, 36.9886435556363, -0.000038558660889975],
            [-122.064764761406, 36.9886396575878, -0.000038558660889975],
            [-122.064758674981, 36.9886356279802, -0.000038558660889975],
            [-122.064752725154, 36.9886314685703, -0.000038558660889975],
            [-122.064746917598, 36.9886271819857, -0.000038558660889975],
            [-122.064741254653, 36.9886227727009, -0.000038558660889975],
            [-122.064737500895, 36.9886194652011, -0.000038558660889975],
            [-122.064733918778, 36.9886160382436, -0.000038558660889975],
            [-122.064730511801, 36.9886124980897, -0.000038558660889975],
            [-122.064727286817, 36.9886088500547, -0.000038558660889975],
            [-122.064724249553, 36.988605099469, -0.000038558660889975],
            [-122.064721403529, 36.9886012534949, -0.000038558660889975],
            [-122.064718754492, 36.9885973183638, -0.000038558660889975],
            [-122.064716305942, 36.988593300337, -0.000038558660889975],
            [-122.064714063627, 36.9885892056459, -0.000038558660889975],
            [-122.064710290647, 36.98858201155, -0.000038558660889975],
            [-122.064706725212, 36.988574749784, -0.000038558660889975],
            [-122.064703371891, 36.9885674238914, -0.000038558660889975],
            [-122.064700229616, 36.9885600365903, -0.000038558660889975],
            [-122.064697303012, 36.9885525941269, -0.000038558660889975],
            [-122.064694590993, 36.9885450983182, -0.000038558660889975],
            [-122.06469209704, 36.9885375545248, -0.000038558660889975],
            [-122.064689821229, 36.9885299663502, -0.000038558660889975],
            [-122.064687765882, 36.9885223373684, -0.000038558660889975],
            [-122.064686701487, 36.9885166533908, -0.000038558660889975],
            [-122.064685856789, 36.9885109457388, -0.000038558660889975],
            [-122.0646852319, 36.9885052198182, -0.000038558660889975],
            [-122.064684826952, 36.9884994819354, -0.000038558660889975],
            [-122.064684643142, 36.9884937356793, -0.000038558660889975],
            [-122.064684679498, 36.9884879882724, -0.000038558660889975],
            [-122.064684937236, 36.9884822442044, -0.000038558660889975],
            [-122.064685415365, 36.988476509797, -0.000038558660889975],
            [-122.064686531015, 36.9884689689546, -0.000038558660889975],
            [-122.064688646829, 36.9884617670638, -0.000038558660889975],
            [-122.064690784711, 36.9884564862243, -0.000038558660889975],
            [-122.064693453925, 36.9884513649788, -0.000038558660889975],
            [-122.064696538584, 36.9884463949685, -0.000038558660889975],
            [-122.06470012216, 36.9884416462683, -0.000038558660889975],
            [-122.064705350116, 36.9884356435777, -0.000038558660889975],
            [-122.064710727694, 36.9884300281961, -0.000038558660889975],
            [-122.064716721753, 36.9884248308101, -0.000038558660889975],
            [-122.064721575988, 36.9884212176931, -0.000038558660889975],
            [-122.064726757909, 36.9884179110926, -0.000038558660889975],
            [-122.064734064937, 36.9884139388415, -0.000038558660889975],
            [-122.064741794645, 36.9884105187598, -0.000038558660889975],
            [-122.06474781964, 36.9884083147263, -0.000038558660889975],
            [-122.064752572641, 36.9884068514144, -0.000038558660889975],
            [-122.064739528125, 36.9883778303841, -0.000038558660889975],
            [-122.064794608667, 36.9883574887403, -0.000038558660889975],
            [-122.064852454656, 36.9883428956429, -0.000038558660889975],
            [-122.064912136286, 36.9883342843543, -0.000038558660889975],
            [-122.065191099099, 36.9883153132534, -0.000038558660889975],
            [-122.065300862206, 36.9883117532639, -0.000038558660889975],
            [-122.065365040633, 36.9883108920577, -0.000038558660889975],
            [-122.065411036596, 36.9883112697383, -0.000038558660889975],
            [-122.065520418584, 36.9883215407889, -0.000038558660889975],
            [-122.065583134958, 36.9883300282543, -0.000038558660889975],
            [-122.065769945346, 36.9883611057408, -0.000038558660889975],
            [-122.065870244968, 36.988371607419, -0.000038558660889975],
            [-122.065971297452, 36.9883757076297, -0.000038558660889975],
            [-122.066072446168, 36.9883733809406, -0.000038558660889975],
            [-122.066197802942, 36.988368826718, -0.000038558660889975],
            [-122.066298801512, 36.9883619967743, -0.000038558660889975],
            [-122.066525609666, 36.9883590169407, -0.000038558660889975],
            [-122.066567240608, 36.9883582893415, -0.000038558660889975],
            [-122.066655574168, 36.9883617604079, -0.000038558660889975],
            [-122.06669178592, 36.9883650239416, -0.000038558660889975],
            [-122.066807101255, 36.9883806383945, -0.000038558660889975],
            [-122.066838389629, 36.9883907630228, -0.000038558660889975],
            [-122.066865686877, 36.9884066638412, -0.000038558660889975],
            [-122.066887366731, 36.9884273930109, -0.000038558660889975],
            [-122.066902136211, 36.9884517161428, -0.000038558660889975],
            [-122.066909115745, 36.9884781833158, -0.000038558660889975],
            [-122.066940985093, 36.9885683956361, -0.000038558660889975],
            [-122.066953837056, 36.9886029496537, -0.000038558660889975],
            [-122.066962846492, 36.9886172468531, -0.000038558660889975],
            [-122.066974116984, 36.9886351310767, -0.000038558660889975]
          ],
          [
            [-122.066584663839, 36.9885059027194, -0.000038558660889975],
            [-122.066415731445, 36.9885009139731, -0.000038558660889975],
            [-122.066246763627, 36.9885046715562, -0.000038558660889975],
            [-122.06603672238, 36.9885204840639, -0.000038558660889975],
            [-122.065943355414, 36.9885218969833, -0.000038558660889975],
            [-122.065850437194, 36.9885144477611, -0.000038558660889975],
            [-122.065657865245, 36.9884873435935, -0.000038558660889975],
            [-122.065509439469, 36.9884617058884, -0.000038558660889975],
            [-122.065431377902, 36.9884515318024, -0.000038558660889975],
            [-122.065352483867, 36.9884471202612, -0.000038558660889975],
            [-122.065273419847, 36.9884485101368, -0.000038558660889975],
            [-122.065126438993, 36.9884594572919, -0.000038558660889975],
            [-122.064981122936, 36.9884799390977, -0.000038558660889975],
            [-122.064839371986, 36.9885131130881, -0.000038558660889975],
            [-122.064852735654, 36.9885439682645, -0.000038558660889975],
            [-122.0649645601, 36.9885154358703, -0.000038558660889975],
            [-122.065084008337, 36.9884987752576, -0.000038558660889975],
            [-122.065235747051, 36.9884812063207, -0.000038558660889975],
            [-122.065394603877, 36.9884793242912, -0.000038558660889975],
            [-122.065518835224, 36.9884907703981, -0.000038558660889975],
            [-122.065662130192, 36.9885163435796, -0.000038558660889975],
            [-122.065770042691, 36.9885332741285, -0.000038558660889975],
            [-122.065883684514, 36.9885432497499, -0.000038558660889975],
            [-122.065981358265, 36.9885485479382, -0.000038558660889975],
            [-122.066079024416, 36.9885434652815, -0.000038558660889975],
            [-122.066338330367, 36.9885306933153, -0.000038558660889975],
            [-122.066424867156, 36.9885288590175, -0.000038558660889975],
            [-122.066554477996, 36.9885323526387, -0.000038558660889975],
            [-122.066659306627, 36.9885406011148, -0.000038558660889975],
            [-122.066683439797, 36.9885429111907, -0.000038558660889975],
            [-122.066756262296, 36.9885515912355, -0.000038558660889975],
            [-122.066782035371, 36.9885546407754, -0.000038558660889975],
            [-122.066807696628, 36.9885510950629, -0.000038558660889975],
            [-122.066813556709, 36.9885380319332, -0.000038558660889975],
            [-122.066758885648, 36.9885207576573, -0.000038558660889975],
            [-122.066701818685, 36.9885095274073, -0.000038558660889975],
            [-122.066658572521, 36.9885054265142, -0.000038558660889975],
            [-122.066584663839, 36.9885059027194, -0.000038558660889975]
          ]
        ]
      },
      "properties": {
        "OBJECTID": 62,
        "CODE": "PKG",
        "NAME": "West Remote Parking",
        "NUMBER": 127,
        "Location": null,
        "Permit_Type": "A, B, C, N, R, RMC, Disability",
        "Handicapped": "Yes",
        "Meters": "No",
        "Comments": null,
        "Paystations": "No",
        "Paystation_Limit": null,
        "Meter_Limit": null,
        "Permit_Days": "M - F",
        "Permit_Period": "7:00am - 5:00pm",
        "NUM": "127",
        "GlobalID": "a053b05f-2358-45bc-9743-31533e0b03c3"
      }
    },
    {
      "type": "Feature",
      "id": 64,
      "geometry": {
        "type": "Polygon",
        "coordinates": [
          [
            [-122.061329807748, 36.9820216145788, -0.000038558660889975],
            [-122.061381353517, 36.981994880086, -0.000038558660889975],
            [-122.061384715091, 36.9820045229218, -0.000038558660889975],
            [-122.061442854589, 36.9819736240362, -0.000038558660889975],
            [-122.061458614868, 36.9820576116044, -0.000038558660889975],
            [-122.061472927431, 36.9821338863081, -0.000038558660889975],
            [-122.061508461664, 36.9822786866752, -0.000038558660889975],
            [-122.061520959787, 36.9823296152536, -0.000038558660889975],
            [-122.0614715678, 36.9823550800298, -0.000038558660889975],
            [-122.061491588452, 36.9825406832652, -0.000038558660889975],
            [-122.061494514742, 36.9825456529269, -0.000038558660889975],
            [-122.061443840788, 36.9825440008029, -0.000038558660889975],
            [-122.061442549253, 36.9825320250032, -0.000038558660889975],
            [-122.061423820234, 36.9823583966583, -0.000038558660889975],
            [-122.061409276272, 36.9822715900883, -0.000038558660889975],
            [-122.061405846856, 36.982251124822, -0.000038558660889975],
            [-122.061339665833, 36.9820513671116, -0.000038558660889975],
            [-122.061329807748, 36.9820216145788, -0.000038558660889975]
          ]
        ]
      },
      "properties": {
        "OBJECTID": 64,
        "CODE": "PKG",
        "NAME": null,
        "NUMBER": null,
        "Location": null,
        "Permit_Type": null,
        "Handicapped": null,
        "Meters": null,
        "Comments": null,
        "Paystations": null,
        "Paystation_Limit": null,
        "Meter_Limit": null,
        "Permit_Days": null,
        "Permit_Period": null,
        "NUM": "None",
        "GlobalID": "d100e13d-6c67-400e-af06-804d1ce0714f"
      }
    },
    {
      "type": "Feature",
      "id": 65,
      "geometry": {
        "type": "Polygon",
        "coordinates": [
          [
            [-122.060970966354, 36.9835577827985, -0.000038558660889975],
            [-122.06100986627, 36.983552203817, -0.000038558660889975],
            [-122.061010174555, 36.9835549285065, -0.000038558660889975],
            [-122.061079672147, 36.9835598877218, -0.000038558660889975],
            [-122.061116546102, 36.9837836482253, -0.000038558660889975],
            [-122.061134774228, 36.9839046310762, -0.000038558660889975],
            [-122.061135522155, 36.9839758171925, -0.000038558660889975],
            [-122.06109669047, 36.9839810140949, -0.000038558660889975],
            [-122.061087583814, 36.983959529847, -0.000038558660889975],
            [-122.061067224661, 36.9839437754846, -0.000038558660889975],
            [-122.06104135923, 36.9839414360843, -0.000038558660889975],
            [-122.061015831543, 36.9839455068569, -0.000038558660889975],
            [-122.060957020433, 36.9836474823162, -0.000038558660889975],
            [-122.060969243754, 36.9835803942767, -0.000038558660889975],
            [-122.060970966354, 36.9835577827985, -0.000038558660889975]
          ]
        ]
      },
      "properties": {
        "OBJECTID": 65,
        "CODE": "PKG",
        "NAME": null,
        "NUMBER": null,
        "Location": null,
        "Permit_Type": null,
        "Handicapped": null,
        "Meters": null,
        "Comments": null,
        "Paystations": null,
        "Paystation_Limit": null,
        "Meter_Limit": null,
        "Permit_Days": null,
        "Permit_Period": null,
        "NUM": "None",
        "GlobalID": "8e3492c5-fa57-4731-8d33-c8dd37fe8e07"
      }
    },
    {
      "type": "Feature",
      "id": 66,
      "geometry": {
        "type": "Polygon",
        "coordinates": [
          [
            [-122.050480511816, 36.9796446918764, -0.000038558660889975],
            [-122.050557457251, 36.9796894838071, -0.000038558660889975],
            [-122.050551295532, 36.9796965292303, -0.000038558660889975],
            [-122.050591341644, 36.9797340542019, -0.000038558660889975],
            [-122.050493529837, 36.9798195149974, -0.000038558660889975],
            [-122.050412281153, 36.9797650482512, -0.000038558660889975],
            [-122.050398810699, 36.9797560171242, -0.000038558660889975],
            [-122.050484992229, 36.9796704010024, -0.000038558660889975],
            [-122.050480511816, 36.9796446918764, -0.000038558660889975]
          ]
        ]
      },
      "properties": {
        "OBJECTID": 66,
        "CODE": "PKG",
        "NAME": null,
        "NUMBER": null,
        "Location": null,
        "Permit_Type": null,
        "Handicapped": null,
        "Meters": null,
        "Comments": null,
        "Paystations": null,
        "Paystation_Limit": null,
        "Meter_Limit": null,
        "Permit_Days": null,
        "Permit_Period": null,
        "NUM": "None",
        "GlobalID": "6dc29500-396a-455c-ba06-0711fbd2c379"
      }
    },
    {
      "type": "Feature",
      "id": 67,
      "geometry": {
        "type": "Polygon",
        "coordinates": [
          [
            [-122.050898195416, 36.9798445358105, -0.000038558660889975],
            [-122.05082789933, 36.9797931580943, -0.000038558660889975],
            [-122.050839559891, 36.9797903184028, -0.000038558660889975],
            [-122.050846680582, 36.9797823887607, -0.000038558660889975],
            [-122.050846332907, 36.9797726271648, -0.000038558660889975],
            [-122.050813611388, 36.9797688077052, -0.000038558660889975],
            [-122.050824757031, 36.9796857930985, -0.000038558660889975],
            [-122.05084741195, 36.979685439606, -0.000038558660889975],
            [-122.050847779087, 36.9796984272107, -0.000038558660889975],
            [-122.05094531305, 36.9796966554052, -0.000038558660889975],
            [-122.050951493017, 36.9797175187363, -0.000038558660889975],
            [-122.050947515405, 36.9797175698247, -0.000038558660889975],
            [-122.0509487144, 36.9797766414429, -0.000038558660889975],
            [-122.050954167605, 36.9797765707333, -0.000038558660889975],
            [-122.050954164138, 36.9797850482936, -0.000038558660889975],
            [-122.050937093147, 36.9798060693945, -0.000038558660889975],
            [-122.050962725538, 36.9798315242806, -0.000038558660889975],
            [-122.050939374506, 36.9798540257364, -0.000038558660889975],
            [-122.050912056513, 36.9798364768867, -0.000038558660889975],
            [-122.050898195416, 36.9798445358105, -0.000038558660889975]
          ]
        ]
      },
      "properties": {
        "OBJECTID": 67,
        "CODE": "PKG",
        "NAME": null,
        "NUMBER": null,
        "Location": null,
        "Permit_Type": null,
        "Handicapped": null,
        "Meters": null,
        "Comments": null,
        "Paystations": null,
        "Paystation_Limit": null,
        "Meter_Limit": null,
        "Permit_Days": null,
        "Permit_Period": null,
        "NUM": "None",
        "GlobalID": "cbee7080-6f0e-4aa9-9854-2d97790a8d6c"
      }
    },
    {
      "type": "Feature",
      "id": 68,
      "geometry": {
        "type": "Polygon",
        "coordinates": [
          [
            [-122.05104374057, 36.9799681752695, -0.000038558660889975],
            [-122.051060866308, 36.9799683981282, -0.000038558660889975],
            [-122.051080246861, 36.9799616256854, -0.000038558660889975],
            [-122.051097160816, 36.9799440951663, -0.000038558660889975],
            [-122.051097372415, 36.9798900190218, -0.000038558660889975],
            [-122.051231613254, 36.9798882427732, -0.000038558660889975],
            [-122.051231300544, 36.9799412262167, -0.000038558660889975],
            [-122.051194762818, 36.9799494065231, -0.000038558660889975],
            [-122.051128757547, 36.9799995407798, -0.000038558660889975],
            [-122.0511245475, 36.980013514779, -0.000038558660889975],
            [-122.051127062178, 36.9800277958734, -0.000038558660889975],
            [-122.05104374057, 36.9799681752695, -0.000038558660889975]
          ]
        ]
      },
      "properties": {
        "OBJECTID": 68,
        "CODE": "PKG",
        "NAME": null,
        "NUMBER": null,
        "Location": null,
        "Permit_Type": null,
        "Handicapped": null,
        "Meters": null,
        "Comments": null,
        "Paystations": null,
        "Paystation_Limit": null,
        "Meter_Limit": null,
        "Permit_Days": null,
        "Permit_Period": null,
        "NUM": "None",
        "GlobalID": "80b3f513-a713-440a-928f-c260208263ec"
      }
    },
    {
      "type": "Feature",
      "id": 69,
      "geometry": {
        "type": "Polygon",
        "coordinates": [
          [
            [-122.049511109875, 36.9801937824872, -0.000038558660889975],
            [-122.049528671294, 36.9801843083659, -0.000038558660889975],
            [-122.049541181752, 36.9801590746116, -0.000038558660889975],
            [-122.049487691583, 36.9801350060423, -0.000038558660889975],
            [-122.049546151027, 36.9800599630991, -0.000038558660889975],
            [-122.049597619994, 36.9800804762558, -0.000038558660889975],
            [-122.049609668614, 36.98006753548, -0.000038558660889975],
            [-122.04961096067, 36.98004621594, -0.000038558660889975],
            [-122.049608892699, 36.980039250165, -0.000038558660889975],
            [-122.049564972542, 36.9799808191097, -0.000038558660889975],
            [-122.049711494899, 36.9799793374531, -0.000038558660889975],
            [-122.049723756962, 36.9799912676274, -0.000038558660889975],
            [-122.049797563112, 36.9799531524591, -0.000038558660889975],
            [-122.049839520521, 36.9799348360666, -0.000038558660889975],
            [-122.049885186465, 36.9799235672664, -0.000038558660889975],
            [-122.049932741509, 36.9799197946932, -0.000038558660889975],
            [-122.050246246358, 36.9799154579781, -0.000038558660889975],
            [-122.050246815627, 36.9799738701835, -0.000038558660889975],
            [-122.050197275421, 36.979974962989, -0.000038558660889975],
            [-122.050198425608, 36.9800085792864, -0.000038558660889975],
            [-122.049989645742, 36.9800146666975, -0.000038558660889975],
            [-122.049988551655, 36.9799713582354, -0.000038558660889975],
            [-122.04991414765, 36.9799725668454, -0.000038558660889975],
            [-122.049914572321, 36.9799893828512, -0.000038558660889975],
            [-122.049878013146, 36.9799893495646, -0.000038558660889975],
            [-122.049807386783, 36.9800128700859, -0.000038558660889975],
            [-122.04973107073, 36.9800540664391, -0.000038558660889975],
            [-122.049706918627, 36.9800692344732, -0.000038558660889975],
            [-122.04967749712, 36.9800901139739, -0.000038558660889975],
            [-122.049653400733, 36.9801150024137, -0.000038558660889975],
            [-122.049588911576, 36.9802079519961, -0.000038558660889975],
            [-122.04958502076, 36.9802202094303, -0.000038558660889975],
            [-122.049511109875, 36.9801937824872, -0.000038558660889975]
          ]
        ]
      },
      "properties": {
        "OBJECTID": 69,
        "CODE": "PKG",
        "NAME": null,
        "NUMBER": null,
        "Location": null,
        "Permit_Type": null,
        "Handicapped": null,
        "Meters": null,
        "Comments": null,
        "Paystations": null,
        "Paystation_Limit": null,
        "Meter_Limit": null,
        "Permit_Days": null,
        "Permit_Period": null,
        "NUM": "None",
        "GlobalID": "55a0d871-9634-471e-86c4-f970f52d7e2b"
      }
    },
    {
      "type": "Feature",
      "id": 70,
      "geometry": {
        "type": "Polygon",
        "coordinates": [
          [
            [-122.049741327477, 36.9803876911011, -0.000038558660889975],
            [-122.049704733457, 36.9803260112848, -0.000038558660889975],
            [-122.049726862722, 36.9803222224433, -0.000038558660889975],
            [-122.049768544025, 36.9803066268411, -0.000038558660889975],
            [-122.049814111929, 36.9803016433858, -0.000038558660889975],
            [-122.050169802671, 36.9802883409358, -0.000038558660889975],
            [-122.050169963803, 36.9803024550659, -0.000038558660889975],
            [-122.050170092394, 36.9803136876165, -0.000038558660889975],
            [-122.050191973511, 36.9803131688055, -0.000038558660889975],
            [-122.05019049362, 36.9803545423732, -0.000038558660889975],
            [-122.049989811852, 36.9803610709698, -0.000038558660889975],
            [-122.049988174342, 36.9804026502976, -0.000038558660889975],
            [-122.049889387319, 36.9804030780422, -0.000038558660889975],
            [-122.049888799056, 36.9803534175648, -0.000038558660889975],
            [-122.049813357192, 36.9803539946429, -0.000038558660889975],
            [-122.049813498344, 36.9803659470788, -0.000038558660889975],
            [-122.049791982601, 36.9803661004869, -0.000038558660889975],
            [-122.049763768898, 36.980372577332, -0.000038558660889975],
            [-122.049741327477, 36.9803876911011, -0.000038558660889975]
          ]
        ]
      },
      "properties": {
        "OBJECTID": 70,
        "CODE": "PKG",
        "NAME": null,
        "NUMBER": null,
        "Location": null,
        "Permit_Type": null,
        "Handicapped": null,
        "Meters": null,
        "Comments": null,
        "Paystations": null,
        "Paystation_Limit": null,
        "Meter_Limit": null,
        "Permit_Days": null,
        "Permit_Period": null,
        "NUM": "None",
        "GlobalID": "4b7cacdc-43fe-4c73-bfc2-6b32772f796b"
      }
    },
    {
      "type": "Feature",
      "id": 71,
      "geometry": {
        "type": "Polygon",
        "coordinates": [
          [
            [-122.049601833645, 36.9803385495766, -0.000038558660889975],
            [-122.049644452285, 36.9804072183319, -0.000038558660889975],
            [-122.049624106417, 36.9804067992297, -0.000038558660889975],
            [-122.049605831552, 36.9804139821005, -0.000038558660889975],
            [-122.04955387976, 36.9804474765804, -0.000038558660889975],
            [-122.049549402356, 36.9804503631019, -0.000038558660889975],
            [-122.049522613321, 36.9804676343631, -0.000038558660889975],
            [-122.049487026553, 36.9804881126784, -0.000038558660889975],
            [-122.049447801907, 36.9805026824302, -0.000038558660889975],
            [-122.049405513455, 36.9805111287148, -0.000038558660889975],
            [-122.049171876399, 36.9805125044709, -0.000038558660889975],
            [-122.049173875129, 36.9804771944604, -0.000038558660889975],
            [-122.049175065048, 36.980449013707, -0.000038558660889975],
            [-122.049187308023, 36.9804488601098, -0.000038558660889975],
            [-122.049301191666, 36.9804474285721, -0.000038558660889975],
            [-122.049301798935, 36.9804539937993, -0.000038558660889975],
            [-122.049399967943, 36.9804557304138, -0.000038558660889975],
            [-122.049434626532, 36.980450202612, -0.000038558660889975],
            [-122.049465823313, 36.9804370642611, -0.000038558660889975],
            [-122.049492429764, 36.9804209606797, -0.000038558660889975],
            [-122.049500920601, 36.9804098515392, -0.000038558660889975],
            [-122.049498726552, 36.9803969404715, -0.000038558660889975],
            [-122.049472235257, 36.9803693680615, -0.000038558660889975],
            [-122.049509285956, 36.9803459125904, -0.000038558660889975],
            [-122.049513704537, 36.9803431151688, -0.000038558660889975],
            [-122.049518718368, 36.9803484223688, -0.000038558660889975],
            [-122.049542168239, 36.9803732405774, -0.000038558660889975],
            [-122.049561841911, 36.9803760865219, -0.000038558660889975],
            [-122.049568414255, 36.9803747240209, -0.000038558660889975],
            [-122.04959765511, 36.9803561873447, -0.000038558660889975],
            [-122.049601833645, 36.9803385495766, -0.000038558660889975]
          ]
        ]
      },
      "properties": {
        "OBJECTID": 71,
        "CODE": "PKG",
        "NAME": null,
        "NUMBER": null,
        "Location": null,
        "Permit_Type": null,
        "Handicapped": null,
        "Meters": null,
        "Comments": null,
        "Paystations": null,
        "Paystation_Limit": null,
        "Meter_Limit": null,
        "Permit_Days": null,
        "Permit_Period": null,
        "NUM": "None",
        "GlobalID": "bafc1b71-34ea-4710-8957-bdd670cf2c2a"
      }
    },
    {
      "type": "Feature",
      "id": 72,
      "geometry": {
        "type": "Polygon",
        "coordinates": [
          [
            [-122.051020859408, 36.9800451736922, -0.000038558660889975],
            [-122.051117081388, 36.9801122648682, -0.000038558660889975],
            [-122.051094009797, 36.98011241037, -0.000038558660889975],
            [-122.051072132889, 36.9801182949931, -0.000038558660889975],
            [-122.051053613301, 36.9801293357465, -0.000038558660889975],
            [-122.051015399293, 36.9801534902884, -0.000038558660889975],
            [-122.050970398486, 36.9801682995817, -0.000038558660889975],
            [-122.050751876317, 36.9801758201198, -0.000038558660889975],
            [-122.050749228691, 36.9802254136767, -0.000038558660889975],
            [-122.050746200052, 36.9802254016742, -0.000038558660889975],
            [-122.050742564799, 36.9802253878237, -0.000038558660889975],
            [-122.050729188725, 36.9802253367585, -0.000038558660889975],
            [-122.050559296667, 36.9802246836227, -0.000038558660889975],
            [-122.050555894817, 36.9801711953335, -0.000038558660889975],
            [-122.050505233899, 36.980171385753, -0.000038558660889975],
            [-122.050505391661, 36.9801621094884, -0.000038558660889975],
            [-122.050520968029, 36.9801618780948, -0.000038558660889975],
            [-122.050518979098, 36.9800753657649, -0.000038558660889975],
            [-122.050506880505, 36.9800755455204, -0.000038558660889975],
            [-122.050507006099, 36.9800697699133, -0.000038558660889975],
            [-122.050508022331, 36.9800557753108, -0.000038558660889975],
            [-122.050597604473, 36.9800538688895, -0.000038558660889975],
            [-122.05059916674, 36.9800869245731, -0.000038558660889975],
            [-122.050606807767, 36.9801039131989, -0.000038558660889975],
            [-122.050637792047, 36.980113025084, -0.000038558660889975],
            [-122.050880001656, 36.9801125047771, -0.000038558660889975],
            [-122.050884660867, 36.980064590426, -0.000038558660889975],
            [-122.050915137481, 36.9800653306047, -0.000038558660889975],
            [-122.050917054952, 36.9801077981193, -0.000038558660889975],
            [-122.050925725333, 36.9801138199491, -0.000038558660889975],
            [-122.050939932225, 36.9801136887176, -0.000038558660889975],
            [-122.050985855833, 36.9801009750534, -0.000038558660889975],
            [-122.051004675694, 36.9800916912473, -0.000038558660889975],
            [-122.05101717795, 36.9800770680733, -0.000038558660889975],
            [-122.051021205241, 36.9800596296223, -0.000038558660889975],
            [-122.051020859408, 36.9800451736922, -0.000038558660889975]
          ]
        ]
      },
      "properties": {
        "OBJECTID": 72,
        "CODE": "PKG",
        "NAME": null,
        "NUMBER": null,
        "Location": null,
        "Permit_Type": null,
        "Handicapped": null,
        "Meters": null,
        "Comments": null,
        "Paystations": null,
        "Paystation_Limit": null,
        "Meter_Limit": null,
        "Permit_Days": null,
        "Permit_Period": null,
        "NUM": "None",
        "GlobalID": "9d0e8f23-ef39-4561-98e9-d6d2b5eb26f3"
      }
    },
    {
      "type": "Feature",
      "id": 73,
      "geometry": {
        "type": "Polygon",
        "coordinates": [
          [
            [-122.051443607467, 36.9802358472416, -0.000038558660889975],
            [-122.05144408282, 36.9802353677928, -0.000038558660889975],
            [-122.051446556191, 36.9802332423255, -0.000038558660889975],
            [-122.051495855677, 36.9801908703804, -0.000038558660889975],
            [-122.05150218083, 36.9801873328762, -0.000038558660889975],
            [-122.051509265068, 36.9801837284993, -0.000038558660889975],
            [-122.051513599675, 36.980179915573, -0.000038558660889975],
            [-122.051515568031, 36.9801752581633, -0.000038558660889975],
            [-122.051515795235, 36.9801710330556, -0.000038558660889975],
            [-122.051515237594, 36.9801660631886, -0.000038558660889975],
            [-122.051511044488, 36.9801578622417, -0.000038558660889975],
            [-122.051506842834, 36.9801506608306, -0.000038558660889975],
            [-122.051502467553, 36.9801435915005, -0.000038558660889975],
            [-122.051497945973, 36.9801369981434, -0.000038558660889975],
            [-122.051492474001, 36.9801296937706, -0.000038558660889975],
            [-122.051479665048, 36.9801120241499, -0.000038558660889975],
            [-122.051544810068, 36.9800866902299, -0.000038558660889975],
            [-122.05155083378, 36.9800957436845, -0.000038558660889975],
            [-122.051562918098, 36.9801012865813, -0.000038558660889975],
            [-122.051576893265, 36.9801000525918, -0.000038558660889975],
            [-122.051599903164, 36.9800807800102, -0.000038558660889975],
            [-122.051618343631, 36.9800917860869, -0.000038558660889975],
            [-122.051658201738, 36.9801193631406, -0.000038558660889975],
            [-122.051660809122, 36.9801211677875, 2990.52156144133],
            [-122.051652644684, 36.9801291933738, 4537.48086144135],
            [-122.051644042496, 36.9801403329949, 4537.48086144135],
            [-122.051596762455, 36.9801940475815, 4537.48086144135],
            [-122.051598016176, 36.9801988910335, 4537.48086144135],
            [-122.051597650335, 36.9802023321461, 4537.48086144135],
            [-122.051577374776, 36.9802284669801, 4537.48086144135],
            [-122.051570162417, 36.9802368511866, 4537.48086144135],
            [-122.051559621306, 36.980249181835, 4537.48086144135],
            [-122.051555816116, 36.9802494244065, 4537.48086144135],
            [-122.051546323668, 36.980249828244, 4537.48086144135],
            [-122.051535780328, 36.9802532461288, 4537.48086144135],
            [-122.051529580832, 36.9802566134403, 4537.48086144135],
            [-122.051521712851, 36.980262733558, 4537.48086144135],
            [-122.051515568689, 36.9802687784761, 4537.48086144135],
            [-122.051511907192, 36.98027466961, 4537.48086144135],
            [-122.051509078479, 36.9802809074396, 4537.48086144135],
            [-122.051506564682, 36.98028770793, 4537.48086144135],
            [-122.051506216581, 36.9802966821266, -0.000038558660889975],
            [-122.051443607467, 36.9802358472416, -0.000038558660889975]
          ]
        ]
      },
      "properties": {
        "OBJECTID": 73,
        "CODE": "PKG",
        "NAME": null,
        "NUMBER": null,
        "Location": null,
        "Permit_Type": null,
        "Handicapped": null,
        "Meters": null,
        "Comments": null,
        "Paystations": null,
        "Paystation_Limit": null,
        "Meter_Limit": null,
        "Permit_Days": null,
        "Permit_Period": null,
        "NUM": "None",
        "GlobalID": "81acaada-c3e6-4d9c-ace0-c39414b21e06"
      }
    },
    {
      "type": "Feature",
      "id": 74,
      "geometry": {
        "type": "Polygon",
        "coordinates": [
          [
            [-122.051495152612, 36.9803931288954, -0.000038558660889975],
            [-122.051570910683, 36.9804559508049, -0.000038558660889975],
            [-122.051560447774, 36.9804545110966, 4459.80856144134],
            [-122.051552618166, 36.9804546621096, 4459.80856144134],
            [-122.051544330865, 36.9804565819424, 4459.80856144134],
            [-122.051537239545, 36.9804596817477, 4459.80856144134],
            [-122.051530075242, 36.9804644136814, 4459.80856144134],
            [-122.051522506076, 36.9804704270882, 2229.90426144135],
            [-122.051470679574, 36.9805071190974, -0.000038558660889975],
            [-122.051448522009, 36.9805246482233, -0.000038558660889975],
            [-122.051421657026, 36.9805372464523, -0.000038558660889975],
            [-122.051391746712, 36.9805441337715, -0.000038558660889975],
            [-122.051360645822, 36.9805448844791, -0.000038558660889975],
            [-122.051263309325, 36.9805466981496, -0.000038558660889975],
            [-122.051238349191, 36.9805471625837, -0.000038558660889975],
            [-122.051234573699, 36.9805927689623, -0.000038558660889975],
            [-122.050992604699, 36.9805963661591, -0.000038558660889975],
            [-122.050991220506, 36.9805513862384, -0.000038558660889975],
            [-122.050991577454, 36.9804631277444, -0.000038558660889975],
            [-122.050991590093, 36.9804599878228, -0.000038558660889975],
            [-122.050997106141, 36.9804599117703, -0.000038558660889975],
            [-122.050997423691, 36.9804441817447, -0.000038558660889975],
            [-122.050998168124, 36.9804074113167, -0.000038558660889975],
            [-122.051068560982, 36.9804064058602, -0.000038558660889975],
            [-122.051070969159, 36.9804510351173, -0.000038558660889975],
            [-122.051182669972, 36.9804900924962, -0.000038558660889975],
            [-122.051350999542, 36.9804886504158, -0.000038558660889975],
            [-122.051379512455, 36.9804858397617, -0.000038558660889975],
            [-122.051406012445, 36.9804769421863, -0.000038558660889975],
            [-122.051428520477, 36.980462620256, -0.000038558660889975],
            [-122.051493853241, 36.9804009694289, -0.000038558660889975],
            [-122.051495152612, 36.9803931288954, -0.000038558660889975]
          ]
        ]
      },
      "properties": {
        "OBJECTID": 74,
        "CODE": "PKG",
        "NAME": null,
        "NUMBER": null,
        "Location": null,
        "Permit_Type": null,
        "Handicapped": null,
        "Meters": null,
        "Comments": null,
        "Paystations": null,
        "Paystation_Limit": null,
        "Meter_Limit": null,
        "Permit_Days": null,
        "Permit_Period": null,
        "NUM": "None",
        "GlobalID": "2c07ccad-5f0f-4f7a-944a-12ccea42028f"
      }
    },
    {
      "type": "Feature",
      "id": 75,
      "geometry": {
        "type": "Polygon",
        "coordinates": [
          [
            [-122.051564219104, 36.980807113679, -0.000038558660889975],
            [-122.051451820687, 36.9808636995546, -0.000038558660889975],
            [-122.051452564826, 36.9808338286515, -0.000038558660889975],
            [-122.051441882176, 36.9808187685316, -0.000038558660889975],
            [-122.051424812215, 36.9808081542378, -0.000038558660889975],
            [-122.051403968727, 36.9808036100969, -0.000038558660889975],
            [-122.051310152855, 36.9808052868556, -0.000038558660889975],
            [-122.051311252522, 36.9807678844684, -0.000038558660889975],
            [-122.051350528251, 36.980767212495, -0.000038558660889975],
            [-122.051368239775, 36.9807669093343, -0.000038558660889975],
            [-122.051400559121, 36.980766356002, -0.000038558660889975],
            [-122.051422088339, 36.9807583148849, -0.000038558660889975],
            [-122.051428583816, 36.9807504061398, -0.000038558660889975],
            [-122.051435154953, 36.9807424080712, -0.000038558660889975],
            [-122.051523979298, 36.9807409724389, 2229.90426144135],
            [-122.051524492393, 36.9807506894781, 4459.80856144134],
            [-122.051512271802, 36.9807617123021, 4459.80856144134],
            [-122.051509130464, 36.9807780440385, 4459.80856144134],
            [-122.051513934065, 36.9807889873044, 4459.80856144134],
            [-122.051524066146, 36.9808008870506, 4459.80856144134],
            [-122.051538121054, 36.9808077447132, 4459.80856144134],
            [-122.051552061851, 36.9808090264132, 4459.80856144134],
            [-122.051564219104, 36.980807113679, -0.000038558660889975]
          ]
        ]
      },
      "properties": {
        "OBJECTID": 75,
        "CODE": "PKG",
        "NAME": null,
        "NUMBER": null,
        "Location": null,
        "Permit_Type": null,
        "Handicapped": null,
        "Meters": null,
        "Comments": null,
        "Paystations": null,
        "Paystation_Limit": null,
        "Meter_Limit": null,
        "Permit_Days": null,
        "Permit_Period": null,
        "NUM": "None",
        "GlobalID": "2b024a26-2d44-43a2-8c79-62a92f06dadf"
      }
    },
    {
      "type": "Feature",
      "id": 76,
      "geometry": {
        "type": "Polygon",
        "coordinates": [
          [
            [-122.051155923945, 36.9809892112049, -0.000038558660889975],
            [-122.051083167739, 36.9810123751068, -0.000038558660889975],
            [-122.051060358852, 36.9809634309684, -0.000038558660889975],
            [-122.051055585665, 36.9809454210321, -0.000038558660889975],
            [-122.051046248926, 36.9809101959265, -0.000038558660889975],
            [-122.051046405853, 36.98086385634, -0.000038558660889975],
            [-122.051046434314, 36.9808557190973, -0.000038558660889975],
            [-122.051131673735, 36.9808547432819, -0.000038558660889975],
            [-122.051145751092, 36.9808656245161, -0.000038558660889975],
            [-122.051149720751, 36.9808664359684, -0.000038558660889975],
            [-122.051164693566, 36.9808694973628, -0.000038558660889975],
            [-122.051166863725, 36.9809210878906, -0.000038558660889975],
            [-122.051167486386, 36.9809358925062, -0.000038558660889975],
            [-122.051183459781, 36.9809354601875, -0.000038558660889975],
            [-122.05116455935, 36.9809400381651, -0.000038558660889975],
            [-122.051150758613, 36.9809513532229, -0.000038558660889975],
            [-122.051145475185, 36.9809666040678, -0.000038558660889975],
            [-122.051145773945, 36.9809793240275, -0.000038558660889975],
            [-122.051155923945, 36.9809892112049, -0.000038558660889975]
          ]
        ]
      },
      "properties": {
        "OBJECTID": 76,
        "CODE": "PKG",
        "NAME": null,
        "NUMBER": null,
        "Location": null,
        "Permit_Type": null,
        "Handicapped": null,
        "Meters": null,
        "Comments": null,
        "Paystations": null,
        "Paystation_Limit": null,
        "Meter_Limit": null,
        "Permit_Days": null,
        "Permit_Period": null,
        "NUM": "None",
        "GlobalID": "44d76075-8109-4a19-8fe7-403eeb5b7c12"
      }
    },
    {
      "type": "Feature",
      "id": 77,
      "geometry": {
        "type": "Polygon",
        "coordinates": [
          [
            [-122.050081589106, 36.9813077449256, 0],
            [-122.050208247152, 36.9812938550006, 0],
            [-122.050192478576, 36.9813179191257, 0],
            [-122.050192625503, 36.9813381994019, 0],
            [-122.050206468113, 36.9813497913048, 0],
            [-122.050219586005, 36.9813526701999, 0],
            [-122.050229408948, 36.9813540662663, 0],
            [-122.050245783335, 36.981354933674, 0],
            [-122.05024563705, 36.9813615035061, 0],
            [-122.050245236467, 36.981379584941, 0],
            [-122.050243806666, 36.9814439463555, 0],
            [-122.050243670392, 36.9814500762729, 0],
            [-122.050191743663, 36.9814493911883, 0],
            [-122.050189875758, 36.9814495620064, 0],
            [-122.050188058342, 36.9814499475384, 0],
            [-122.050186329468, 36.9814505409702, 0],
            [-122.050184725933, 36.9814513291961, 0],
            [-122.050182306612, 36.981453029456, 0],
            [-122.050179646909, 36.9814568516132, 0],
            [-122.050178896858, 36.9814601311064, 0],
            [-122.050178819922, 36.9814630420782, 0],
            [-122.050178640149, 36.9814698944283, 0],
            [-122.050106768191, 36.9814686777263, 0],
            [-122.050106998943, 36.981461628239, 0],
            [-122.050107094935, 36.9814587152117, 0],
            [-122.050106925403, 36.981456325701, 0],
            [-122.050106274634, 36.9814541859076, 0],
            [-122.050104071811, 36.9814509753967, 0],
            [-122.050101810377, 36.9814491697219, 0],
            [-122.050099141617, 36.9814477659847, 0],
            [-122.050097411465, 36.9814472095111, 0],
            [-122.050095603241, 36.9814468433254, 0],
            [-122.050093751869, 36.9814466723705, 0],
            [-122.050091887762, 36.9814467007483, 0],
            [-122.05004486137, 36.9814469084424, 0],
            [-122.050044837275, 36.9814418242371, 0],
            [-122.050044545274, 36.9813798594483, 0],
            [-122.050044497671, 36.9813619939485, 0],
            [-122.050090256214, 36.9813405890417, 0],
            [-122.050101376462, 36.9813317519652, 0],
            [-122.050100306398, 36.9813188800406, 0],
            [-122.050081589106, 36.9813077449256, 0]
          ]
        ]
      },
      "properties": {
        "OBJECTID": 77,
        "CODE": "PKG",
        "NAME": null,
        "NUMBER": null,
        "Location": null,
        "Permit_Type": null,
        "Handicapped": null,
        "Meters": null,
        "Comments": null,
        "Paystations": null,
        "Paystation_Limit": null,
        "Meter_Limit": null,
        "Permit_Days": null,
        "Permit_Period": null,
        "NUM": "None",
        "GlobalID": "8f872ee5-2f36-41ad-a54c-6451d0e95c8d"
      }
    },
    {
      "type": "Feature",
      "id": 78,
      "geometry": {
        "type": "Polygon",
        "coordinates": [
          [
            [-122.050177536663, 36.9812252354466, -0.000038558660889975],
            [-122.050092885206, 36.9812382778176, -0.000038558660889975],
            [-122.050088362298, 36.9812349359248, -0.000038558660889975],
            [-122.049971688829, 36.9812007018621, -0.000038558660889975],
            [-122.049966070848, 36.9811990534372, -0.000038558660889975],
            [-122.049979097744, 36.9811527492106, -0.000038558660889975],
            [-122.049992045474, 36.9811575625477, -0.000038558660889975],
            [-122.05004240784, 36.9811762851388, -0.000038558660889975],
            [-122.050074496307, 36.9811828753891, -0.000038558660889975],
            [-122.050090177525, 36.9811862429247, -0.000038558660889975],
            [-122.050104392415, 36.9811860540151, -0.000038558660889975],
            [-122.050119557911, 36.9811783716752, -0.000038558660889975],
            [-122.050121116687, 36.9811724238194, -0.000038558660889975],
            [-122.050063117889, 36.9811501556207, -0.000038558660889975],
            [-122.050113513429, 36.9810498185554, -0.000038558660889975],
            [-122.050173061445, 36.9810674745651, -0.000038558660889975],
            [-122.050185215677, 36.9810680231713, -0.000038558660889975],
            [-122.050193286546, 36.9810610569337, -0.000038558660889975],
            [-122.050199020411, 36.9810512361384, -0.000038558660889975],
            [-122.050264690822, 36.9810753290543, -0.000038558660889975],
            [-122.050249143757, 36.9811032085943, -0.000038558660889975],
            [-122.05029968842, 36.9811236859763, -0.000038558660889975],
            [-122.050241444773, 36.9812163095916, -0.000038558660889975],
            [-122.050191355302, 36.9811955747015, -0.000038558660889975],
            [-122.050175449456, 36.9812004236292, -0.000038558660889975],
            [-122.05016949373, 36.9812132095901, -0.000038558660889975],
            [-122.050177536663, 36.9812252354466, -0.000038558660889975]
          ]
        ]
      },
      "properties": {
        "OBJECTID": 78,
        "CODE": "PKG",
        "NAME": null,
        "NUMBER": null,
        "Location": null,
        "Permit_Type": null,
        "Handicapped": null,
        "Meters": null,
        "Comments": null,
        "Paystations": null,
        "Paystation_Limit": null,
        "Meter_Limit": null,
        "Permit_Days": null,
        "Permit_Period": null,
        "NUM": "None",
        "GlobalID": "c1413d69-15fc-4d06-905c-64cfc3ac085f"
      }
    },
    {
      "type": "Feature",
      "id": 79,
      "geometry": {
        "type": "Polygon",
        "coordinates": [
          [
            [-122.049814393025, 36.9814748095773, -0.000038558660889975],
            [-122.049892809343, 36.981410459788, -0.000038558660889975],
            [-122.049938072667, 36.9814427608521, -0.000038558660889975],
            [-122.049920527138, 36.9814581853926, -0.000038558660889975],
            [-122.049905149592, 36.9814717057418, -0.000038558660889975],
            [-122.049889570283, 36.9814870428694, -0.000038558660889975],
            [-122.049876996535, 36.9814994219985, -0.000038558660889975],
            [-122.049863691767, 36.9815125209788, -0.000038558660889975],
            [-122.049829288411, 36.9814868498479, -0.000038558660889975],
            [-122.049814393025, 36.9814748095773, -0.000038558660889975]
          ]
        ]
      },
      "properties": {
        "OBJECTID": 79,
        "CODE": "PKG",
        "NAME": "",
        "NUMBER": null,
        "Location": null,
        "Permit_Type": null,
        "Handicapped": null,
        "Meters": null,
        "Comments": null,
        "Paystations": null,
        "Paystation_Limit": null,
        "Meter_Limit": null,
        "Permit_Days": null,
        "Permit_Period": null,
        "NUM": "None",
        "GlobalID": "123b8505-7faa-40aa-bb2e-6dd00323f700"
      }
    },
    {
      "type": "Feature",
      "id": 80,
      "geometry": {
        "type": "Polygon",
        "coordinates": [
          [
            [-122.0495794613, 36.9814868590065, -0.000038558660889975],
            [-122.049506703104, 36.9814936995503, -0.000038558660889975],
            [-122.049498345496, 36.9814890099265, -0.000038558660889975],
            [-122.04944480397, 36.9814979842087, -0.000038558660889975],
            [-122.049420716661, 36.9814039791212, -0.000038558660889975],
            [-122.049481383345, 36.9813952265157, -0.000038558660889975],
            [-122.049473668086, 36.9813664169662, -0.000038558660889975],
            [-122.049542084075, 36.9813555246913, -0.000038558660889975],
            [-122.049550428304, 36.9813835670772, -0.000038558660889975],
            [-122.049565236687, 36.9813809461429, -0.000038558660889975],
            [-122.049612194661, 36.9813726369333, -0.000038558660889975],
            [-122.04963565041, 36.9814662917003, -0.000038558660889975],
            [-122.049588069569, 36.9814748489105, -0.000038558660889975],
            [-122.049584701142, 36.9814766086289, -0.000038558660889975],
            [-122.0495794613, 36.9814868590065, -0.000038558660889975]
          ]
        ]
      },
      "properties": {
        "OBJECTID": 80,
        "CODE": "PKG",
        "NAME": null,
        "NUMBER": null,
        "Location": null,
        "Permit_Type": null,
        "Handicapped": null,
        "Meters": null,
        "Comments": null,
        "Paystations": null,
        "Paystation_Limit": null,
        "Meter_Limit": null,
        "Permit_Days": null,
        "Permit_Period": null,
        "NUM": "None",
        "GlobalID": "be92f97c-e251-4f52-a1ef-77abb4fef70d"
      }
    },
    {
      "type": "Feature",
      "id": 81,
      "geometry": {
        "type": "Polygon",
        "coordinates": [
          [
            [-122.049604739371, 36.9815531555163, -0.000038558660889975],
            [-122.049681240892, 36.9815402398086, -0.000038558660889975],
            [-122.049685772782, 36.9815557711211, -0.000038558660889975],
            [-122.04970249611, 36.9815651060756, -0.000038558660889975],
            [-122.049722973532, 36.9815605641609, -0.000038558660889975],
            [-122.049736692392, 36.9815575106897, -0.000038558660889975],
            [-122.04978021393, 36.9815476078031, -0.000038558660889975],
            [-122.049782246453, 36.981552853672, -0.000038558660889975],
            [-122.049751189488, 36.9815605957099, -0.000038558660889975],
            [-122.049774554942, 36.9816209165599, -0.000038558660889975],
            [-122.049728663463, 36.9816320305919, -0.000038558660889975],
            [-122.049725784412, 36.981634261444, -0.000038558660889975],
            [-122.049723417121, 36.9816368504795, -0.000038558660889975],
            [-122.04972162971, 36.9816397237966, -0.000038558660889975],
            [-122.049720474392, 36.9816427986934, -0.000038558660889975],
            [-122.049719984138, 36.9816459855136, -0.000038558660889975],
            [-122.049720811821, 36.9816529957038, -0.000038558660889975],
            [-122.049729315836, 36.9816749520084, -0.000038558660889975],
            [-122.04965903132, 36.9816924740508, -0.000038558660889975],
            [-122.049650527342, 36.981670518642, -0.000038558660889975],
            [-122.04964625757, 36.9816643661557, -0.000038558660889975],
            [-122.049644422251, 36.9816620888947, -0.000038558660889975],
            [-122.049642192015, 36.9816600529925, -0.000038558660889975],
            [-122.049639612675, 36.9816583010979, -0.000038558660889975],
            [-122.049636741182, 36.9816568712055, -0.000038558660889975],
            [-122.049633638864, 36.9816557958445, -0.000038558660889975],
            [-122.049630373568, 36.9816550966433, -0.000038558660889975],
            [-122.04958259164, 36.9816669242436, -0.000038558660889975],
            [-122.049560243132, 36.9816092258334, -0.000038558660889975],
            [-122.04957979912, 36.9816025450399, -0.000038558660889975],
            [-122.049596426533, 36.9815967845156, -0.000038558660889975],
            [-122.049612568825, 36.9815825961779, -0.000038558660889975],
            [-122.049614218008, 36.9815660058531, -0.000038558660889975],
            [-122.049604739371, 36.9815531555163, -0.000038558660889975]
          ]
        ]
      },
      "properties": {
        "OBJECTID": 81,
        "CODE": "PKG",
        "NAME": null,
        "NUMBER": null,
        "Location": null,
        "Permit_Type": null,
        "Handicapped": null,
        "Meters": null,
        "Comments": null,
        "Paystations": null,
        "Paystation_Limit": null,
        "Meter_Limit": null,
        "Permit_Days": null,
        "Permit_Period": null,
        "NUM": "None",
        "GlobalID": "598ab34a-328d-47cb-ab7b-8e6f7cf49251"
      }
    },
    {
      "type": "Feature",
      "id": 82,
      "geometry": {
        "type": "Polygon",
        "coordinates": [
          [
            [-122.050104718099, 36.9807773735163, -0.000038558660889975],
            [-122.050123982849, 36.9807803744001, -0.000038558660889975],
            [-122.050143281562, 36.9807775125752, -0.000038558660889975],
            [-122.050150182246, 36.9807684945576, -0.000038558660889975],
            [-122.050148223931, 36.9807580298073, -0.000038558660889975],
            [-122.05012255549, 36.9807469339119, -0.000038558660889975],
            [-122.050093713725, 36.9807434538009, -0.000038558660889975],
            [-122.05009379859, 36.9807401651245, -0.000038558660889975],
            [-122.050095531256, 36.9806726220882, -0.000038558660889975],
            [-122.050120786063, 36.9806717926052, -0.000038558660889975],
            [-122.050121942741, 36.9806814064698, -0.000038558660889975],
            [-122.050217821255, 36.980679641069, -0.000038558660889975],
            [-122.050221892663, 36.9807285739541, -0.000038558660889975],
            [-122.050245192357, 36.9807438720274, -0.000038558660889975],
            [-122.050274469748, 36.9807495172828, -0.000038558660889975],
            [-122.050400052727, 36.9807460601074, -0.000038558660889975],
            [-122.050402326255, 36.9807773345962, -0.000038558660889975],
            [-122.05040314686, 36.9807886228347, -0.000038558660889975],
            [-122.050393981314, 36.9808122026948, -0.000038558660889975],
            [-122.050374386622, 36.9808144394633, -0.000038558660889975],
            [-122.050320982836, 36.9808205366203, -0.000038558660889975],
            [-122.050320872044, 36.9808171297845, -0.000038558660889975],
            [-122.050211061882, 36.9808194237827, -0.000038558660889975],
            [-122.050211249187, 36.9808251763058, -0.000038558660889975],
            [-122.050198524971, 36.9808196525874, -0.000038558660889975],
            [-122.05018407293, 36.9808202123475, -0.000038558660889975],
            [-122.050172070637, 36.9808266937239, -0.000038558660889975],
            [-122.050165985256, 36.980837224823, -0.000038558660889975],
            [-122.050104718099, 36.9807773735163, -0.000038558660889975]
          ]
        ]
      },
      "properties": {
        "OBJECTID": 82,
        "CODE": "PKG",
        "NAME": null,
        "NUMBER": null,
        "Location": null,
        "Permit_Type": null,
        "Handicapped": null,
        "Meters": null,
        "Comments": null,
        "Paystations": null,
        "Paystation_Limit": null,
        "Meter_Limit": null,
        "Permit_Days": null,
        "Permit_Period": null,
        "NUM": "None",
        "GlobalID": "12907195-80a6-4e73-9079-43eb28e80d09"
      }
    },
    {
      "type": "Feature",
      "id": 83,
      "geometry": {
        "type": "Polygon",
        "coordinates": [
          [
            [-122.049131947368, 36.9813956765395, -0.000038558660889975],
            [-122.049077141489, 36.981357637845, -0.000038558660889975],
            [-122.049080918972, 36.9813561583867, -0.000038558660889975],
            [-122.049083675547, 36.9813540886882, -0.000038558660889975],
            [-122.049085425328, 36.9813514051311, -0.000038558660889975],
            [-122.049085973434, 36.9813484076971, -0.000038558660889975],
            [-122.049084776725, 36.9813445782046, -0.000038558660889975],
            [-122.049082746769, 36.9813422305234, -0.000038558660889975],
            [-122.049080166108, 36.9813401956602, -0.000038558660889975],
            [-122.049046600312, 36.9813137246368, -0.000038558660889975],
            [-122.049108268695, 36.9812627155517, -0.000038558660889975],
            [-122.049163560372, 36.9812170594935, -0.000038558660889975],
            [-122.049190902347, 36.9812402300721, -0.000038558660889975],
            [-122.049208026003, 36.981245781982, -0.000038558660889975],
            [-122.049230447555, 36.9812320284821, -0.000038558660889975],
            [-122.049283380661, 36.9812734317966, -0.000038558660889975],
            [-122.049259229059, 36.9812932742087, -0.000038558660889975],
            [-122.049252419174, 36.9813031615171, -0.000038558660889975],
            [-122.04925773147, 36.9813125327453, -0.000038558660889975],
            [-122.049290721565, 36.9813376118046, -0.000038558660889975],
            [-122.049241306549, 36.981378073802, -0.000038558660889975],
            [-122.04918659685, 36.9814234662283, -0.000038558660889975],
            [-122.049145221957, 36.9813917251428, -0.000038558660889975],
            [-122.049131947368, 36.9813956765395, -0.000038558660889975]
          ]
        ]
      },
      "properties": {
        "OBJECTID": 83,
        "CODE": "PKG",
        "NAME": null,
        "NUMBER": null,
        "Location": null,
        "Permit_Type": null,
        "Handicapped": null,
        "Meters": null,
        "Comments": null,
        "Paystations": null,
        "Paystation_Limit": null,
        "Meter_Limit": null,
        "Permit_Days": null,
        "Permit_Period": null,
        "NUM": "None",
        "GlobalID": "b6655ecd-90b9-4290-868e-f5220dfbb5c1"
      }
    },
    {
      "type": "Feature",
      "id": 84,
      "geometry": {
        "type": "Polygon",
        "coordinates": [
          [
            [-122.048899419986, 36.9811023553473, -0.000038558660889975],
            [-122.048946526898, 36.9813382097466, -0.000038558660889975],
            [-122.04894409997, 36.9813383447112, -0.000038558660889975],
            [-122.048941728756, 36.98133878444, -0.000038558660889975],
            [-122.048939473655, 36.9813395164153, -0.000038558660889975],
            [-122.048937389361, 36.9813405236895, -0.000038558660889975],
            [-122.04893552701, 36.98134178035, -0.000038558660889975],
            [-122.048899925356, 36.9813699494489, -0.000038558660889975],
            [-122.048882160296, 36.9813563944152, -0.000038558660889975],
            [-122.048879869272, 36.9813540240628, -0.000038558660889975],
            [-122.048877944803, 36.9813514532842, -0.000038558660889975],
            [-122.048876412341, 36.9813487177892, -0.000038558660889975],
            [-122.048857131656, 36.9813049848399, -0.000038558660889975],
            [-122.048844574406, 36.9812676430795, -0.000038558660889975],
            [-122.048837034087, 36.9812294416507, -0.000038558660889975],
            [-122.048834597154, 36.9811908146822, -0.000038558660889975],
            [-122.048837289442, 36.9811521980078, -0.000038558660889975],
            [-122.048891308431, 36.9811114389336, -0.000038558660889975],
            [-122.048894582565, 36.9811087567659, -0.000038558660889975],
            [-122.048897307626, 36.9811057042899, -0.000038558660889975],
            [-122.048899419986, 36.9811023553473, -0.000038558660889975]
          ]
        ]
      },
      "properties": {
        "OBJECTID": 84,
        "CODE": "PKG",
        "NAME": null,
        "NUMBER": null,
        "Location": null,
        "Permit_Type": null,
        "Handicapped": null,
        "Meters": null,
        "Comments": null,
        "Paystations": null,
        "Paystation_Limit": null,
        "Meter_Limit": null,
        "Permit_Days": null,
        "Permit_Period": null,
        "NUM": "None",
        "GlobalID": "85a2c958-ec5a-4e29-9b2c-bad672bb1aa8"
      }
    },
    {
      "type": "Feature",
      "id": 85,
      "geometry": {
        "type": "Polygon",
        "coordinates": [
          [
            [-122.048710030409, 36.9807381463677, -0.000038558660889975],
            [-122.048658933346, 36.9806792028623, -0.000038558660889975],
            [-122.04866229545, 36.9806789887985, -0.000038558660889975],
            [-122.048665456029, 36.9806780447414, -0.000038558660889975],
            [-122.048669065077, 36.9806759159707, -0.000038558660889975],
            [-122.048671607857, 36.9806729578419, -0.000038558660889975],
            [-122.048672805746, 36.9806694948784, -0.000038558660889975],
            [-122.048672527319, 36.980665908227, -0.000038558660889975],
            [-122.048670802033, 36.9806625913176, -0.000038558660889975],
            [-122.048641209074, 36.9806309126187, -0.000038558660889975],
            [-122.048774186979, 36.9805475981263, -0.000038558660889975],
            [-122.0488096532, 36.9805836642084, -0.000038558660889975],
            [-122.048811640497, 36.9805849256229, -0.000038558660889975],
            [-122.048814349247, 36.9805856024971, -0.000038558660889975],
            [-122.048818081502, 36.980585253742, -0.000038558660889975],
            [-122.048821124262, 36.9805836083155, -0.000038558660889975],
            [-122.0488230726, 36.9805819467809, -0.000038558660889975],
            [-122.048827742197, 36.980580261728, -0.000038558660889975],
            [-122.048831839614, 36.9805804073838, -0.000038558660889975],
            [-122.048836854978, 36.9805845926086, -0.000038558660889975],
            [-122.048879762724, 36.9806280460555, -0.000038558660889975],
            [-122.048852480531, 36.9806467962562, -0.000038558660889975],
            [-122.048850858986, 36.9806482903362, -0.000038558660889975],
            [-122.048849543373, 36.9806499669002, -0.000038558660889975],
            [-122.04884856544, 36.9806517858746, -0.000038558660889975],
            [-122.048847950143, 36.9806537045718, -0.000038558660889975],
            [-122.048847711132, 36.9806556768497, -0.000038558660889975],
            [-122.048847854141, 36.9806576539679, -0.000038558660889975],
            [-122.048848375996, 36.980659590909, -0.000038558660889975],
            [-122.048879248874, 36.9806922682037, -0.000038558660889975],
            [-122.048761206246, 36.9807659472218, -0.000038558660889975],
            [-122.048730536262, 36.9807350452534, -0.000038558660889975],
            [-122.048727263715, 36.9807327942717, -0.000038558660889975],
            [-122.048723255357, 36.9807315209398, -0.000038558660889975],
            [-122.048720026113, 36.9807312601156, -0.000038558660889975],
            [-122.048716830753, 36.98073171619, -0.000038558660889975],
            [-122.048713076051, 36.9807332097534, -0.000038558660889975],
            [-122.048710802341, 36.9807353802737, -0.000038558660889975],
            [-122.048710030409, 36.9807381463677, -0.000038558660889975]
          ]
        ]
      },
      "properties": {
        "OBJECTID": 85,
        "CODE": "PKG",
        "NAME": null,
        "NUMBER": null,
        "Location": null,
        "Permit_Type": null,
        "Handicapped": null,
        "Meters": null,
        "Comments": null,
        "Paystations": null,
        "Paystation_Limit": null,
        "Meter_Limit": null,
        "Permit_Days": null,
        "Permit_Period": null,
        "NUM": "None",
        "GlobalID": "17c33421-77f5-456e-904b-26e93c4e9a88"
      }
    },
    {
      "type": "Feature",
      "id": 86,
      "geometry": {
        "type": "Polygon",
        "coordinates": [
          [
            [-122.048390646973, 36.9803913426979, -0.000038558660889975],
            [-122.048340175112, 36.9803437358635, -0.000038558660889975],
            [-122.048343463011, 36.980343519189, -0.000038558660889975],
            [-122.048346665963, 36.9803428872915, -0.000038558660889975],
            [-122.048349704514, 36.9803418547435, -0.000038558660889975],
            [-122.048352499453, 36.98034044783, -0.000038558660889975],
            [-122.048354979651, 36.9803387035429, -0.000038558660889975],
            [-122.048357084219, 36.9803366650465, -0.000038558660889975],
            [-122.048359726329, 36.9803330765741, -0.000038558660889975],
            [-122.048361635735, 36.9803292004348, -0.000038558660889975],
            [-122.048362767225, 36.9803251318541, -0.000038558660889975],
            [-122.048363091435, 36.9803209721552, -0.000038558660889975],
            [-122.048362600359, 36.9803168232791, -0.000038558660889975],
            [-122.048361306185, 36.9803127859976, -0.000038558660889975],
            [-122.048359241333, 36.9803089617146, -0.000038558660889975],
            [-122.048356457129, 36.9803054425719, -0.000038558660889975],
            [-122.048339646341, 36.9802874877921, -0.000038558660889975],
            [-122.048472411243, 36.9802048064025, -0.000038558660889975],
            [-122.048497831179, 36.9802312685697, -0.000038558660889975],
            [-122.048500371905, 36.9802332760383, -0.000038558660889975],
            [-122.048503306911, 36.9802349024754, -0.000038558660889975],
            [-122.048506547561, 36.9802360985909, -0.000038558660889975],
            [-122.048509996519, 36.9802368287283, -0.000038558660889975],
            [-122.048513549986, 36.9802370708346, -0.000038558660889975],
            [-122.04851710334, 36.9802368172868, -0.000038558660889975],
            [-122.04852054778, 36.9802360758377, -0.000038558660889975],
            [-122.048523782684, 36.9802348694519, -0.000038558660889975],
            [-122.048526733575, 36.9802332360669, -0.000038558660889975],
            [-122.048537701964, 36.9802271651115, -0.000038558660889975],
            [-122.048577930497, 36.980273950793, -0.000038558660889975],
            [-122.048551375482, 36.9802899408319, -0.000038558660889975],
            [-122.048548478551, 36.9802916852489, -0.000038558660889975],
            [-122.048545812339, 36.9802940502273, -0.000038558660889975],
            [-122.048543976927, 36.9802978100347, -0.000038558660889975],
            [-122.048543878627, 36.9803002328421, -0.000038558660889975],
            [-122.048544643668, 36.9803025784003, -0.000038558660889975],
            [-122.048546058271, 36.9803047206773, -0.000038558660889975],
            [-122.048576602294, 36.9803382414232, -0.000038558660889975],
            [-122.04845907292, 36.9804113041174, -0.000038558660889975],
            [-122.048435701037, 36.9803888340672, -0.000038558660889975],
            [-122.048431650146, 36.9803861509252, -0.000038558660889975],
            [-122.048427106593, 36.9803840348646, -0.000038558660889975],
            [-122.04842219401, 36.9803825437228, -0.000038558660889975],
            [-122.048417042376, 36.9803817163278, -0.000038558660889975],
            [-122.04841179148, 36.9803815769583, -0.000038558660889975],
            [-122.048406582892, 36.9803821273399, -0.000038558660889975],
            [-122.048402721376, 36.980383070782, -0.000038558660889975],
            [-122.048399103698, 36.9803845084449, -0.000038558660889975],
            [-122.048395827936, 36.9803864029789, -0.000038558660889975],
            [-122.048392983976, 36.9803887009216, -0.000038558660889975],
            [-122.048390646973, 36.9803913426979, -0.000038558660889975]
          ]
        ]
      },
      "properties": {
        "OBJECTID": 86,
        "CODE": "PKG",
        "NAME": null,
        "NUMBER": null,
        "Location": null,
        "Permit_Type": null,
        "Handicapped": null,
        "Meters": null,
        "Comments": null,
        "Paystations": null,
        "Paystation_Limit": null,
        "Meter_Limit": null,
        "Permit_Days": null,
        "Permit_Period": null,
        "NUM": "None",
        "GlobalID": "72f3ad41-5caa-4d56-a7aa-b3ba01f5a856"
      }
    },
    {
      "type": "Feature",
      "id": 87,
      "geometry": {
        "type": "Polygon",
        "coordinates": [
          [
            [-122.048154178213, 36.9800689792699, -0.000038558660889975],
            [-122.048079944002, 36.9800747228557, -0.000038558660889975],
            [-122.048078648516, 36.9800725276245, -0.000038558660889975],
            [-122.048076782009, 36.9800708581573, -0.000038558660889975],
            [-122.048074560181, 36.9800694980087, -0.000038558660889975],
            [-122.048071795795, 36.9800685731273, -0.000038558660889975],
            [-122.048068979347, 36.9800683374471, -0.000038558660889975],
            [-122.048019294178, 36.980073952529, -0.000038558660889975],
            [-122.048003014773, 36.9799784737494, -0.000038558660889975],
            [-122.048056665791, 36.9799714767803, -0.000038558660889975],
            [-122.048060071228, 36.9799698247576, -0.000038558660889975],
            [-122.048061979551, 36.9799673121408, -0.000038558660889975],
            [-122.048062319618, 36.9799651736054, -0.000038558660889975],
            [-122.048059002807, 36.9799445397847, -0.000038558660889975],
            [-122.0481295554, 36.9799355043589, -0.000038558660889975],
            [-122.048138930513, 36.979953597513, -0.000038558660889975],
            [-122.048140889743, 36.9799552423175, -0.000038558660889975],
            [-122.048143145666, 36.9799566218384, -0.000038558660889975],
            [-122.048145642514, 36.9799577007682, -0.000038558660889975],
            [-122.048148319106, 36.9799584537843, -0.000038558660889975],
            [-122.048151109883, 36.9799588610297, -0.000038558660889975],
            [-122.048153945016, 36.9799589135178, -0.000038558660889975],
            [-122.048168100393, 36.9799578109216, -0.000038558660889975],
            [-122.048199959917, 36.9799542591009, -0.000038558660889975],
            [-122.048214173286, 36.9800498743241, -0.000038558660889975],
            [-122.048189568004, 36.9800499990554, -0.000038558660889975],
            [-122.048184156037, 36.9800503818017, -0.000038558660889975],
            [-122.048178860731, 36.9800513559832, -0.000038558660889975],
            [-122.048167355986, 36.9800543501461, -0.000038558660889975],
            [-122.048161667703, 36.9800563677157, -0.000038558660889975],
            [-122.048156474056, 36.9800591122898, -0.000038558660889975],
            [-122.048154605776, 36.9800604618394, -0.000038558660889975],
            [-122.048152366053, 36.9800634087249, -0.000038558660889975],
            [-122.048152708279, 36.9800666043142, -0.000038558660889975],
            [-122.048154178213, 36.9800689792699, -0.000038558660889975]
          ]
        ]
      },
      "properties": {
        "OBJECTID": 87,
        "CODE": "PKG",
        "NAME": null,
        "NUMBER": null,
        "Location": null,
        "Permit_Type": null,
        "Handicapped": null,
        "Meters": null,
        "Comments": null,
        "Paystations": null,
        "Paystation_Limit": null,
        "Meter_Limit": null,
        "Permit_Days": null,
        "Permit_Period": null,
        "NUM": "None",
        "GlobalID": "c1540de3-246c-4940-a54d-2e71f543fee4"
      }
    },
    {
      "type": "Feature",
      "id": 88,
      "geometry": {
        "type": "Polygon",
        "coordinates": [
          [
            [-122.047958480129, 36.9801425770082, -0.000038558660889975],
            [-122.047949241988, 36.9801969910006, -0.000038558660889975],
            [-122.047944981738, 36.9801971187337, -0.000038558660889975],
            [-122.047941021278, 36.980198384298, -0.000038558660889975],
            [-122.047937818151, 36.9802006419365, -0.000038558660889975],
            [-122.047932466237, 36.9802246945737, -0.000038558660889975],
            [-122.047932853388, 36.9802483745547, -0.000038558660889975],
            [-122.047786000627, 36.980237178588, -0.000038558660889975],
            [-122.047790746784, 36.9801995422244, -0.000038558660889975],
            [-122.047790787896, 36.9801974500131, -0.000038558660889975],
            [-122.047790386925, 36.980195381692, -0.000038558660889975],
            [-122.047789554117, 36.9801933984063, -0.000038558660889975],
            [-122.047788314226, 36.9801915566024, -0.000038558660889975],
            [-122.047786703177, 36.9801899098752, -0.000038558660889975],
            [-122.047784768018, 36.9801885062647, -0.000038558660889975],
            [-122.047782563505, 36.980187386499, -0.000038558660889975],
            [-122.047780155439, 36.9801865821479, -0.000038558660889975],
            [-122.047777611701, 36.9801861166428, -0.000038558660889975],
            [-122.047758845304, 36.9801840108547, -0.000038558660889975],
            [-122.047766413294, 36.9801271470731, -0.000038558660889975],
            [-122.047778003151, 36.9801280620912, -0.000038558660889975],
            [-122.047781613652, 36.9801283467201, -0.000038558660889975],
            [-122.047784643512, 36.9801284182619, -0.000038558660889975],
            [-122.047787649626, 36.980128100804, -0.000038558660889975],
            [-122.047790553535, 36.980127402597, -0.000038558660889975],
            [-122.047793281473, 36.9801263417425, -0.000038558660889975],
            [-122.047795763233, 36.9801249453065, -0.000038558660889975],
            [-122.047797935527, 36.9801232492756, -0.000038558660889975],
            [-122.047799743063, 36.9801212958383, -0.000038558660889975],
            [-122.047805352516, 36.9800848339864, -0.000038558660889975],
            [-122.047805794335, 36.9800819641364, -0.000038558660889975],
            [-122.04782068921, 36.9800834390906, -0.000038558660889975],
            [-122.047953459974, 36.9800965882335, -0.000038558660889975],
            [-122.047948844828, 36.9801307136257, -0.000038558660889975],
            [-122.047949309513, 36.9801331478857, -0.000038558660889975],
            [-122.047950281032, 36.9801354843989, -0.000038558660889975],
            [-122.047951732127, 36.9801376541354, -0.000038558660889975],
            [-122.047953621088, 36.9801395954666, -0.000038558660889975],
            [-122.047955891718, 36.980141252363, -0.000038558660889975],
            [-122.047958480129, 36.9801425770082, -0.000038558660889975]
          ]
        ]
      },
      "properties": {
        "OBJECTID": 88,
        "CODE": "PKG",
        "NAME": null,
        "NUMBER": null,
        "Location": null,
        "Permit_Type": null,
        "Handicapped": null,
        "Meters": null,
        "Comments": null,
        "Paystations": null,
        "Paystation_Limit": null,
        "Meter_Limit": null,
        "Permit_Days": null,
        "Permit_Period": null,
        "NUM": "None",
        "GlobalID": "c00bf3fd-a89a-47c4-a4f4-d94f101e82f8"
      }
    },
    {
      "type": "Feature",
      "id": 89,
      "geometry": {
        "type": "Polygon",
        "coordinates": [
          [
            [-122.050660044729, 36.9817131193895, -0.000038558660889975],
            [-122.050694771259, 36.9817619763628, -0.000038558660889975],
            [-122.050692085147, 36.9817624527565, -0.000038558660889975],
            [-122.05068953905, 36.9817632904692, -0.000038558660889975],
            [-122.050687208828, 36.98176446416, -0.000038558660889975],
            [-122.050685161175, 36.9817659395984, -0.000038558660889975],
            [-122.050683458084, 36.9817676727029, -0.000038558660889975],
            [-122.050652362379, 36.9817881141948, -0.000038558660889975],
            [-122.050650113571, 36.9817905646931, -0.000038558660889975],
            [-122.050648997539, 36.9817934732579, -0.000038558660889975],
            [-122.050649136728, 36.9817965138322, -0.000038558660889975],
            [-122.05065002643, 36.9817986910002, -0.000038558660889975],
            [-122.050651630377, 36.9818005874139, -0.000038558660889975],
            [-122.050682964053, 36.9818275049135, -0.000038558660889975],
            [-122.050623911949, 36.9818650018302, -0.000038558660889975],
            [-122.050621544291, 36.9818625685451, -0.000038558660889975],
            [-122.0506199767, 36.9818609095624, -0.000038558660889975],
            [-122.050618529972, 36.9818593372896, -0.000038558660889975],
            [-122.050616602203, 36.9818571540952, -0.000038558660889975],
            [-122.050614436223, 36.9818545324833, -0.000038558660889975],
            [-122.050612575482, 36.9818521681593, -0.000038558660889975],
            [-122.050610667921, 36.9818498756519, -0.000038558660889975],
            [-122.050608677215, 36.9818476365189, -0.000038558660889975],
            [-122.050606602259, 36.9818454516762, -0.000038558660889975],
            [-122.050604479484, 36.9818433990432, -0.000038558660889975],
            [-122.050602384094, 36.9818416389336, -0.000038558660889975],
            [-122.050600322039, 36.9818401874898, -0.000038558660889975],
            [-122.050597273291, 36.9818386067743, -0.000038558660889975],
            [-122.050588019262, 36.9818363145995, -0.000038558660889975],
            [-122.050577771503, 36.9818363805362, -0.000038558660889975],
            [-122.050574196313, 36.9818371030561, -0.000038558660889975],
            [-122.050570272925, 36.9818385340357, -0.000038558660889975],
            [-122.050566395877, 36.9818401419341, -0.000038558660889975],
            [-122.050563372632, 36.981841427571, -0.000038558660889975],
            [-122.050561107503, 36.9818425985916, -0.000038558660889975],
            [-122.050558979188, 36.981843812853, -0.000038558660889975],
            [-122.050556385798, 36.9818453523189, -0.000038558660889975],
            [-122.050553330683, 36.9818472160434, -0.000038558660889975],
            [-122.050549810493, 36.9818494049722, -0.000038558660889975],
            [-122.050545826331, 36.9818519181895, -0.000038558660889975],
            [-122.050538138603, 36.9818568246398, -0.000038558660889975],
            [-122.050489808226, 36.9818083205822, -0.000038558660889975],
            [-122.050496966555, 36.9818045954257, -0.000038558660889975],
            [-122.050502801543, 36.9818008121597, -0.000038558660889975],
            [-122.050507846626, 36.9817975080134, -0.000038558660889975],
            [-122.050512101805, 36.9817946829871, -0.000038558660889975],
            [-122.050515567061, 36.9817923361799, -0.000038558660889975],
            [-122.050518243555, 36.9817904693787, -0.000038558660889975],
            [-122.050521441431, 36.981787903531, -0.000038558660889975],
            [-122.050523757122, 36.9817852646982, -0.000038558660889975],
            [-122.050525067529, 36.9817828474041, -0.000038558660889975],
            [-122.050525400063, 36.9817757785384, -0.000038558660889975],
            [-122.050523719542, 36.9817674549373, -0.000038558660889975],
            [-122.050522099205, 36.9817647647894, -0.000038558660889975],
            [-122.050520348759, 36.9817624647849, -0.000038558660889975],
            [-122.050517783772, 36.9817596141654, -0.000038558660889975],
            [-122.050515948379, 36.9817577154193, -0.000038558660889975],
            [-122.050513572885, 36.9817552831375, -0.000038558660889975],
            [-122.050510656207, 36.9817523191367, -0.000038558660889975],
            [-122.050507198343, 36.9817488234169, -0.000038558660889975],
            [-122.050503200398, 36.9817447950622, -0.000038558660889975],
            [-122.05049866125, 36.9817402340874, -0.000038558660889975],
            [-122.050552037271, 36.9817060029085, -0.000038558660889975],
            [-122.050585544065, 36.9817398072936, -0.000038558660889975],
            [-122.050587470428, 36.9817418138735, -0.000038558660889975],
            [-122.050590016433, 36.981743310252, -0.000038558660889975],
            [-122.050592916168, 36.9817443116796, -0.000038558660889975],
            [-122.050596047755, 36.9817446278224, -0.000038558660889975],
            [-122.050599187758, 36.9817443724975, -0.000038558660889975],
            [-122.050602115783, 36.9817434260724, -0.000038558660889975],
            [-122.050660044729, 36.9817131193895, -0.000038558660889975]
          ]
        ]
      },
      "properties": {
        "OBJECTID": 89,
        "CODE": "PKG",
        "NAME": null,
        "NUMBER": null,
        "Location": null,
        "Permit_Type": null,
        "Handicapped": null,
        "Meters": null,
        "Comments": null,
        "Paystations": null,
        "Paystation_Limit": null,
        "Meter_Limit": null,
        "Permit_Days": null,
        "Permit_Period": null,
        "NUM": "None",
        "GlobalID": "3254842c-5001-435e-a3f6-d0424feeb2ad"
      }
    },
    {
      "type": "Feature",
      "id": 90,
      "geometry": {
        "type": "Polygon",
        "coordinates": [
          [
            [-122.04844771747, 36.9804620036139, -0.000038558660889975],
            [-122.048450248251, 36.9804618402448, -0.000038558660889975],
            [-122.04845271286, 36.9804613551274, -0.000038558660889975],
            [-122.0484550509, 36.9804605607792, -0.000038558660889975],
            [-122.04845719989, 36.9804594778557, -0.000038558660889975],
            [-122.048500556291, 36.9804335319142, -0.000038558660889975],
            [-122.048645384909, 36.9805825289635, -0.000038558660889975],
            [-122.048596117924, 36.9806151844014, -0.000038558660889975],
            [-122.04844771747, 36.9804620036139, -0.000038558660889975]
          ]
        ]
      },
      "properties": {
        "OBJECTID": 90,
        "CODE": "PKG",
        "NAME": null,
        "NUMBER": null,
        "Location": null,
        "Permit_Type": null,
        "Handicapped": null,
        "Meters": null,
        "Comments": null,
        "Paystations": null,
        "Paystation_Limit": null,
        "Meter_Limit": null,
        "Permit_Days": null,
        "Permit_Period": null,
        "NUM": "None",
        "GlobalID": "55ff8401-2a6a-4473-8cac-45e57d27eee3"
      }
    },
    {
      "type": "Feature",
      "id": 92,
      "geometry": {
        "type": "Polygon",
        "coordinates": [
          [
            [-122.050392487112, 36.9810979193714, -0.000038558660889975],
            [-122.050313381389, 36.9810083072984, -0.000038558660889975],
            [-122.050336480184, 36.9810130559674, -0.000038558660889975],
            [-122.050359916112, 36.9810095434289, -0.000038558660889975],
            [-122.050396553642, 36.9809942002914, -0.000038558660889975],
            [-122.050413839945, 36.9809897853818, -0.000038558660889975],
            [-122.050435921064, 36.9809841469004, -0.000038558660889975],
            [-122.050476873049, 36.9809796760451, -0.000038558660889975],
            [-122.050518159997, 36.9809809268972, -0.000038558660889975],
            [-122.050530507161, 36.9809685182661, -0.000038558660889975],
            [-122.050532483065, 36.9809634065727, -0.000038558660889975],
            [-122.0506762466, 36.9809606356509, -0.000038558660889975],
            [-122.050687649179, 36.9809604155674, -0.000038558660889975],
            [-122.050687144196, 36.9809775160934, -0.000038558660889975],
            [-122.050752113537, 36.9809781600249, -0.000038558660889975],
            [-122.050766873371, 36.9809783062419, -0.000038558660889975],
            [-122.050803181402, 36.9809786652223, -0.000038558660889975],
            [-122.050853264345, 36.9809867390879, -0.000038558660889975],
            [-122.050865002969, 36.9809906600031, -0.000038558660889975],
            [-122.050879769671, 36.9809966305194, -0.000038558660889975],
            [-122.050898471601, 36.9810058236418, -0.000038558660889975],
            [-122.05092405929, 36.9810239299159, -0.000038558660889975],
            [-122.050966057431, 36.981066890043, -0.000038558660889975],
            [-122.050979557709, 36.9810775131194, -0.000038558660889975],
            [-122.050998463076, 36.9810776303181, -0.000038558660889975],
            [-122.050902475051, 36.9811268086293, -0.000038558660889975],
            [-122.05089872508, 36.9811014511797, -0.000038558660889975],
            [-122.050886753969, 36.9810777945468, -0.000038558660889975],
            [-122.050867410886, 36.9810575216788, -0.000038558660889975],
            [-122.050850631561, 36.9810495015739, -0.000038558660889975],
            [-122.05083135215, 36.9810469921534, -0.000038558660889975],
            [-122.050812275876, 36.9810503467898, -0.000038558660889975],
            [-122.050812161158, 36.9810524607095, -0.000038558660889975],
            [-122.050812002306, 36.9810553745734, -0.000038558660889975],
            [-122.050810336197, 36.9810860318517, -0.000038558660889975],
            [-122.050669165246, 36.9810878898063, -0.000038558660889975],
            [-122.050618609008, 36.9810885556058, -0.000038558660889975],
            [-122.050497318483, 36.9810901517629, -0.000038558660889975],
            [-122.050493493268, 36.9810527139211, -0.000038558660889975],
            [-122.050486706049, 36.9810411724568, -0.000038558660889975],
            [-122.050471523354, 36.9810386094208, -0.000038558660889975],
            [-122.05042543996, 36.9810433458437, -0.000038558660889975],
            [-122.050406668712, 36.9810532579387, -0.000038558660889975],
            [-122.05039405504, 36.9810681564878, -0.000038558660889975],
            [-122.050389535471, 36.9810857546616, -0.000038558660889975],
            [-122.050392487112, 36.9810979193714, -0.000038558660889975]
          ]
        ]
      },
      "properties": {
        "OBJECTID": 92,
        "CODE": "PKG",
        "NAME": null,
        "NUMBER": null,
        "Location": null,
        "Permit_Type": null,
        "Handicapped": null,
        "Meters": null,
        "Comments": null,
        "Paystations": null,
        "Paystation_Limit": null,
        "Meter_Limit": null,
        "Permit_Days": null,
        "Permit_Period": null,
        "NUM": "None",
        "GlobalID": "10341c22-3036-4973-8ef8-0a908ddcdff7"
      }
    },
    {
      "type": "Feature",
      "id": 95,
      "geometry": {
        "type": "Polygon",
        "coordinates": [
          [
            [-122.065784828723, 37.0024731826389, 0],
            [-122.06591434341, 37.002429771349, 0],
            [-122.065910325531, 37.0024353820475, 0],
            [-122.065909989511, 37.0024367257342, 0],
            [-122.065909841592, 37.0024380912286, 0],
            [-122.065909885909, 37.0024394613526, 0],
            [-122.065910120982, 37.0024408190031, 0],
            [-122.065910543085, 37.0024421471076, 0],
            [-122.065911148489, 37.0024434285934, 0],
            [-122.06591192789, 37.0024446482649, 0],
            [-122.06591287198, 37.0024457909268, 0],
            [-122.065914439028, 37.0024472253259, 0],
            [-122.065915482145, 37.0024479980697, 0],
            [-122.06591664086, 37.0024486566126, 0],
            [-122.065917895832, 37.0024491894984, 0],
            [-122.065919226654, 37.0024495879893, 0],
            [-122.065920609567, 37.0024498442933, 0],
            [-122.065922023172, 37.0024499559941, 0],
            [-122.065923442662, 37.0024499189185, 0],
            [-122.06596262037, 37.0024378136249, 0],
            [-122.065974517393, 37.0024636660587, 0],
            [-122.065989438099, 37.0024960881784, 0],
            [-122.06600336892, 37.0025263571081, 0],
            [-122.066016118197, 37.002523747349, 0],
            [-122.066044695788, 37.0026093865103, 0],
            [-122.066045580914, 37.002611903385, 0],
            [-122.066046337385, 37.0026144472201, 0],
            [-122.066046964003, 37.0026170144268, 0],
            [-122.066047459532, 37.0026195996146, 0],
            [-122.066080674862, 37.0027423616588, 0],
            [-122.066085061032, 37.0027594083812, 0],
            [-122.066089664431, 37.0027764188435, 0],
            [-122.066094481635, 37.002793390388, 0],
            [-122.06609713891, 37.0028344708763, 0],
            [-122.066096678179, 37.0028468000119, 0],
            [-122.066096114009, 37.0028591260299, 0],
            [-122.066095218311, 37.0028760264619, 0],
            [-122.066093960271, 37.0028927398029, 0],
            [-122.066092557115, 37.0029094451785, 0],
            [-122.066091008862, 37.0029261434898, 0],
            [-122.066087939829, 37.0029626876205, 0],
            [-122.066086539199, 37.0029794064801, 0],
            [-122.066085347787, 37.0029961360494, 0],
            [-122.066084366662, 37.0030128736104, 0],
            [-122.066083595822, 37.0030296191631, 0],
            [-122.066083035194, 37.0030463691038, 0],
            [-122.0660826859, 37.0030631234174, 0],
            [-122.066080576469, 37.0031261083691, 0],
            [-122.066077598976, 37.0031259536768, 0],
            [-122.066074613916, 37.0031259748192, 0],
            [-122.066071639299, 37.0031261733569, 0],
            [-122.06606869192, 37.0031265463609, 0],
            [-122.066065786361, 37.0031270927342, 0],
            [-122.066062938294, 37.0031278095631, 0],
            [-122.066060164473, 37.0031286921164, 0],
            [-122.066057478324, 37.0031297375106, 0],
            [-122.066054896525, 37.003130937411, 0],
            [-122.066052431341, 37.0031322871469, 0],
            [-122.066050097222, 37.0031337793149, 0],
            [-122.066047907462, 37.0031354047246, 0],
            [-122.06604587202, 37.0031371560327, 0],
            [-122.066044003027, 37.0031390222621, 0],
            [-122.066042310385, 37.0031409933667, 0],
            [-122.066040804018, 37.0031430602014, 0],
            [-122.066039491524, 37.0031452100474, 0],
            [-122.066038379399, 37.003147431102, 0],
            [-122.066037475282, 37.0031497124484, 0],
            [-122.066036782279, 37.0031520414281, 0],
            [-122.066036305724, 37.0031544044516, 0],
            [-122.066036047601, 37.0031567888755, 0],
            [-122.066036009894, 37.0031591820564, 0],
            [-122.066036191215, 37.0031615713963, 0],
            [-122.066036592408, 37.0031639433659, 0],
            [-122.066037209837, 37.0031662853972, 0],
            [-122.066038040993, 37.0031685849072, 0],
            [-122.066039081102, 37.0031708284419, 0],
            [-122.066040324302, 37.0031730043647, 0],
            [-122.066041763609, 37.0031751010535, 0],
            [-122.066043392038, 37.0031771068867, 0],
            [-122.066045201501, 37.0031790111584, 0],
            [-122.066047179416, 37.0031808032231, 0],
            [-122.066049317731, 37.003182474177, 0],
            [-122.066051602741, 37.0031840133897, 0],
            [-122.066054024185, 37.0031854137893, 0],
            [-122.06605656615, 37.0031866665774, 0],
            [-122.066059217288, 37.0031877664992, 0],
            [-122.066061962847, 37.0031887065431, 0],
            [-122.066064785864, 37.0031894815296, 0],
            [-122.066067673907, 37.0031900880209, 0],
            [-122.066070608908, 37.0031905217533, 0],
            [-122.066015023252, 37.0031896384827, 0],
            [-122.066013362891, 37.0031903564915, 0],
            [-122.066011814556, 37.0031912198915, 0],
            [-122.066010397119, 37.0031922176151, 0],
            [-122.066009128308, 37.0031933377088, 0],
            [-122.066008025776, 37.0031945646155, 0],
            [-122.066007102704, 37.0031958837389, 0],
            [-122.066006371108, 37.0031972786963, 0],
            [-122.066005839581, 37.0031987304474, 0],
            [-122.066005516734, 37.0032002208525, 0],
            [-122.066005404418, 37.0032017309618, 0],
            [-122.066005504466, 37.0032032409243, 0],
            [-122.066005817626, 37.0032047327061, 0],
            [-122.066006337887, 37.0032061874627, 0],
            [-122.066007059217, 37.0032075854487, 0],
            [-122.066007972255, 37.003208908766, 0],
            [-122.06600906543, 37.0032101413484, 0],
            [-122.066010326045, 37.0032112671445, 0],
            [-122.066011735828, 37.0032122719807, 0],
            [-122.066013277646, 37.003213142569, 0],
            [-122.066014933319, 37.00321386924, 0],
            [-122.066016679013, 37.0032144405983, 0],
            [-122.066018494378, 37.0032148506085, 0],
            [-122.066065822899, 37.0032182328788, 0],
            [-122.066065271091, 37.0032257130011, 0],
            [-122.066064535937, 37.0032331838688, 0],
            [-122.06606361959, 37.0032406409471, 0],
            [-122.066062522011, 37.003248082434, 0],
            [-122.066021748208, 37.0032476347944, 0],
            [-122.066018550261, 37.0032514546294, 0],
            [-122.066034803578, 37.0032911369178, 0],
            [-122.066044449649, 37.0033274139532, 0],
            [-122.066036542468, 37.0033521786056, 0],
            [-122.066028395041, 37.0033679606587, 0],
            [-122.066011970738, 37.003386213135, 0],
            [-122.065995501911, 37.0033970547722, 0],
            [-122.065928970252, 37.0034070272841, 0],
            [-122.065907801795, 37.0034037327431, 0],
            [-122.065887560817, 37.0033977681243, 0],
            [-122.065860549319, 37.0033815964037, 0],
            [-122.065845719628, 37.0033646907328, 0],
            [-122.065834387219, 37.0033367687699, 0],
            [-122.065838066271, 37.0032813625434, 0],
            [-122.065875758095, 37.0032028113339, 0],
            [-122.065894588407, 37.00316987134, 0],
            [-122.065925138767, 37.0031710465197, 0],
            [-122.065934413251, 37.0030917736226, 0],
            [-122.065863957377, 37.0030866848154, 0],
            [-122.06585869196, 37.0030863048838, 0],
            [-122.065867452849, 37.003024366177, 0],
            [-122.065867805345, 37.0030218732446, 0],
            [-122.065868034772, 37.002991185351, 0],
            [-122.065868337977, 37.0029835833003, 0],
            [-122.065868827842, 37.0029759877564, 0],
            [-122.06586950328, 37.0029684005362, 0],
            [-122.065870363262, 37.0029608261596, 0],
            [-122.065871407825, 37.0029532664286, 0],
            [-122.065872637044, 37.0029457249467, 0],
            [-122.065874050958, 37.0029382035159, 0],
            [-122.065875647412, 37.0029307066711, 0],
            [-122.06587677384, 37.002925778234, 0],
            [-122.065880425739, 37.0029052098956, 0],
            [-122.06588424885, 37.0028846617891, 0],
            [-122.065885153466, 37.002879819239, 0],
            [-122.065897440128, 37.0028798607119, 0],
            [-122.065889816945, 37.0028200596407, 0],
            [-122.065872415854, 37.0028212727814, 0],
            [-122.065855443171, 37.0027416086659, 0],
            [-122.06585787676, 37.0027408992071, 0],
            [-122.065860224888, 37.0027400250751, 0],
            [-122.065862471941, 37.0027389918867, 0],
            [-122.065864600116, 37.0027378079918, 0],
            [-122.065866593875, 37.0027364826106, 0],
            [-122.065868437659, 37.0027350240628, 0],
            [-122.065870119377, 37.0027334451275, 0],
            [-122.065871625735, 37.002731754995, 0],
            [-122.065872945801, 37.0027299682311, 0],
            [-122.065874068607, 37.0027280975999, 0],
            [-122.065874988797, 37.0027261557899, 0],
            [-122.065875696582, 37.0027241582529, 0],
            [-122.065876188874, 37.0027221185482, 0],
            [-122.065876461517, 37.0027200529532, 0],
            [-122.065876511463, 37.002717976829, 0],
            [-122.06587633901, 37.0027159045909, 0],
            [-122.065875945603, 37.0027138515397, 0],
            [-122.065875333808, 37.0027118329615, 0],
            [-122.065874508455, 37.0027098650127, 0],
            [-122.065873475425, 37.0027079602312, 0],
            [-122.065872242901, 37.0027061338276, 0],
            [-122.065870819028, 37.0027043992105, 0],
            [-122.065869214159, 37.0027027679564, 0],
            [-122.065867442076, 37.0027012542995, 0],
            [-122.065865514219, 37.0026998679995, 0],
            [-122.065863444273, 37.0026986187857, 0],
            [-122.065861249314, 37.0026975172434, 0],
            [-122.065858944116, 37.0026965712851, 0],
            [-122.065856546781, 37.002695786976, 0],
            [-122.065854073168, 37.0026951704119, 0],
            [-122.06585154361, 37.0026947267269, 0],
            [-122.065848976136, 37.0026944583827, 0],
            [-122.065846388775, 37.002694367841, 0],
            [-122.065843801766, 37.0026944557311, 0],
            [-122.065841233082, 37.0026947218121, 0],
            [-122.065829422494, 37.0026605708953, 0],
            [-122.065817544838, 37.0026264361979, 0],
            [-122.065794798, 37.0025625556073, 0],
            [-122.065847050011, 37.0025471504452, 0],
            [-122.065848602741, 37.0025468213974, 0],
            [-122.065850086954, 37.0025463319551, 0],
            [-122.065851478087, 37.0025456896574, 0],
            [-122.065852751655, 37.0025449056475, 0],
            [-122.065853885471, 37.0025439937409, 0],
            [-122.065854858531, 37.0025429704412, 0],
            [-122.065855655448, 37.0025418521763, 0],
            [-122.065856262051, 37.002540659864, 0],
            [-122.065856666415, 37.0025394143917, 0],
            [-122.065856862234, 37.0025381365716, 0],
            [-122.065856846606, 37.0025368489727, 0],
            [-122.065856620003, 37.0025355741184, 0],
            [-122.065848231579, 37.0025305931399, 0],
            [-122.065806372225, 37.0025428848829, 0],
            [-122.06579383977, 37.0024917966656, 0],
            [-122.065790024833, 37.0024836532906, 0],
            [-122.06578605026, 37.0024755598214, 0],
            [-122.065784828723, 37.0024731826389, 0]
          ]
        ]
      },
      "properties": {
        "OBJECTID": 95,
        "CODE": "PKG",
        "NAME": "North Perimeter",
        "NUMBER": 149,
        "Location": null,
        "Permit_Type": "A, B, C150B",
        "Handicapped": "No",
        "Meters": "No",
        "Comments": null,
        "Paystations": "No",
        "Paystation_Limit": null,
        "Meter_Limit": null,
        "Permit_Days": "M - F",
        "Permit_Period": "7:00am - 8:30pm",
        "NUM": "150B",
        "GlobalID": "14b02290-0e4a-4fa1-89ef-4935ea73b757"
      }
    },
    {
      "type": "Feature",
      "id": 96,
      "geometry": {
        "type": "Polygon",
        "coordinates": [
          [
            [-122.053774466409, 36.9950824997754, 0],
            [-122.053515347712, 36.9951036079959, 0],
            [-122.053514679434, 36.9949733339536, 0],
            [-122.053773793606, 36.9949513387798, 0],
            [-122.053774466409, 36.9950824997754, 0]
          ]
        ]
      },
      "properties": {
        "OBJECTID": 96,
        "CODE": "PKG",
        "NAME": "OPERS",
        "NUMBER": 103,
        "Location": null,
        "Permit_Type": "Reserved",
        "Handicapped": "No",
        "Meters": "No",
        "Comments": null,
        "Paystations": "No",
        "Paystation_Limit": null,
        "Meter_Limit": null,
        "Permit_Days": "All",
        "Permit_Period": "All",
        "NUM": "103B",
        "GlobalID": "fdc45872-9948-4077-a8f2-512b99707225"
      }
    },
    {
      "type": "Feature",
      "id": 97,
      "geometry": {
        "type": "Polygon",
        "coordinates": [
          [
            [-122.052020674825, 36.9792797120782, 0],
            [-122.051997117196, 36.9792877406495, 0],
            [-122.051973560667, 36.9792957683002, 0],
            [-122.051972550837, 36.9792965288253, 0],
            [-122.051971697274, 36.9792974044262, 0],
            [-122.05197102203, 36.9792983749831, 0],
            [-122.051970539216, 36.9792994168772, 0],
            [-122.051970261808, 36.9793005056039, 0],
            [-122.0519702143, 36.9793013046924, 0],
            [-122.051802544965, 36.9791997335492, 0],
            [-122.051803941522, 36.9791999123298, 0],
            [-122.051805354623, 36.9791999133553, 0],
            [-122.051806751666, 36.9791997352573, 0],
            [-122.051808095705, 36.9791993839343, 0],
            [-122.051809355444, 36.9791988670123, 0],
            [-122.051810497475, 36.9791981984537, 0],
            [-122.051847506349, 36.9791859328845, 0],
            [-122.051859374433, 36.9791819989847, 0],
            [-122.051899939511, 36.9792065727821, 0],
            [-122.051917281, 36.9792170779489, 0],
            [-122.052008080186, 36.9792720825513, 0],
            [-122.052020674825, 36.9792797120782, 0]
          ]
        ]
      },
      "properties": {
        "OBJECTID": 97,
        "CODE": "PKG",
        "NAME": "University Police",
        "NUMBER": 105,
        "Location": null,
        "Permit_Type": "A, N, Disability",
        "Handicapped": "Yes",
        "Meters": "No",
        "Comments": null,
        "Paystations": "No",
        "Paystation_Limit": null,
        "Meter_Limit": null,
        "Permit_Days": "M - F",
        "Permit_Period": "7:00am - 5:00pm",
        "NUM": "105",
        "GlobalID": "65e748d2-3f3d-4833-80cb-3b1ac5bc5164"
      }
    },
    {
      "type": "Feature",
      "id": 98,
      "geometry": {
        "type": "Polygon",
        "coordinates": [
          [
            [-122.055307497725, 37.0010539640811, 0],
            [-122.055236981965, 37.0010760001351, 0],
            [-122.055233568638, 37.0010689054754, 0],
            [-122.055172440909, 37.0009418372723, 0],
            [-122.055171208802, 37.0009400711342, 0],
            [-122.055169795409, 37.0009383948283, 0],
            [-122.055168212188, 37.0009368190163, 0],
            [-122.055166469508, 37.0009353561766, 0],
            [-122.055164578791, 37.000934015169, 0],
            [-122.055162555986, 37.0009328065951, 0],
            [-122.055160413598, 37.0009317374978, 0],
            [-122.055158166436, 37.0009308175929, 0],
            [-122.05515583032, 37.0009300511754, 0],
            [-122.05515342337, 37.0009294452134, 0],
            [-122.055150961388, 37.0009290031009, 0],
            [-122.055148461298, 37.0009287282173, 0],
            [-122.055145942251, 37.0009286230107, 0],
            [-122.055101680657, 37.0009411159504, 0],
            [-122.055072725989, 37.0008796998063, 0],
            [-122.055047655899, 37.0008267013006, 0],
            [-122.055094978936, 37.0008105060241, 0],
            [-122.055096546822, 37.0008098777211, 0],
            [-122.055098008285, 37.0008091021396, 0],
            [-122.055099342207, 37.0008081903754, 0],
            [-122.055100529791, 37.0008071570982, 0],
            [-122.055101554485, 37.0008060169477, 0],
            [-122.055102399759, 37.0008047854644, 0],
            [-122.055103053647, 37.0008034817331, 0],
            [-122.055103506414, 37.0008021239073, 0],
            [-122.055103752853, 37.0008007318827, 0],
            [-122.055103787778, 37.0007993264558, 0],
            [-122.055103611618, 37.0007979283485, 0],
            [-122.055103227031, 37.0007965573515, 0],
            [-122.055102638919, 37.0007952332259, 0],
            [-122.055101856681, 37.0007939756725, 0],
            [-122.055100890799, 37.0007928025756, 0],
            [-122.055097312559, 37.0007860444534, 0],
            [-122.055093548039, 37.0007793518976, 0],
            [-122.055089599538, 37.0007727275811, 0],
            [-122.055085469362, 37.0007661741768, 0],
            [-122.055081158744, 37.0007596970753, 0],
            [-122.055076671073, 37.0007532971327, 0],
            [-122.055073944776, 37.0007496421807, 0],
            [-122.055071078364, 37.0007460575869, 0],
            [-122.055068072997, 37.0007425451382, 0],
            [-122.05506493328, 37.0007391101805, 0],
            [-122.055061661536, 37.0007357562875, 0],
            [-122.055058260028, 37.0007324843303, 0],
            [-122.055055321313, 37.0007298568666, 0],
            [-122.055052248677, 37.0007273276155, 0],
            [-122.055049050097, 37.0007249018779, 0],
            [-122.055045729034, 37.0007225841136, 0],
            [-122.055042292285, 37.0007203769356, 0],
            [-122.055038745578, 37.0007182856748, 0],
            [-122.055035094586, 37.0007163129589, 0],
            [-122.055032226555, 37.0007147650841, 0],
            [-122.055029436448, 37.0007131278535, 0],
            [-122.055026729919, 37.0007114029942, 0],
            [-122.055024110375, 37.0007095922634, 0],
            [-122.055022932921, 37.0007087824633, 0],
            [-122.055021634518, 37.0007081004424, 0],
            [-122.055020236771, 37.0007075585294, 0],
            [-122.055018764559, 37.0007071645035, 0],
            [-122.055017241603, 37.0007069243569, 0],
            [-122.055015692746, 37.0007068440668, 0],
            [-122.055014144964, 37.0007069241748, 0],
            [-122.055012620687, 37.0007071625797, 0],
            [-122.055011149064, 37.0007075561893, 0],
            [-122.055009751288, 37.0007080975117, 0],
            [-122.055008451922, 37.0007087790099, 0],
            [-122.05500727317, 37.0007095877711, 0],
            [-122.05496851714, 37.0007398608344, 0],
            [-122.054882996713, 37.0006755369837, 0],
            [-122.054915237913, 37.0006476398077, 0],
            [-122.054916345839, 37.000646286769, 0],
            [-122.054917267678, 37.0006448460908, 0],
            [-122.054917990289, 37.0006433341701, 0],
            [-122.054918507304, 37.0006417691154, 0],
            [-122.054918812357, 37.0006401690354, 0],
            [-122.05491890131, 37.0006385511081, 0],
            [-122.054918773451, 37.0006369351691, 0],
            [-122.054918430293, 37.0006353401234, 0],
            [-122.054917876685, 37.000633783029, 0],
            [-122.054917117513, 37.0006322827459, 0],
            [-122.054916162117, 37.0006308562723, 0],
            [-122.054915020961, 37.0006295205913, 0],
            [-122.054905115616, 37.0006236767871, 0],
            [-122.05489509275, 37.0006179634191, 0],
            [-122.054884954647, 37.000612382259, 0],
            [-122.05487470359, 37.000606935079, 0],
            [-122.054864342987, 37.0006016236359, 0],
            [-122.054851434024, 37.0005957675872, 0],
            [-122.05483847275, 37.0005899897369, 0],
            [-122.054825456882, 37.0005842883131, 0],
            [-122.054822136949, 37.0005829465205, 0],
            [-122.054818723699, 37.0005817645816, 0],
            [-122.054815230686, 37.0005807459205, 0],
            [-122.054811668093, 37.0005798940061, 0],
            [-122.05480871002, 37.0005786636448, 0],
            [-122.054805657544, 37.0005775949541, 0],
            [-122.054802523076, 37.000576690472, 0],
            [-122.054799320208, 37.0005759554246, 0],
            [-122.054796063617, 37.0005753932211, 0],
            [-122.054792766839, 37.0005750063846, 0],
            [-122.05478944676, 37.0005747964926, 0],
            [-122.054786115736, 37.0005747633803, 0],
            [-122.054782789531, 37.0005749086401, 0],
            [-122.054779482729, 37.0005752311764, 0],
            [-122.054776209913, 37.0005757298937, 0],
            [-122.054772985613, 37.0005764009937, 0],
            [-122.05476982441, 37.0005772433807, 0],
            [-122.054766739712, 37.0005782532713, 0],
            [-122.054763746008, 37.0005794250653, 0],
            [-122.05476085556, 37.0005807540935, 0],
            [-122.054758082842, 37.0005822338543, 0],
            [-122.054755437851, 37.0005838588077, 0],
            [-122.05475293504, 37.0005856215513, 0],
            [-122.054750582085, 37.000587512971, 0],
            [-122.054748393458, 37.0005895265655, 0],
            [-122.054746375714, 37.0005916532357, 0],
            [-122.054744538736, 37.0005938820354, 0],
            [-122.054742890203, 37.0005962038504, 0],
            [-122.054741438893, 37.0005986086506, 0],
            [-122.054740190201, 37.0006010855498, 0],
            [-122.054739149519, 37.0006036236618, 0],
            [-122.054722641211, 37.0006471045588, 0],
            [-122.054713862397, 37.0006453614789, 0],
            [-122.05470504059, 37.000643766767, 0],
            [-122.054696178054, 37.0006423212942, 0],
            [-122.054687279302, 37.0006410259016, 0],
            [-122.054678348844, 37.0006398814301, 0],
            [-122.054669390052, 37.0006388878348, 0],
            [-122.05465136324, 37.0006369976244, 0],
            [-122.054633351449, 37.000635018894, 0],
            [-122.054628734449, 37.0006344153344, 0],
            [-122.054624155632, 37.0006336481498, 0],
            [-122.054619623986, 37.0006327172204, 0],
            [-122.054615148571, 37.0006316260303, 0],
            [-122.054610737269, 37.0006303753756, 0],
            [-122.054606400264, 37.0006289687253, 0],
            [-122.0545926697, 37.0006260290448, 0],
            [-122.054609441613, 37.0005756343004, 0],
            [-122.054574190431, 37.0005390964866, 0],
            [-122.054573624596, 37.0005385218548, 0],
            [-122.054562977789, 37.0005291011504, 0],
            [-122.054555932942, 37.0005230299519, 0],
            [-122.05454711785, 37.0005156828187, 0],
            [-122.054542445331, 37.0005097944939, 0],
            [-122.05453761053, 37.0005039912411, 0],
            [-122.054532615749, 37.000498275733, 0],
            [-122.054527464415, 37.0004926506277, 0],
            [-122.054522157707, 37.0004871186129, 0],
            [-122.054516697945, 37.0004816832626, 0],
            [-122.054511089661, 37.0004763463187, 0],
            [-122.054505335156, 37.000471110454, 0],
            [-122.054499436753, 37.0004659792425, 0],
            [-122.054493396716, 37.0004609535551, 0],
            [-122.054487219632, 37.0004560378367, 0],
            [-122.054480906643, 37.0004512329731, 0],
            [-122.054477386935, 37.000449792899, 0],
            [-122.054473796583, 37.0004484682175, 0],
            [-122.054470143526, 37.0004472624279, 0],
            [-122.054469297954, 37.0004470150514, 0],
            [-122.054521342291, 37.000408798613, 0],
            [-122.054523823621, 37.0004093621419, 0],
            [-122.054526533977, 37.0004098081674, 0],
            [-122.054529278042, 37.0004100915288, 0],
            [-122.054532040054, 37.0004102106338, 0],
            [-122.054534806514, 37.000410164761, 0],
            [-122.054537560573, 37.0004099541349, 0],
            [-122.054540287646, 37.0004095798511, 0],
            [-122.054542972046, 37.0004090439208, 0],
            [-122.054545600348, 37.0004083492267, 0],
            [-122.054548155779, 37.0004074995969, 0],
            [-122.054550626075, 37.0004064997009, 0],
            [-122.054552996764, 37.0004053560398, 0],
            [-122.054555254479, 37.000404074199, 0],
            [-122.054557388117, 37.0004026606346, 0],
            [-122.054570413329, 37.0003933552838, 0],
            [-122.054599943704, 37.0003722586764, 0],
            [-122.054788753002, 37.0003693677851, 0],
            [-122.054802762148, 37.0003902591157, 0],
            [-122.054823343975, 37.0004209507519, 0],
            [-122.054827617546, 37.0004273229163, 0],
            [-122.054828265303, 37.0004285435122, 0],
            [-122.054829108047, 37.0004296849082, 0],
            [-122.054830132995, 37.000430726547, 0],
            [-122.054831319553, 37.0004316506792, 0],
            [-122.054832648271, 37.0004324404414, 0],
            [-122.05483409528, 37.0004330826337, 0],
            [-122.054835636749, 37.0004335658583, 0],
            [-122.054837243266, 37.0004338805938, 0],
            [-122.05483888778, 37.000434022695, 0],
            [-122.054840541011, 37.0004339889472, 0],
            [-122.054842174876, 37.0004337797246, 0],
            [-122.05484375914, 37.0004333999362, 0],
            [-122.054845266938, 37.000432854446, 0],
            [-122.054846672659, 37.0004321544095, 0],
            [-122.054847949566, 37.0004313109976, 0],
            [-122.054849075513, 37.0004303398255, 0],
            [-122.054850032861, 37.0004292573499, 0],
            [-122.054882716791, 37.0004577176496, 0],
            [-122.054881812098, 37.00046128762, 0],
            [-122.054881110269, 37.0004648873297, 0],
            [-122.054880615609, 37.0004685077096, 0],
            [-122.054880328007, 37.0004721433538, 0],
            [-122.05488024617, 37.0004757861688, 0],
            [-122.054880373284, 37.0004794271004, 0],
            [-122.054880706988, 37.0004830607727, 0],
            [-122.054881247078, 37.0004866772753, 0],
            [-122.054881993442, 37.0004902712027, 0],
            [-122.054882942523, 37.0004938335902, 0],
            [-122.054884094172, 37.0004973572303, 0],
            [-122.054885445993, 37.0005008349453, 0],
            [-122.054886993344, 37.0005042595876, 0],
            [-122.054888734971, 37.0005076248655, 0],
            [-122.05489066507, 37.0005109218444, 0],
            [-122.054892782407, 37.0005141451336, 0],
            [-122.054897543624, 37.000520842436, 0],
            [-122.054902481782, 37.0005274571737, 0],
            [-122.054907593457, 37.0005339866889, 0],
            [-122.054912876345, 37.0005404283086, 0],
            [-122.054918328107, 37.0005467775581, 0],
            [-122.054922442979, 37.0005515630294, 0],
            [-122.054926715528, 37.0005562580823, 0],
            [-122.05493114233, 37.0005608600585, 0],
            [-122.054935721081, 37.0005653662853, 0],
            [-122.054940447194, 37.0005697723178, 0],
            [-122.054945317264, 37.000574076399, 0],
            [-122.054950330092, 37.0005782749401, 0],
            [-122.055002994588, 37.0006211935172, 0],
            [-122.055055701157, 37.0006640790677, 0],
            [-122.05506745415, 37.0006737400222, 0],
            [-122.055079072214, 37.0006835046089, 0],
            [-122.055090554189, 37.000693371041, 0],
            [-122.055163194423, 37.0007844002827, 0],
            [-122.055163799068, 37.0007869561198, 0],
            [-122.055164619762, 37.0007894730293, 0],
            [-122.055165655137, 37.0007919393139, 0],
            [-122.055205368456, 37.0008767872576, 0],
            [-122.055232771301, 37.0009329322452, 0],
            [-122.05523371086, 37.0009341904043, 0],
            [-122.055234825976, 37.0009353534002, 0],
            [-122.055236101691, 37.0009364043096, 0],
            [-122.055237520877, 37.0009373298429, 0],
            [-122.055239063071, 37.0009381185573, 0],
            [-122.055240707792, 37.0009387581093, 0],
            [-122.055242434673, 37.0009392415607, 0],
            [-122.055244219956, 37.0009395611174, 0],
            [-122.055246038853, 37.0009397135052, 0],
            [-122.055247867701, 37.0009396954346, 0],
            [-122.055249681807, 37.000939508136, 0],
            [-122.055251456514, 37.0009391546417, 0],
            [-122.055253168307, 37.00093863887, 0],
            [-122.055259229464, 37.0009367628945, 0],
            [-122.055301090436, 37.0009238080424, 0],
            [-122.055326707068, 37.0009777950302, 0],
            [-122.055355701615, 37.0010389005725, 0],
            [-122.055307497725, 37.0010539640811, 0]
          ],
          [
            [-122.054771882619, 37.000475695564, 0],
            [-122.054748881753, 37.0004345922194, 0],
            [-122.05474340074, 37.0004324708525, 0],
            [-122.054737831895, 37.0004305029576, 0],
            [-122.054732180891, 37.0004286911625, 0],
            [-122.054726455628, 37.0004270371645, 0],
            [-122.054720662902, 37.0004255435765, 0],
            [-122.054714808347, 37.0004242112246, 0],
            [-122.054708899883, 37.0004230427069, 0],
            [-122.054702944287, 37.0004220397355, 0],
            [-122.054696949421, 37.0004212022055, 0],
            [-122.05469092094, 37.000420531844, 0],
            [-122.054684867829, 37.0004200285313, 0],
            [-122.054678796884, 37.0004196948803, 0],
            [-122.054672714827, 37.0004195299004, 0],
            [-122.054669247177, 37.0004195725034, 0],
            [-122.054665788838, 37.0004197934185, 0],
            [-122.054662356641, 37.0004201915204, 0],
            [-122.054658961801, 37.0004207657584, 0],
            [-122.054655621091, 37.0004215123042, 0],
            [-122.054652345689, 37.0004224283054, 0],
            [-122.054649151283, 37.0004235117503, 0],
            [-122.054646048976, 37.0004247561829, 0],
            [-122.054643052171, 37.0004261578196, 0],
            [-122.054640174219, 37.0004277101743, 0],
            [-122.054637425097, 37.0004294068057, 0],
            [-122.054634818155, 37.0004312412274, 0],
            [-122.05463236223, 37.0004332061124, 0],
            [-122.054630068386, 37.0004352932022, 0],
            [-122.054627945423, 37.0004374933678, 0],
            [-122.05462600216, 37.000439798381, 0],
            [-122.054624247358, 37.0004421973106, 0],
            [-122.054622687608, 37.0004446828593, 0],
            [-122.054621329389, 37.0004472423241, 0],
            [-122.054620178131, 37.0004498666207, 0],
            [-122.054619239225, 37.0004525448629, 0],
            [-122.05461889851, 37.0004548645698, 0],
            [-122.054618759199, 37.0004571978145, 0],
            [-122.054618819926, 37.0004595328998, 0],
            [-122.054619080466, 37.0004618590141, 0],
            [-122.054619540597, 37.0004641653463, 0],
            [-122.054620197847, 37.0004664411148, 0],
            [-122.054621048604, 37.0004686746523, 0],
            [-122.054622089293, 37.0004708560933, 0],
            [-122.054623315216, 37.0004729755874, 0],
            [-122.05462471939, 37.0004750215118, 0],
            [-122.054626297135, 37.0004769849172, 0],
            [-122.054628039279, 37.0004788569138, 0],
            [-122.054629937754, 37.0004806276959, 0],
            [-122.054631983404, 37.0004822892748, 0],
            [-122.054634168219, 37.0004838345476, 0],
            [-122.054638445652, 37.0004865424132, 0],
            [-122.054642858338, 37.0004891078901, 0],
            [-122.054647396112, 37.0004915284102, 0],
            [-122.054652052121, 37.0004937986577, 0],
            [-122.054656819571, 37.0004959160195, 0],
            [-122.054661690504, 37.0004978760955, 0],
            [-122.054666657002, 37.0004996762879, 0],
            [-122.054671710004, 37.0005013131124, 0],
            [-122.054676841609, 37.000502784872, 0],
            [-122.054682043881, 37.0005040880677, 0],
            [-122.054687306652, 37.0005052201313, 0],
            [-122.054692623184, 37.0005061811527, 0],
            [-122.054697984415, 37.0005069676477, 0],
            [-122.054703380218, 37.0005075788502, 0],
            [-122.054708802729, 37.000508014865, 0],
            [-122.054714242906, 37.000508273109, 0],
            [-122.054719691781, 37.0005083546027, 0],
            [-122.054725139226, 37.0005082585801, 0],
            [-122.05472834642, 37.0005080635398, 0],
            [-122.054731529848, 37.0005076975892, 0],
            [-122.054734674927, 37.000507161824, 0],
            [-122.054737769357, 37.0005064591116, 0],
            [-122.054740797468, 37.0005055923644, 0],
            [-122.054743746978, 37.0005045653508, 0],
            [-122.054746604501, 37.0005033827554, 0],
            [-122.054749357793, 37.0005020501481, 0],
            [-122.054751994609, 37.0005005730997, 0],
            [-122.054754501602, 37.0004989580961, 0],
            [-122.05475686881, 37.0004972124797, 0],
            [-122.054759085169, 37.0004953445089, 0],
            [-122.054761141842, 37.0004933615107, 0],
            [-122.054763028924, 37.0004912735305, 0],
            [-122.054764945103, 37.0004888544243, 0],
            [-122.054766692176, 37.0004863537606, 0],
            [-122.054768263572, 37.0004837797377, 0],
            [-122.054769656089, 37.0004811405091, 0],
            [-122.054770863118, 37.000478442471, 0],
            [-122.054771882619, 37.000475695564, 0]
          ]
        ]
      },
      "properties": {
        "OBJECTID": 98,
        "CODE": "PKG",
        "NAME": "Crown College Circle",
        "NUMBER": 111,
        "Location": "Crown College",
        "Permit_Type": "A, B, MC, N, Medical, Disability",
        "Handicapped": "Yes",
        "Meters": "Yes",
        "Comments": null,
        "Paystations": "No",
        "Paystation_Limit": null,
        "Meter_Limit": "2 hr.",
        "Permit_Days": "M - F",
        "Permit_Period": "7:00am - 8:30pm",
        "NUM": "111B",
        "GlobalID": "f299c0f5-1c27-42ab-b910-8b2ce5a92ca4"
      }
    },
    {
      "type": "Feature",
      "id": 100,
      "geometry": {
        "type": "Polygon",
        "coordinates": [
          [
            [-122.063337757556, 36.9992989670185, 0],
            [-122.063293312122, 36.9993091603017, 0],
            [-122.063264639585, 36.9992287307219, 0],
            [-122.063211826422, 36.9992408429918, 0],
            [-122.063204380131, 36.9992232396856, 0],
            [-122.063182486134, 36.9991610387581, 0],
            [-122.063176172059, 36.9991408284432, 0],
            [-122.063152714852, 36.9991462083505, 0],
            [-122.063140006336, 36.9991105597212, 0],
            [-122.063155959782, 36.9991071512357, 0],
            [-122.063144074656, 36.9990738130536, 0],
            [-122.063160124681, 36.9990701329149, 0],
            [-122.063159771481, 36.9990691427278, 0],
            [-122.063160594486, 36.9990689532642, 0],
            [-122.063159652993, 36.9990663127603, 0],
            [-122.063200806224, 36.9990568746808, 0],
            [-122.063199394544, 36.9990529139179, 0],
            [-122.06324877796, 36.9990415883902, 0],
            [-122.063236069415, 36.9990059397716, 0],
            [-122.063641015201, 36.9989115399783, 0],
            [-122.063662822217, 36.9989749441832, 0],
            [-122.063691630088, 36.9989683380265, 0],
            [-122.063683627773, 36.9989458919699, 0],
            [-122.063916494005, 36.9988910564664, 0],
            [-122.063929673051, 36.998928025267, 0],
            [-122.06397411819, 36.9989178326426, 0],
            [-122.064001537118, 36.9989947407681, 0],
            [-122.064058798865, 36.9989801794301, 0],
            [-122.064060902726, 36.9989857584624, 0],
            [-122.064066166035, 36.9989944087682, 0],
            [-122.064067902021, 36.9989992104947, 0],
            [-122.064070268632, 36.9990051050275, 0],
            [-122.064084936538, 36.9990598677791, 0],
            [-122.064090062559, 36.9990623070843, 0],
            [-122.064089487481, 36.9990678697616, 0],
            [-122.064094394487, 36.9990816355215, 0],
            [-122.064117851607, 36.9990762554249, 0],
            [-122.064130560582, 36.9991119039476, 0],
            [-122.064112864569, 36.9991159622594, 0],
            [-122.064124750132, 36.999149300343, 0],
            [-122.064111816014, 36.9991542302541, 0],
            [-122.064068018703, 36.999166239165, 0],
            [-122.064069430431, 36.9991701999175, 0],
            [-122.064020047073, 36.9991815266936, 0],
            [-122.064032756019, 36.9992171752271, 0],
            [-122.063830910731, 36.9992653723942, 0],
            [-122.063623498244, 36.99931294089, 0],
            [-122.063611207594, 36.9993145673513, 0],
            [-122.063576429367, 36.9993225449134, 0],
            [-122.0635352154, 36.9993312837095, 0],
            [-122.063522349204, 36.9992951956462, 0],
            [-122.063350466198, 36.9993346156266, 0],
            [-122.063337757556, 36.9992989670185, 0]
          ]
        ]
      },
      "properties": {
        "OBJECTID": 100,
        "CODE": "PKG",
        "NAME": "Core West Structure",
        "NUMBER": 112,
        "Location": null,
        "Permit_Type": "A, B, EV, MC, N, NC, Disability, Medical",
        "Handicapped": "Yes",
        "Meters": "No",
        "Comments": null,
        "Paystations": "Yes",
        "Paystation_Limit": "Flat",
        "Meter_Limit": null,
        "Permit_Days": "M - F",
        "Permit_Period": "7:00am - 8:30pm",
        "NUM": "112",
        "GlobalID": "de9f27d3-430a-4990-97bf-d2df8319acb0"
      }
    },
    {
      "type": "Feature",
      "id": 101,
      "geometry": {
        "type": "Polygon",
        "coordinates": [
          [
            [-122.062558886533, 36.9984068552873, 0],
            [-122.06242869365, 36.9984653183434, 0],
            [-122.06242766256, 36.9984638235517, 0],
            [-122.062424261108, 36.9984588918048, 0],
            [-122.062423875128, 36.9984590790153, 0],
            [-122.062423336583, 36.9984575505913, 0],
            [-122.062400566701, 36.9984245320413, 0],
            [-122.062437506892, 36.9984079437928, 0],
            [-122.062527304286, 36.9983676202889, 0],
            [-122.062558886533, 36.9984068552873, 0]
          ]
        ]
      },
      "properties": {
        "OBJECTID": 101,
        "CODE": "PKG",
        "NAME": "Thimann Lab",
        "NUMBER": 113,
        "Location": null,
        "Permit_Type": "MC, Disability, Medical",
        "Handicapped": "Yes",
        "Meters": "No",
        "Comments": null,
        "Paystations": "No",
        "Paystation_Limit": null,
        "Meter_Limit": null,
        "Permit_Days": "All",
        "Permit_Period": "All",
        "NUM": "113",
        "GlobalID": "45c80b4f-7061-4f61-ae52-cd16423679d6"
      }
    },
    {
      "type": "Feature",
      "id": 102,
      "geometry": {
        "type": "Polygon",
        "coordinates": [
          [
            [-122.060125257884, 36.9961089632088, 0],
            [-122.060046399994, 36.9962276921098, 0],
            [-122.059957850017, 36.9961898526622, 0],
            [-122.059904531609, 36.9962701284475, 0],
            [-122.059897098311, 36.9962813188379, 0],
            [-122.059870333962, 36.9963216167353, 0],
            [-122.059823528762, 36.9963016160048, 0],
            [-122.059819763556, 36.9963076592897, 0],
            [-122.059804216106, 36.9963310693139, 0],
            [-122.059641513069, 36.9962844746198, 0],
            [-122.059651133085, 36.9962628624385, 0],
            [-122.059628506806, 36.9962568322296, 0],
            [-122.059630131393, 36.9962520179593, 0],
            [-122.059634288819, 36.9962392744641, 0],
            [-122.059638237513, 36.9962264886995, 0],
            [-122.059641974141, 36.9962136625125, 0],
            [-122.059645500969, 36.9962007967739, 0],
            [-122.059648814721, 36.9961878960337, 0],
            [-122.059651917663, 36.9961749611627, 0],
            [-122.059653307698, 36.9961673482143, 0],
            [-122.059654893735, 36.9961597596814, 0],
            [-122.05965667699, 36.9961522000537, 0],
            [-122.05965865413, 36.9961446711781, 0],
            [-122.059660826355, 36.9961371766433, 0],
            [-122.059663192615, 36.9961297200683, 0],
            [-122.05966575072, 36.9961223041858, 0],
            [-122.059668499641, 36.9961149335155, 0],
            [-122.05967041372, 36.9961285234811, 0],
            [-122.05967465768, 36.9961417694723, 0],
            [-122.059681149593, 36.9961544157811, 0],
            [-122.059689764137, 36.9961662182765, 0],
            [-122.059724649927, 36.996193259936, 0],
            [-122.059750030733, 36.9961550461079, 0],
            [-122.059753503614, 36.9961460646955, 0],
            [-122.059755011985, 36.9961367393697, 0],
            [-122.059754511475, 36.9961273444597, 0],
            [-122.059752016808, 36.9961181563414, 0],
            [-122.059747601372, 36.9961094453071, 0],
            [-122.059741395059, 36.9961014676147, 0],
            [-122.059733580444, 36.9960944579486, 0],
            [-122.059815416097, 36.9959712447604, 0],
            [-122.060125257884, 36.9961089632088, 0]
          ]
        ]
      },
      "properties": {
        "OBJECTID": 102,
        "CODE": "PKG",
        "NAME": "Upper McHenry Library",
        "NUMBER": 120,
        "Location": null,
        "Permit_Type": "Reserved, Disability, Medical",
        "Handicapped": "Yes",
        "Meters": "No",
        "Comments": null,
        "Paystations": "No",
        "Paystation_Limit": null,
        "Meter_Limit": null,
        "Permit_Days": "All",
        "Permit_Period": "All",
        "NUM": "120B",
        "GlobalID": "664225cb-6d46-45b3-8460-7d665413f064"
      }
    },
    {
      "type": "Feature",
      "id": 103,
      "geometry": {
        "type": "Polygon",
        "coordinates": [
          [
            [-122.06080527254, 36.9996293810994, 0],
            [-122.060809412411, 36.9996412422141, 0],
            [-122.060801438136, 36.9996442579516, 0],
            [-122.060788549037, 36.9996479630656, 0],
            [-122.060775278891, 36.9996519850893, 0],
            [-122.060755602035, 36.9996596255019, 0],
            [-122.060720995002, 36.9995664399039, 0],
            [-122.060723049533, 36.9995661997376, 0],
            [-122.060775766773, 36.9995499317731, 0],
            [-122.060777929419, 36.9995557552003, 0],
            [-122.0607819833, 36.9995666694094, 0],
            [-122.06080527254, 36.9996293810994, 0]
          ]
        ]
      },
      "properties": {
        "OBJECTID": 103,
        "CODE": "PKG",
        "NAME": "Biomed/Science Library",
        "NUMBER": 121,
        "Location": null,
        "Permit_Type": "Disability, Medical",
        "Handicapped": "Yes",
        "Meters": "No",
        "Comments": null,
        "Paystations": "No",
        "Paystation_Limit": null,
        "Meter_Limit": null,
        "Permit_Days": "All",
        "Permit_Period": "All",
        "NUM": "121",
        "GlobalID": "3c50732f-dcc1-4971-91e8-862a50c0fa8a"
      }
    },
    {
      "type": "Feature",
      "id": 104,
      "geometry": {
        "type": "Polygon",
        "coordinates": [
          [
            [-122.053580047055, 36.9799415810371, 0],
            [-122.053570912149, 36.9799411304531, 0],
            [-122.053558922618, 36.9799400113556, 0],
            [-122.053545725223, 36.9799392562052, 0],
            [-122.053534600992, 36.9799382634624, 0],
            [-122.053521921643, 36.979937518532, 0],
            [-122.053582553815, 36.9797511959595, 0],
            [-122.053583628522, 36.9797476543772, 0],
            [-122.053621249737, 36.9797555343581, 0],
            [-122.053639980812, 36.9797605433166, 0],
            [-122.053636855532, 36.9797691048201, 0],
            [-122.053633289402, 36.9797796494121, 0],
            [-122.053630171498, 36.9797905214748, 0],
            [-122.05362695422, 36.9798003368611, 0],
            [-122.053623685787, 36.9798108828945, 0],
            [-122.053620605578, 36.9798205369437, 0],
            [-122.053616787289, 36.9798314354579, 0],
            [-122.053609113362, 36.9798537619832, 0],
            [-122.053595394538, 36.979895388758, 0],
            [-122.053585875686, 36.9799246402869, 0],
            [-122.053580047055, 36.9799415810371, 0]
          ]
        ]
      },
      "properties": {
        "OBJECTID": 104,
        "CODE": "PKG",
        "NAME": "Central Garage",
        "NUMBER": 137,
        "Location": null,
        "Permit_Type": "Reserved, Disability, Medical",
        "Handicapped": "Yes",
        "Meters": "No",
        "Comments": null,
        "Paystations": "No",
        "Paystation_Limit": null,
        "Meter_Limit": null,
        "Permit_Days": "All",
        "Permit_Period": "All",
        "NUM": "137",
        "GlobalID": "0c647c6f-0b2a-48e0-8533-ceb70ac9aa46"
      }
    },
    {
      "type": "Feature",
      "id": 105,
      "geometry": {
        "type": "Polygon",
        "coordinates": [
          [
            [-122.067014417508, 36.997261179195, 0],
            [-122.067012592468, 36.9972611063794, 0],
            [-122.067010769804, 36.9972612011542, 0],
            [-122.067008971961, 36.9972614623168, 0],
            [-122.067007223612, 36.9972618877333, 0],
            [-122.067005547073, 36.9972624698945, 0],
            [-122.067003964675, 36.9972632021922, 0],
            [-122.067002497573, 36.9972640753301, 0],
            [-122.067001164616, 36.9972650773395, 0],
            [-122.066999982371, 36.9972661944801, 0],
            [-122.066998967405, 36.9972674130113, 0],
            [-122.06699813398, 36.9972687165201, 0],
            [-122.066997490745, 36.9972700886688, 0],
            [-122.066997047413, 36.9972715104019, 0],
            [-122.066996810329, 36.9972729627089, 0],
            [-122.066996781381, 36.9972744284418, 0],
            [-122.066996962365, 36.9972758859478, 0],
            [-122.066997349554, 36.9972773181543, 0],
            [-122.066997938041, 36.9972787053009, 0],
            [-122.066947508886, 36.9972179003651, 0],
            [-122.06694844586, 36.9972183816356, 0],
            [-122.066949471108, 36.9972187319483, 0],
            [-122.06695055402, 36.9972189381964, 0],
            [-122.066951665316, 36.9972189971683, 0],
            [-122.066952772349, 36.9972189056979, 0],
            [-122.066953845969, 36.9972186668802, 0],
            [-122.066954853735, 36.9972182874592, 0],
            [-122.066955767773, 36.9972177777225, 0],
            [-122.066956563692, 36.9972171533181, 0],
            [-122.066957217101, 36.9972164298938, 0],
            [-122.066957710478, 36.9972156293138, 0],
            [-122.066958029692, 36.9972147742976, 0],
            [-122.066958166228, 36.9972138874897, 0],
            [-122.066958116157, 36.9972129959785, 0],
            [-122.066957881091, 36.9972121231736, 0],
            [-122.06695746605, 36.997211294241, 0],
            [-122.066956885001, 36.9972105324241, 0],
            [-122.066956151894, 36.9972098600656, 0],
            [-122.066929347995, 36.9971767352481, 0],
            [-122.066994083199, 36.9971428738976, 0],
            [-122.067005154372, 36.9971564233671, 0],
            [-122.067005686195, 36.9971570876146, 0],
            [-122.067006346677, 36.99715767173, 0],
            [-122.067007117544, 36.9971581615395, 0],
            [-122.067007979382, 36.9971585419836, 0],
            [-122.067008907293, 36.9971588043848, 0],
            [-122.067009875271, 36.9971589409817, 0],
            [-122.067010859618, 36.9971589466853, 0],
            [-122.067011831165, 36.9971588236899, 0],
            [-122.067012764098, 36.9971585732432, 0],
            [-122.067013632752, 36.997158203801, 0],
            [-122.067035818428, 36.9971458856585, 0],
            [-122.067036693397, 36.9971450114617, 0],
            [-122.067037413743, 36.9971440501234, 0],
            [-122.067037965243, 36.9971430198587, 0],
            [-122.06703833818, 36.997141939723, 0],
            [-122.067038525089, 36.9971408287418, 0],
            [-122.067038524154, 36.997139707667, 0],
            [-122.067038334686, 36.9971385972352, 0],
            [-122.067037959344, 36.9971375172373, 0],
            [-122.067037405282, 36.9971364874032, 0],
            [-122.067008390636, 36.9971011753573, 0],
            [-122.067130128204, 36.9970348352001, 0],
            [-122.067160333248, 36.9970746390061, 0],
            [-122.06716196887, 36.9970756489037, 0],
            [-122.067163732824, 36.9970765092814, 0],
            [-122.067165602421, 36.9970772096295, 0],
            [-122.067167557254, 36.9970777412101, 0],
            [-122.067169573605, 36.9970780980336, 0],
            [-122.067171625525, 36.9970782750413, 0],
            [-122.067173689389, 36.9970782707482, 0],
            [-122.067175740486, 36.9970780854862, 0],
            [-122.067177754124, 36.9970777204883, 0],
            [-122.067179705704, 36.997077181492, 0],
            [-122.067181571734, 36.9970764733189, 0],
            [-122.067183329954, 36.9970756061811, 0],
            [-122.067184958089, 36.99707458939, 0],
            [-122.067186438411, 36.9970734348991, 0],
            [-122.067187752146, 36.997072158281, 0],
            [-122.06718888385, 36.9970707732611, 0],
            [-122.067189819297, 36.9970692980544, 0],
            [-122.067190547594, 36.9970677490288, 0],
            [-122.067191059027, 36.9970661452398, 0],
            [-122.067191349498, 36.9970645056677, 0],
            [-122.067191413823, 36.9970628511095, 0],
            [-122.0671916385, 36.9969483953411, 0],
            [-122.067191611258, 36.99694687539, 0],
            [-122.067191371933, 36.996945368201, 0],
            [-122.067190923147, 36.9969438917628, 0],
            [-122.067190270911, 36.9969424649199, 0],
            [-122.067189422361, 36.9969411065013, 0],
            [-122.067188390189, 36.9969398325582, 0],
            [-122.067187185968, 36.9969386591566, 0],
            [-122.067185825742, 36.9969376014013, 0],
            [-122.067184325537, 36.9969366734961, 0],
            [-122.067182704674, 36.9969358859959, 0],
            [-122.06718098472, 36.9969352494253, 0],
            [-122.067179187185, 36.996934771606, 0],
            [-122.067177332401, 36.9969344576721, 0],
            [-122.067175447456, 36.9969343135682, 0],
            [-122.067173552588, 36.9969343399235, 0],
            [-122.067171673631, 36.9969345363911, 0],
            [-122.067169835239, 36.996934899936, 0],
            [-122.067168057575, 36.996935427584, 0],
            [-122.067166366302, 36.9969361108795, 0],
            [-122.067093022446, 36.9969771145869, 0],
            [-122.067091832501, 36.9969782931133, 0],
            [-122.067090802943, 36.9969795659131, 0],
            [-122.067089944705, 36.9969809184204, 0],
            [-122.067089267575, 36.9969823351836, 0],
            [-122.067088780239, 36.9969838016666, 0],
            [-122.067088486832, 36.9969853006914, 0],
            [-122.067088390385, 36.9969868159956, 0],
            [-122.067088491664, 36.9969883304462, 0],
            [-122.067088791473, 36.9969898287122, 0],
            [-122.067089283837, 36.996991293751, 0],
            [-122.067089966172, 36.9969927093759, 0],
            [-122.067090829154, 36.9969940594906, 0],
            [-122.067115469624, 36.9970232805135, 0],
            [-122.06689845879, 36.9971405372437, 0],
            [-122.066870376121, 36.9971054640807, 0],
            [-122.06686890362, 36.9971048944752, 0],
            [-122.066867348148, 36.9971044945077, 0],
            [-122.066865736811, 36.9971042710236, 0],
            [-122.06686410344, 36.9971042298769, 0],
            [-122.066862479483, 36.9971043706452, 0],
            [-122.066860894109, 36.9971046911345, 0],
            [-122.066859379758, 36.9971051846006, 0],
            [-122.066857966589, 36.9971058425278, 0],
            [-122.066856680172, 36.9971066519559, 0],
            [-122.066855547128, 36.9971075963059, 0],
            [-122.066854587296, 36.9971086572872, 0],
            [-122.066853821626, 36.9971098156937, 0],
            [-122.066853263086, 36.9971110470188, 0],
            [-122.066852923581, 36.9971123294739, 0],
            [-122.066852809325, 36.997113637742, 0],
            [-122.066852923122, 36.9971149447497, 0],
            [-122.066853262238, 36.9971162271026, 0],
            [-122.066853819405, 36.9971174596648, 0],
            [-122.066854585131, 36.9971186182315, 0],
            [-122.066793372222, 36.9970584501154, 0],
            [-122.066794183915, 36.997059119617, 0],
            [-122.066795631495, 36.9970600563447, 0],
            [-122.066797209749, 36.9970608480273, 0],
            [-122.066798893685, 36.9970614814826, 0],
            [-122.066800660667, 36.9970619489036, 0],
            [-122.066802484712, 36.99706224343, 0],
            [-122.066804338767, 36.997062360919, 0],
            [-122.066806198066, 36.9970622989996, 0],
            [-122.066808034546, 36.9970620589499, 0],
            [-122.066809821326, 36.9970616447357, 0],
            [-122.066811533787, 36.9970610611936, 0],
            [-122.066813147407, 36.9970603176649, 0],
            [-122.066814637681, 36.9970594243919, 0],
            [-122.066815983533, 36.9970583942743, 0],
            [-122.066817166167, 36.9970572419837, 0],
            [-122.066818169092, 36.9970559848644, 0],
            [-122.066818975818, 36.9970546402605, 0],
            [-122.066819576649, 36.9970532281285, 0],
            [-122.06681996189, 36.997051768425, 0],
            [-122.06682012748, 36.9970502819319, 0],
            [-122.066820068255, 36.9970487903474, 0],
            [-122.066819788016, 36.9970473143478, 0],
            [-122.0668192895, 36.9970458773276, 0],
            [-122.066818578718, 36.9970444981311, 0],
            [-122.066792580007, 36.9970134478369, 0],
            [-122.067008764665, 36.9968951606167, 0],
            [-122.067040781019, 36.9969311569033, 0],
            [-122.06704223323, 36.9969317772461, 0],
            [-122.067043765644, 36.9969322568261, 0],
            [-122.067045356789, 36.9969325896237, 0],
            [-122.067046986333, 36.9969327705045, 0],
            [-122.067048630632, 36.9969327970827, 0],
            [-122.067050267203, 36.996932668759, 0],
            [-122.067051874761, 36.9969323885229, 0],
            [-122.067053429756, 36.9969319584931, 0],
            [-122.067054910996, 36.996931386164, 0],
            [-122.067056299519, 36.9969306780984, 0],
            [-122.06705757419, 36.9969298444935, 0],
            [-122.06717662364, 36.9968644055393, 0],
            [-122.067179201191, 36.9968618295428, 0],
            [-122.067181614834, 36.9968591521105, 0],
            [-122.067183855734, 36.9968563805707, 0],
            [-122.06718592067, 36.9968535221762, 0],
            [-122.067187803055, 36.9968505842252, 0],
            [-122.067189498527, 36.9968475730846, 0],
            [-122.067191002801, 36.9968444987251, 0],
            [-122.067192311495, 36.9968413666128, 0],
            [-122.067193422534, 36.9968381848862, 0],
            [-122.067194332754, 36.9968349635012, 0],
            [-122.067195038917, 36.9968317088095, 0],
            [-122.067195540089, 36.9968284298356, 0],
            [-122.067197224981, 36.9968044642357, 0],
            [-122.067332274769, 36.9968053283323, 0],
            [-122.06731957491, 36.9971349202155, 0],
            [-122.067239990563, 36.9971362038406, 0],
            [-122.067238271709, 36.9971359430545, 0],
            [-122.067236527244, 36.9971358547409, 0],
            [-122.067234781936, 36.9971359412705, 0],
            [-122.067233063827, 36.9971362004642, 0],
            [-122.067231399819, 36.9971366292572, 0],
            [-122.067229814492, 36.9971372210107, 0],
            [-122.067228332349, 36.9971379654826, 0],
            [-122.067226977895, 36.9971388524305, 0],
            [-122.067225771046, 36.9971398671676, 0],
            [-122.067224730578, 36.9971409941215, 0],
            [-122.067223872983, 36.9971422159478, 0],
            [-122.067223211361, 36.9971435144468, 0],
            [-122.067222755372, 36.9971448678599, 0],
            [-122.067222513606, 36.9971462571466, 0],
            [-122.06722248782, 36.9971476588523, 0],
            [-122.067222679847, 36.997149053126, 0],
            [-122.067223085847, 36.9971504174894, 0],
            [-122.067223699753, 36.9971517303953, 0],
            [-122.067224513287, 36.9971529721286, 0],
            [-122.067255553605, 36.9971892428181, 0],
            [-122.067046411067, 36.99730414834, 0],
            [-122.067022742469, 36.9972639521031, 0],
            [-122.067021258386, 36.9972630969761, 0],
            [-122.067019662666, 36.9972623839351, 0],
            [-122.067017975718, 36.9972618217178, 0],
            [-122.06701621905, 36.9972614181463, 0],
            [-122.067014417508, 36.997261179195, 0]
          ]
        ]
      },
      "properties": {
        "OBJECTID": 105,
        "CODE": "PKG",
        "NAME": "Kresge College",
        "NUMBER": 143,
        "Location": "Kresge College",
        "Permit_Type": "A, B, MC, N, NC, Disability, Medical",
        "Handicapped": "Yes",
        "Meters": "Yes",
        "Comments": null,
        "Paystations": "No",
        "Paystation_Limit": null,
        "Meter_Limit": "2 hr.",
        "Permit_Days": "All",
        "Permit_Period": "7:00am - 8:30pm",
        "NUM": "143",
        "GlobalID": "7159dde7-afc2-487e-9b46-de2523447113"
      }
    },
    {
      "type": "Feature",
      "id": 106,
      "geometry": {
        "type": "Polygon",
        "coordinates": [
          [
            [-122.067102722136, 36.9974315735203, 0],
            [-122.067044660328, 36.9973524624251, 0],
            [-122.067046387723, 36.9973544236556, 0],
            [-122.067048274888, 36.9973562881144, 0],
            [-122.067050313774, 36.9973580468978, 0],
            [-122.067052494102, 36.997359692033, 0],
            [-122.067054807858, 36.9973612164182, 0],
            [-122.06705724366, 36.9973626129966, 0],
            [-122.067059790144, 36.9973638756125, 0],
            [-122.067062437069, 36.997364998095, 0],
            [-122.067065170862, 36.9973659761206, 0],
            [-122.06706798132, 36.9973668053202, 0],
            [-122.067070401043, 36.9973676469778, 0],
            [-122.067072902632, 36.9973683199132, 0],
            [-122.067075466844, 36.9973688171756, 0],
            [-122.067078074507, 36.9973691354174, 0],
            [-122.067080707631, 36.9973692739793, 0],
            [-122.067083344799, 36.997369229544, 0],
            [-122.067085968058, 36.9973690032541, 0],
            [-122.067088557247, 36.9973685980837, 0],
            [-122.067091093289, 36.9973680151905, 0],
            [-122.067093557183, 36.9973672593355, 0],
            [-122.067095931089, 36.9973663370669, 0],
            [-122.06709819829, 36.9973652549174, 0],
            [-122.067128033023, 36.9973453973453, 0],
            [-122.067129665774, 36.9973446012859, 0],
            [-122.067131174148, 36.9973436600024, 0],
            [-122.067132539334, 36.9973425872652, 0],
            [-122.067133741377, 36.9973413959593, 0],
            [-122.067134767118, 36.9973401015817, 0],
            [-122.067135600084, 36.9973387223776, 0],
            [-122.067136231647, 36.9973372755857, 0],
            [-122.067136653216, 36.9973357802464, 0],
            [-122.067136858466, 36.9973342562711, 0],
            [-122.067136845564, 36.9973327235105, 0],
            [-122.0671366138, 36.9973312018007, 0],
            [-122.067136165835, 36.9973297109321, 0],
            [-122.067135508841, 36.9973282715359, 0],
            [-122.06713465218, 36.9973269015103, 0],
            [-122.06713360411, 36.9973256196694, 0],
            [-122.067132380694, 36.997324442019, 0],
            [-122.067130997978, 36.9973233836639, 0],
            [-122.067116398465, 36.9973075574167, 0],
            [-122.06715936523, 36.9972742479244, 0],
            [-122.067175371036, 36.9972891405616, 0],
            [-122.067176860491, 36.9972897685133, 0],
            [-122.067178426873, 36.9972902602522, 0],
            [-122.067180052062, 36.9972906088121, 0],
            [-122.067181715762, 36.997290810861, 0],
            [-122.067183397701, 36.9972908639677, 0],
            [-122.067185075355, 36.9972907657309, 0],
            [-122.067186729688, 36.9972905191102, 0],
            [-122.067188339413, 36.997290127095, 0],
            [-122.067189885512, 36.9972895935455, 0],
            [-122.067191347916, 36.9972889259409, 0],
            [-122.067216437591, 36.9972741679686, 0],
            [-122.067217354328, 36.9972731418085, 0],
            [-122.067218090533, 36.9972720252504, 0],
            [-122.067218634302, 36.9972708400829, 0],
            [-122.067218974836, 36.9972696071786, 0],
            [-122.067219106988, 36.9972683491366, 0],
            [-122.067219026717, 36.9972670876397, 0],
            [-122.067218736778, 36.9972658469834, 0],
            [-122.067218242096, 36.9972646478289, 0],
            [-122.067217551023, 36.9972635134951, 0],
            [-122.06721667631, 36.9972624627358, 0],
            [-122.067215634114, 36.9972615160616, 0],
            [-122.067214443888, 36.9972606903337, 0],
            [-122.067203063894, 36.9972487113098, 0],
            [-122.067327774031, 36.9971531890498, 0],
            [-122.067363776205, 36.9971826908589, 0],
            [-122.067364720601, 36.9971834198552, 0],
            [-122.067365799286, 36.9971840154728, 0],
            [-122.067366986103, 36.9971844627427, 0],
            [-122.067368245971, 36.9971847495196, 0],
            [-122.06736954841, 36.9971848690033, 0],
            [-122.067370857384, 36.997184817172, 0],
            [-122.067372138092, 36.9971845953945, 0],
            [-122.067373356948, 36.9971842095291, 0],
            [-122.067374481586, 36.9971836699239, 0],
            [-122.06737548198, 36.9971829914013, 0],
            [-122.067393240919, 36.9971724530453, 0],
            [-122.067434587675, 36.9972119538903, 0],
            [-122.067399631972, 36.9972325661531, 0],
            [-122.067398171443, 36.997233592411, 0],
            [-122.067396861815, 36.9972347428089, 0],
            [-122.067395720757, 36.9972360026904, 0],
            [-122.067394760308, 36.9972373565732, 0],
            [-122.067393994728, 36.9972387880445, 0],
            [-122.067393432629, 36.9972402789644, 0],
            [-122.067393081477, 36.9972418103076, 0],
            [-122.067392944267, 36.9972433640101, 0],
            [-122.067393023953, 36.9972449202057, 0],
            [-122.067393319018, 36.9972464599897, 0],
            [-122.067393825678, 36.9972479635868, 0],
            [-122.067394537921, 36.9972494121524, 0],
            [-122.067395447529, 36.9972507886744, 0],
            [-122.067396541768, 36.9972520752999, 0],
            [-122.067397807945, 36.9972532559778, 0],
            [-122.067399231156, 36.9972543164893, 0],
            [-122.067424215135, 36.9972754968731, 0],
            [-122.067174144598, 36.9974354210951, 0],
            [-122.067155532819, 36.9974187322335, 0],
            [-122.067122507185, 36.997436114734, 0],
            [-122.067102722136, 36.9974315735203, 0]
          ]
        ]
      },
      "properties": {
        "OBJECTID": 106,
        "CODE": "PKG",
        "NAME": "Kresge College",
        "NUMBER": 145,
        "Location": "Kresge College",
        "Permit_Type": "A, B, C145, N, Disability",
        "Handicapped": "Yes",
        "Meters": "No",
        "Comments": null,
        "Paystations": "No",
        "Paystation_Limit": null,
        "Meter_Limit": null,
        "Permit_Days": "All",
        "Permit_Period": "7:00am - 8:30pm",
        "NUM": "145",
        "GlobalID": "0231725e-c98f-4a81-90c7-bd8dc3c06e2a"
      }
    },
    {
      "type": "Feature",
      "id": 107,
      "geometry": {
        "type": "MultiPolygon",
        "coordinates": [
          [
            [
              [-122.064408558669, 36.9996888942377, 0],
              [-122.064440968557, 36.999605777679, 0],
              [-122.064467913661, 36.9996125376072, 0],
              [-122.06433168761, 36.9999618913127, 0],
              [-122.064330142628, 36.999959355337, 0],
              [-122.064327591438, 36.9999538796356, 0],
              [-122.064326264639, 36.9999490354768, 0],
              [-122.064324890541, 36.9999422453701, 0],
              [-122.064324726171, 36.9999354372406, 0],
              [-122.064325800817, 36.9999299084172, 0],
              [-122.064326077977, 36.9999247156181, 0],
              [-122.064326765134, 36.9999198408508, 0],
              [-122.064328250899, 36.9999146300441, 0],
              [-122.064330147784, 36.9999097372541, 0],
              [-122.064332367986, 36.9999015967268, 0],
              [-122.064335804676, 36.9998937625163, 0],
              [-122.06433879197, 36.9998839895518, 0],
              [-122.064342087938, 36.9998703201857, 0],
              [-122.06434588058, 36.9998605346203, 0],
              [-122.064348875755, 36.9998510859802, 0],
              [-122.064353418598, 36.9998390193431, 0],
              [-122.06435754356, 36.9998263103496, 0],
              [-122.064364604054, 36.9998016148478, 0],
              [-122.064408558669, 36.9996888942377, 0]
            ]
          ],
          [
            [
              [-122.064292585495, 37.0000559047029, 0],
              [-122.06429967279, 37.0000489894303, 0],
              [-122.064292280677, 37.0001430075188, 0],
              [-122.064290106584, 37.0002369213992, 0],
              [-122.064295567778, 37.0003307500298, 0],
              [-122.06430863908, 37.0004240927155, 0],
              [-122.064329267345, 37.0005165545419, 0],
              [-122.064357362375, 37.0006077419913, 0],
              [-122.064392807105, 37.0006972664106, 0],
              [-122.064435449836, 37.0007847486219, 0],
              [-122.064489698318, 37.0008704503376, 0],
              [-122.064551670797, 37.0009527131275, 0],
              [-122.064621031023, 37.0010310908908, 0],
              [-122.064797246695, 37.0012077338681, 0],
              [-122.065041093843, 37.0014506273892, 0],
              [-122.065187222733, 37.0016006231039, 0],
              [-122.065167824608, 37.0016139281404, 0],
              [-122.06516114899, 37.0016076669694, 0],
              [-122.065149479476, 37.0015965297335, 0],
              [-122.064997515589, 37.0014405444923, 0],
              [-122.064976890492, 37.0014213562275, 0],
              [-122.064656944737, 37.0011236838285, 0],
              [-122.064654984206, 37.0011218590654, 0],
              [-122.064648317567, 37.00111559324, 0],
              [-122.06464172847, 37.0011092741051, 0],
              [-122.064602586969, 37.0010713495104, 0],
              [-122.064595809221, 37.0010647120773, 0],
              [-122.064589117944, 37.0010580185112, 0],
              [-122.06458251314, 37.0010512688123, 0],
              [-122.064550179573, 37.0010178697291, 0],
              [-122.064543345299, 37.001010730184, 0],
              [-122.064536608655, 37.0010035307516, 0],
              [-122.064536106209, 37.001002982353, 0],
              [-122.064529970803, 37.0009962732188, 0],
              [-122.06452334036, 37.0009889398858, 0],
              [-122.064515284483, 37.0009799016803, 0],
              [-122.064507379628, 37.0009707776378, 0],
              [-122.064499630308, 37.0009615685993, 0],
              [-122.064492035436, 37.0009522763815, 0],
              [-122.064484598421, 37.0009429027414, 0],
              [-122.064477319319, 37.0009334503817, 0],
              [-122.064470199253, 37.0009239192874, 0],
              [-122.064462605097, 37.0009134212588, 0],
              [-122.064455383142, 37.0009031525497, 0],
              [-122.064448949098, 37.0008937050783, 0],
              [-122.06444266986, 37.000884191546, 0],
              [-122.06442627638, 37.0008589580026, 0],
              [-122.064419905608, 37.0008489878892, 0],
              [-122.06441370531, 37.0008389488012, 0],
              [-122.064407674421, 37.0008288434564, 0],
              [-122.064384634998, 37.0007895466487, 0],
              [-122.064371525073, 37.0007671871412, 0],
              [-122.064365342661, 37.0007564421751, 0],
              [-122.06435935317, 37.0007456270321, 0],
              [-122.064353557781, 37.0007347444003, 0],
              [-122.064347957654, 37.0007237960664, 0],
              [-122.064342555092, 37.0007127847031, 0],
              [-122.064337348991, 37.0007017112266, 0],
              [-122.064335124598, 37.0006968754977, 0],
              [-122.064332173759, 37.0006902858697, 0],
              [-122.06432936142, 37.0006836565344, 0],
              [-122.064326691006, 37.0006769901495, 0],
              [-122.064324162555, 37.0006702885169, 0],
              [-122.064321776104, 37.0006635534384, 0],
              [-122.064302148291, 37.0006063176386, 0],
              [-122.064298542227, 37.0005955146947, 0],
              [-122.064295118508, 37.000584673258, 0],
              [-122.064291879437, 37.0005737960013, 0],
              [-122.064288825052, 37.0005628847265, 0],
              [-122.064284176732, 37.000545741428, 0],
              [-122.06428109528, 37.0005339626648, 0],
              [-122.064278229947, 37.0005221485608, 0],
              [-122.064275578541, 37.000510301849, 0],
              [-122.064273143386, 37.0004984261031, 0],
              [-122.064270925641, 37.00048652311, 0],
              [-122.064263976188, 37.0004472755029, 0],
              [-122.064262029008, 37.0004356852016, 0],
              [-122.06426028591, 37.0004240750413, 0],
              [-122.064258750262, 37.0004124449769, 0],
              [-122.064257418788, 37.0004007995583, 0],
              [-122.064256294879, 37.0003891396412, 0],
              [-122.064255376342, 37.0003774679586, 0],
              [-122.06425466548, 37.0003657871832, 0],
              [-122.064253938434, 37.0003518202922, 0],
              [-122.064251081962, 37.0002969244248, 0],
              [-122.064253334826, 37.0002653352591, 0],
              [-122.064254095397, 37.0002468388413, 0],
              [-122.064255953149, 37.0002237865895, 0],
              [-122.064258049773, 37.0001939199005, 0],
              [-122.064260351279, 37.0001724820484, 0],
              [-122.064264192598, 37.0001481027767, 0],
              [-122.064266705727, 37.0001354171999, 0],
              [-122.064270334046, 37.0001188244081, 0],
              [-122.064273597399, 37.0001038586612, 0],
              [-122.064276505898, 37.0000908433528, 0],
              [-122.064280646653, 37.0000787830111, 0],
              [-122.064286770975, 37.0000653956489, 0],
              [-122.064292585495, 37.0000559047029, 0]
            ]
          ]
        ]
      },
      "properties": {
        "OBJECTID": 107,
        "CODE": "PKG",
        "NAME": "Heller Extension",
        "NUMBER": 149,
        "Location": null,
        "Permit_Type": "A, B, N",
        "Handicapped": "No",
        "Meters": "No",
        "Comments": null,
        "Paystations": "No",
        "Paystation_Limit": null,
        "Meter_Limit": null,
        "Permit_Days": "M - F",
        "Permit_Period": "7:00am - 8:30pm",
        "NUM": "149",
        "GlobalID": "e8a3facb-eda7-440b-a6d7-c61a87546095"
      }
    },
    {
      "type": "Feature",
      "id": 109,
      "geometry": {
        "type": "Polygon",
        "coordinates": [
          [
            [-122.06591434341, 37.002429771349, 0],
            [-122.065784828723, 37.0024731826389, 0],
            [-122.065781916068, 37.0024675171586, 0],
            [-122.065777623458, 37.0024595288912, 0],
            [-122.065773173552, 37.0024515950038, 0],
            [-122.065768567567, 37.0024437199863, 0],
            [-122.065743592891, 37.0024018782871, 0],
            [-122.065763963025, 37.0023933652868, 0],
            [-122.065714427366, 37.0023171211084, 0],
            [-122.065684922106, 37.0023290775953, 0],
            [-122.065675573221, 37.0023165655846, 0],
            [-122.065669240204, 37.0023082577342, 0],
            [-122.065662723723, 37.0023000424649, 0],
            [-122.065656028288, 37.0022919206174, 0],
            [-122.065623880126, 37.0022536690926, 0],
            [-122.065617143944, 37.002245801927, 0],
            [-122.065542867145, 37.0021606524206, 0],
            [-122.065535970224, 37.0021528892426, 0],
            [-122.065528905677, 37.0021452238401, 0],
            [-122.065521676912, 37.0021376579698, 0],
            [-122.065514285089, 37.0021301934186, 0],
            [-122.065506732531, 37.00212283376, 0],
            [-122.065407011688, 37.0020273446053, 0],
            [-122.065441749945, 37.0020023695958, 0],
            [-122.065443215563, 37.0020012045113, 0],
            [-122.065444528272, 37.0019999270266, 0],
            [-122.06544567375, 37.0019985508518, 0],
            [-122.065446642169, 37.0019970896366, 0],
            [-122.065447422579, 37.001995557046, 0],
            [-122.065448007473, 37.0019939703035, 0],
            [-122.065448390413, 37.0019923439144, 0],
            [-122.065448568385, 37.0019906950421, 0],
            [-122.0654485395, 37.0019890408344, 0],
            [-122.065448304077, 37.0019873966075, 0],
            [-122.065447863596, 37.0019857794643, 0],
            [-122.065447222909, 37.0019842064624, 0],
            [-122.065446389074, 37.0019826928274, 0],
            [-122.065445370273, 37.0019812537697, 0],
            [-122.065444176918, 37.0019799035689, 0],
            [-122.065442819419, 37.0019786565044, 0],
            [-122.065413139197, 37.0019539915816, 0],
            [-122.065388752517, 37.001931327477, 0],
            [-122.065364493227, 37.0019085751436, 0],
            [-122.065340363594, 37.0018857354522, 0],
            [-122.065316362493, 37.0018628084181, 0],
            [-122.065290639995, 37.0018383174683, 0],
            [-122.065264780121, 37.0018139193769, 0],
            [-122.06523878291, 37.0017896159457, 0],
            [-122.065212648381, 37.0017654080754, 0],
            [-122.065205240764, 37.0017593919389, 0],
            [-122.065197986844, 37.0017532565845, 0],
            [-122.065190890049, 37.00174700467, 0],
            [-122.065183952661, 37.0017406379672, 0],
            [-122.065177178126, 37.0017341600346, 0],
            [-122.065170569851, 37.0017275726289, 0],
            [-122.06516413014, 37.0017208784229, 0],
            [-122.065157860191, 37.0017140810053, 0],
            [-122.065151764554, 37.0017071830187, 0],
            [-122.065355193909, 37.0017203833704, 0],
            [-122.065353981876, 37.0017236862923, 0],
            [-122.065352980896, 37.001727034146, 0],
            [-122.065352194169, 37.0017304187776, 0],
            [-122.065351622632, 37.0017338311628, 0],
            [-122.065351270608, 37.0017372631327, 0],
            [-122.065351135645, 37.0017407048071, 0],
            [-122.0653512198, 37.0017441471465, 0],
            [-122.065351521763, 37.0017475811564, 0],
            [-122.065352042487, 37.0017509987133, 0],
            [-122.065352779539, 37.001754390838, 0],
            [-122.065353833217, 37.0017573407334, 0],
            [-122.06535935552, 37.0017705268344, 0],
            [-122.065361201149, 37.001774275378, 0],
            [-122.065363228656, 37.0017779629037, 0],
            [-122.065365433434, 37.0017815840661, 0],
            [-122.065367813123, 37.0017851334896, 0],
            [-122.065370363118, 37.0017886058288, 0],
            [-122.06537308106, 37.0017919957083, 0],
            [-122.065375961219, 37.0017952977977, 0],
            [-122.065379000112, 37.0017985067365, 0],
            [-122.065381860547, 37.0018016712075, 0],
            [-122.065388708744, 37.0018087167946, 0],
            [-122.065395410508, 37.0018158526633, 0],
            [-122.065401964641, 37.0018230752248, 0],
            [-122.065405260564, 37.0018264861869, 0],
            [-122.065434515505, 37.0018566757391, 0],
            [-122.065478445362, 37.0019011082384, 0],
            [-122.065479371272, 37.0019019186064, 0],
            [-122.06548043955, 37.0019026054026, 0],
            [-122.065481627375, 37.0019031518107, 0],
            [-122.065482905296, 37.0019035465102, 0],
            [-122.065484243881, 37.0019037790818, 0],
            [-122.065485611566, 37.0019038445416, 0],
            [-122.065486974594, 37.0019037406392, 0],
            [-122.06548830157, 37.0019034704992, 0],
            [-122.065489562277, 37.0019030399345, 0],
            [-122.065539690075, 37.0018821318688, 0],
            [-122.065571150379, 37.0019125188969, 0],
            [-122.065580210009, 37.0019213480047, 0],
            [-122.065641035527, 37.0019815472463, 0],
            [-122.065642461686, 37.0019830691531, 0],
            [-122.06563925195, 37.0019851372117, 0],
            [-122.065607974357, 37.0020075731356, 0],
            [-122.065606821939, 37.0020085087206, 0],
            [-122.065605826867, 37.0020095539423, 0],
            [-122.065605005634, 37.0020106914569, 0],
            [-122.065604370239, 37.0020119039805, 0],
            [-122.065603932606, 37.0020131706258, 0],
            [-122.065603697958, 37.0020144723974, 0],
            [-122.06560367144, 37.0020157866966, 0],
            [-122.06560385264, 37.0020170937024, 0],
            [-122.06560423886, 37.0020183718224, 0],
            [-122.065604824032, 37.0020195995094, 0],
            [-122.065605598794, 37.0020207588649, 0],
            [-122.065606550358, 37.0020218293332, 0],
            [-122.065607663762, 37.0020227939923, 0],
            [-122.065608920735, 37.0020236386683, 0],
            [-122.065610300736, 37.0020243483163, 0],
            [-122.065611782178, 37.0020249115106, 0],
            [-122.065613340162, 37.0020253195733, 0],
            [-122.065614950947, 37.0020255656134, 0],
            [-122.065616587498, 37.002025646389, 0],
            [-122.06561822282, 37.0020255604598, 0],
            [-122.065619832198, 37.0020253081576, 0],
            [-122.065621388768, 37.0020248943488, 0],
            [-122.06568181119, 37.0020848322263, 0],
            [-122.065680827523, 37.0020861548639, 0],
            [-122.065680037671, 37.0020875578106, 0],
            [-122.065679449139, 37.002089023843, 0],
            [-122.065679071623, 37.0020905330047, 0],
            [-122.065678908119, 37.0020920672315, 0],
            [-122.065678961582, 37.0020936066575, 0],
            [-122.06567923158, 37.0020951305609, 0],
            [-122.065679714367, 37.0020966209682, 0],
            [-122.065680402789, 37.002098058149, 0],
            [-122.065681289714, 37.002099423274, 0],
            [-122.065682363549, 37.0021006993759, 0],
            [-122.065683610478, 37.0021018704187, 0],
            [-122.06568501333, 37.0021029213124, 0],
            [-122.065686554976, 37.002103838769, 0],
            [-122.065688216054, 37.0021046104315, 0],
            [-122.06568997614, 37.0021052266609, 0],
            [-122.065691810351, 37.0021056796804, 0],
            [-122.065693697212, 37.0021059634696, 0],
            [-122.065695611936, 37.0021060747565, 0],
            [-122.065697529773, 37.0021060120709, 0],
            [-122.065699427151, 37.0021057766303, 0],
            [-122.065738152937, 37.002083541727, 0],
            [-122.065756183449, 37.0021021662887, 0],
            [-122.065760761494, 37.0021070334901, 0],
            [-122.065765168581, 37.0021120003146, 0],
            [-122.065799888624, 37.0021522936394, 0],
            [-122.065802917509, 37.0021558830066, 0],
            [-122.065805856365, 37.002159519543, 0],
            [-122.065847293678, 37.0022190497482, 0],
            [-122.065836821345, 37.0022253427587, 0],
            [-122.065843779749, 37.002236266489, 0],
            [-122.065855114186, 37.0022529297818, 0],
            [-122.065873743306, 37.0022803158282, 0],
            [-122.065840060166, 37.0022921508908, 0],
            [-122.065838659895, 37.0022927320297, 0],
            [-122.065837361296, 37.0022934469834, 0],
            [-122.065836183275, 37.0022942864862, 0],
            [-122.065835143505, 37.0022952358819, 0],
            [-122.065834259696, 37.0022962823159, 0],
            [-122.065833544971, 37.0022974084895, 0],
            [-122.065833009063, 37.0022985962482, 0],
            [-122.065832660621, 37.0022998292544, 0],
            [-122.065832507075, 37.0023010866807, 0],
            [-122.06583254805, 37.0023023505084, 0],
            [-122.065832785359, 37.0023035999856, 0],
            [-122.065833212973, 37.0023048153669, 0],
            [-122.065833826041, 37.0023059795947, 0],
            [-122.065844952552, 37.0023227475142, 0],
            [-122.065845569687, 37.0023235142601, 0],
            [-122.065846336571, 37.0023241879754, 0],
            [-122.065847232608, 37.0023247509127, 0],
            [-122.065848232747, 37.0023251871866, 0],
            [-122.065849308641, 37.0023254845609, 0],
            [-122.065850430897, 37.0023256344181, 0],
            [-122.065851569111, 37.0023256335614, 0],
            [-122.065852690687, 37.0023254815271, 0],
            [-122.065853766513, 37.0023251832119, 0],
            [-122.065906030139, 37.0023066272851, 0],
            [-122.065931134954, 37.0023480256175, 0],
            [-122.065934981831, 37.0023543066887, 0],
            [-122.065938688244, 37.0023606410133, 0],
            [-122.065942254154, 37.0023670267893, 0],
            [-122.065966029404, 37.0024124469725, 0],
            [-122.06591434341, 37.002429771349, 0]
          ]
        ]
      },
      "properties": {
        "OBJECTID": 109,
        "CODE": "PKG",
        "NAME": "North Perimeter",
        "NUMBER": 150,
        "Location": null,
        "Permit_Type": "A, B, MC, N, Medical",
        "Handicapped": "No",
        "Meters": "No",
        "Comments": null,
        "Paystations": "No",
        "Paystation_Limit": null,
        "Meter_Limit": null,
        "Permit_Days": "M - F",
        "Permit_Period": "7:00am - 8:30pm",
        "NUM": "150A",
        "GlobalID": "69776c5c-7a80-4e78-8761-57389f5186ad"
      }
    },
    {
      "type": "Feature",
      "id": 110,
      "geometry": {
        "type": "Polygon",
        "coordinates": [
          [
            [-122.051837491225, 36.979687731009, 0],
            [-122.051740291494, 36.9797333889781, 0],
            [-122.051675622834, 36.9796525129741, 0],
            [-122.051717014909, 36.9796367105359, 0],
            [-122.051698586625, 36.9796097676312, 0],
            [-122.051669368591, 36.9796226306342, 0],
            [-122.051657550723, 36.9796277480123, 0],
            [-122.051653497741, 36.9796221956132, 0],
            [-122.051549068759, 36.9794790975615, 0],
            [-122.05161520356, 36.9794663545033, 0],
            [-122.051753725708, 36.9794455091389, 0],
            [-122.051758247398, 36.9794446090708, 0],
            [-122.051775733329, 36.9794978594894, 0],
            [-122.051788495039, 36.9794949311544, 0],
            [-122.051791042215, 36.9795048013683, 0],
            [-122.051802245534, 36.9795482087372, 0],
            [-122.051806141508, 36.979566054581, 0],
            [-122.05179648732, 36.9795686829319, 0],
            [-122.051787391006, 36.9795723789823, 0],
            [-122.051783751808, 36.9795742378945, 0],
            [-122.051780487171, 36.9795765018658, 0],
            [-122.051777669122, 36.979579123076, 0],
            [-122.05177535604, 36.9795820457757, 0],
            [-122.051773597175, 36.9795852071273, 0],
            [-122.051772940179, 36.9795904301663, 0],
            [-122.051773359623, 36.9795956695247, 0],
            [-122.051774844705, 36.9796007829578, 0],
            [-122.051777356603, 36.9796056312972, 0],
            [-122.051780825202, 36.9796100830005, 0],
            [-122.051831875252, 36.9796800356484, 0],
            [-122.051837491225, 36.979687731009, 0]
          ]
        ]
      },
      "properties": {
        "OBJECTID": 110,
        "CODE": "PKG",
        "NAME": "Cardiff House",
        "NUMBER": 151,
        "Location": null,
        "Permit_Type": "A, B, MC, N, Disability",
        "Handicapped": "Yes",
        "Meters": "No",
        "Comments": null,
        "Paystations": "No",
        "Paystation_Limit": null,
        "Meter_Limit": null,
        "Permit_Days": "M - F",
        "Permit_Period": "7:00am - 5:00pm",
        "NUM": "151",
        "GlobalID": "f8fec84b-21e1-4861-8589-c39257397aa8"
      }
    },
    {
      "type": "Feature",
      "id": 111,
      "geometry": {
        "type": "Polygon",
        "coordinates": [
          [
            [-122.053459882605, 37.0022784459061, 0],
            [-122.053459066855, 37.0022570029495, 0],
            [-122.054281527034, 37.0022368814233, 0],
            [-122.054356572559, 37.0022326567234, 0],
            [-122.054431799177, 37.0022332417544, 0],
            [-122.054506728452, 37.0022386327954, 0],
            [-122.054580883841, 37.0022487955599, 0],
            [-122.054577686905, 37.0022632680735, 0],
            [-122.054572930373, 37.0022628222761, 0],
            [-122.054552232451, 37.0022608838244, 0],
            [-122.054533411905, 37.0022596953818, 0],
            [-122.054514576596, 37.0022586621382, 0],
            [-122.054495729913, 37.0022577849497, 0],
            [-122.054476872979, 37.0022570638013, 0],
            [-122.054458006917, 37.002256498678, 0],
            [-122.054439135097, 37.0022560895349, 0],
            [-122.054420259766, 37.0022558363421, 0],
            [-122.054401380941, 37.0022557400005, 0],
            [-122.054380059449, 37.002255539217, 0],
            [-122.054358736692, 37.002255494353, 0],
            [-122.054337414954, 37.0022556071804, 0],
            [-122.05431609532, 37.0022558758825, 0],
            [-122.054294778913, 37.0022563004442, 0],
            [-122.054273468019, 37.0022568826375, 0],
            [-122.054252165968, 37.0022576206156, 0],
            [-122.054230871638, 37.0022585143935, 0],
            [-122.054209589558, 37.0022595657132, 0],
            [-122.054192658364, 37.0022605194187, 0],
            [-122.053471535398, 37.0022781609805, 0],
            [-122.053459882605, 37.0022784459061, 0]
          ]
        ]
      },
      "properties": {
        "OBJECTID": 111,
        "CODE": "PKG",
        "NAME": "Crown-Merrill Apartments",
        "NUMBER": 155,
        "Location": null,
        "Permit_Type": "A, B, C152-155, MC, N, NC, Disability, Medical",
        "Handicapped": "Yes",
        "Meters": "No",
        "Comments": null,
        "Paystations": "No",
        "Paystation_Limit": null,
        "Meter_Limit": null,
        "Permit_Days": "All",
        "Permit_Period": "7:00am - 8:30pm",
        "NUM": "155",
        "GlobalID": "fd5b1472-2435-46dd-bb7f-eb765b083f64"
      }
    },
    {
      "type": "Feature",
      "id": 112,
      "geometry": {
        "type": "Polygon",
        "coordinates": [
          [
            [-122.054932523704, 36.9960948993575, 0],
            [-122.054932148329, 36.9960999375272, 0],
            [-122.05492903229, 36.9961417827285, 0],
            [-122.054839482117, 36.9961376961564, 0],
            [-122.054842483212, 36.9960904624509, 0],
            [-122.054842443184, 36.9960893437019, 0],
            [-122.054842178849, 36.9960882441639, 0],
            [-122.05484169977, 36.9960871916463, 0],
            [-122.054841017795, 36.9960862157308, 0],
            [-122.054840149117, 36.9960853387313, 0],
            [-122.054839116704, 36.9960845846739, 0],
            [-122.054837947923, 36.9960839730201, 0],
            [-122.054836671171, 36.9960835187118, 0],
            [-122.054835321532, 36.9960832338982, 0],
            [-122.054820643009, 36.99608292666, 0],
            [-122.054819275639, 36.9960832503882, 0],
            [-122.054817990441, 36.996083744248, 0],
            [-122.054816818603, 36.996084395207, 0],
            [-122.054815790097, 36.9960851857432, 0],
            [-122.054814930384, 36.9960860974934, 0],
            [-122.054814261444, 36.9960871067335, 0],
            [-122.054813800743, 36.9960881888987, 0],
            [-122.054813558917, 36.9960893150088, 0],
            [-122.054810934219, 36.9961370384522, 0],
            [-122.054715531094, 36.9961330360975, 0],
            [-122.054719180715, 36.9960838579898, 0],
            [-122.05471914399, 36.9960834952982, 0],
            [-122.054719172746, 36.9960834732863, 0],
            [-122.054718954572, 36.9960812935029, 0],
            [-122.054718514393, 36.9960791356032, 0],
            [-122.054717856981, 36.9960770130413, 0],
            [-122.054716984901, 36.9960749411035, 0],
            [-122.054933387013, 36.9960840194557, 0],
            [-122.054932523704, 36.9960948993575, 0]
          ]
        ]
      },
      "properties": {
        "OBJECTID": 112,
        "CODE": "PKG",
        "NAME": "Cowell Provost",
        "NUMBER": 163,
        "Location": null,
        "Permit_Type": "Disability, Reserved",
        "Handicapped": "Yes",
        "Meters": "Yes",
        "Comments": null,
        "Paystations": "No",
        "Paystation_Limit": null,
        "Meter_Limit": "30min",
        "Permit_Days": "All",
        "Permit_Period": "All",
        "NUM": "163",
        "GlobalID": "24ba739d-9f0c-4316-b61f-5dcc132d0386"
      }
    },
    {
      "type": "Feature",
      "id": 113,
      "geometry": {
        "type": "Polygon",
        "coordinates": [
          [
            [-122.054396985988, 36.9808591884608, 0],
            [-122.054453626828, 36.9808666525014, 0],
            [-122.054456431547, 36.9808522681347, 0],
            [-122.054495393393, 36.9808571587438, 0],
            [-122.054554179121, 36.9808645382761, 0],
            [-122.054492412143, 36.9811812457572, 0],
            [-122.054536017631, 36.9811867197222, 0],
            [-122.05452158861, 36.981260707096, 0],
            [-122.054131387083, 36.9812117253397, 0],
            [-122.054144356266, 36.9811452301605, 0],
            [-122.054295199273, 36.9811641666126, 0],
            [-122.054295081428, 36.9811647683773, 0],
            [-122.054293930821, 36.9811706657946, 0],
            [-122.054292661488, 36.9811771767039, 0],
            [-122.054308121279, 36.981179117334, 0],
            [-122.054309811099, 36.9811704541802, 0],
            [-122.054310960582, 36.9811645567776, 0],
            [-122.054319194338, 36.9811223424317, 0],
            [-122.054337786167, 36.9810270170453, 0],
            [-122.054342739746, 36.9810016167044, 0],
            [-122.054345816745, 36.9809858417767, 0],
            [-122.05435007168, 36.9809640248759, 0],
            [-122.054351192753, 36.980958274746, 0],
            [-122.05437115032, 36.9808559451084, 0],
            [-122.054396985988, 36.9808591884608, 0]
          ]
        ]
      },
      "properties": {
        "OBJECTID": 113,
        "CODE": "PKG",
        "NAME": "Hay Barn",
        "NUMBER": 170,
        "Location": null,
        "Permit_Type": "A, Disability",
        "Handicapped": "Yes",
        "Meters": "Yes",
        "Comments": null,
        "Paystations": "No",
        "Paystation_Limit": null,
        "Meter_Limit": "2 hr.",
        "Permit_Days": "M - F",
        "Permit_Period": "7:00am - 5:00pm",
        "NUM": "170",
        "GlobalID": "fc2bad62-b5fe-49cd-aeb0-511007a80e16"
      }
    },
    {
      "type": "Feature",
      "id": 115,
      "geometry": null,
      "properties": {
        "OBJECTID": 115,
        "CODE": null,
        "NAME": null,
        "NUMBER": null,
        "Location": null,
        "Permit_Type": null,
        "Handicapped": null,
        "Meters": null,
        "Comments": null,
        "Paystations": null,
        "Paystation_Limit": null,
        "Meter_Limit": null,
        "Permit_Days": null,
        "Permit_Period": null,
        "NUM": null,
        "GlobalID": "f9b2b2ac-d2e5-45e0-8170-f89b6e6c8326"
      }
    },
    {
      "type": "Feature",
      "id": 116,
      "geometry": null,
      "properties": {
        "OBJECTID": 116,
        "CODE": null,
        "NAME": null,
        "NUMBER": null,
        "Location": null,
        "Permit_Type": null,
        "Handicapped": null,
        "Meters": null,
        "Comments": null,
        "Paystations": null,
        "Paystation_Limit": null,
        "Meter_Limit": null,
        "Permit_Days": null,
        "Permit_Period": null,
        "NUM": null,
        "GlobalID": "6900414d-15ff-4000-afcb-38d2160eb5b7"
      }
    },
    {
      "type": "Feature",
      "id": 118,
      "geometry": {
        "type": "Polygon",
        "coordinates": [
          [
            [-122.066518346764, 36.998747816209, 0],
            [-122.066516876421, 36.998748643423, 0],
            [-122.06651222997, 36.9987512579979, 0],
            [-122.066503109199, 36.9987563902104, 0],
            [-122.066500425308, 36.9987584512339, 0],
            [-122.066498112267, 36.9987607848461, 0],
            [-122.066496212961, 36.9987633463128, 0],
            [-122.066478365835, 36.9987438425516, 0],
            [-122.066414729293, 36.9986742973757, 0],
            [-122.066437646247, 36.9986609223454, 0],
            [-122.066458191004, 36.9986489309549, 0],
            [-122.066476628882, 36.9986381691433, 0],
            [-122.066498147155, 36.998625610439, 0],
            [-122.066572142256, 36.9987064760823, 0],
            [-122.066578072904, 36.9987129571515, 0],
            [-122.066518346764, 36.998747816209, 0]
          ]
        ]
      },
      "properties": {
        "OBJECTID": 118,
        "CODE": null,
        "NAME": "Kresge College",
        "NUMBER": 142,
        "Location": "Kresge College",
        "Permit_Type": "A, B, N, NC, Reserved, Disability",
        "Handicapped": "Yes",
        "Meters": "Yes",
        "Comments": "R & C Permits allowed after 5pm.",
        "Paystations": "No",
        "Paystation_Limit": null,
        "Meter_Limit": "2 hr.",
        "Permit_Days": "M - F",
        "Permit_Period": "7:00am - 8:30pm",
        "NUM": "142",
        "GlobalID": "a9359b6b-5236-45f4-ab50-524147213d68"
      }
    },
    {
      "type": "Feature",
      "id": 119,
      "geometry": {
        "type": "Polygon",
        "coordinates": [
          [
            [-122.065388064556, 36.9500454356983, 0],
            [-122.065380988512, 36.9500373161078, 0],
            [-122.065372457043, 36.9500301540453, 0],
            [-122.065362668389, 36.9500241159307, 0],
            [-122.065351850003, 36.9500193420672, 0],
            [-122.065340253263, 36.9500159433818, 0],
            [-122.065328147636, 36.9500139988474, 0],
            [-122.065315814411, 36.9500135536477, 0],
            [-122.065314892144, 36.9500131788626, 0],
            [-122.06531391633, 36.950012905015, 0],
            [-122.065312904029, 36.9500127368925, 0],
            [-122.065311872941, 36.9500126774346, 0],
            [-122.065303166944, 36.9500126483241, 0],
            [-122.065269781461, 36.9500125386976, 0],
            [-122.065269555849, 36.9500567208897, 0],
            [-122.06492728896, 36.9500555928143, 0],
            [-122.064682723602, 36.9499465478441, 0],
            [-122.064705415178, 36.9499117898275, 0],
            [-122.064690530939, 36.9498844166941, 0],
            [-122.064690598947, 36.9498371266081, 0],
            [-122.064690849012, 36.9496648053416, 0],
            [-122.06469087667, 36.9496455446854, 0],
            [-122.064683108736, 36.9496455371853, 0],
            [-122.064620716022, 36.9496454787083, 0],
            [-122.064620748486, 36.9496231061704, 0],
            [-122.064608727185, 36.9496230953644, 0],
            [-122.064615097603, 36.9494010605999, 0],
            [-122.06474058049, 36.9494000200414, 0],
            [-122.064748209932, 36.9493999563994, 0],
            [-122.064749916216, 36.9493999362032, 0],
            [-122.06475890181, 36.9493998615694, 0],
            [-122.064862623472, 36.9493990011855, 0],
            [-122.064897017418, 36.9493765522572, 0],
            [-122.064902212439, 36.9493745196858, 0],
            [-122.064907741906, 36.9493731703053, 0],
            [-122.064913467355, 36.949372537906, 0],
            [-122.064919245412, 36.9493726383242, 0],
            [-122.065017892596, 36.9493728381257, 0],
            [-122.06509434045, 36.9493729924912, 0],
            [-122.065121331599, 36.9493729095336, 0],
            [-122.06519854047, 36.9493728895978, 0],
            [-122.065213630706, 36.949374393478, 0],
            [-122.065228167112, 36.9493779755746, 0],
            [-122.065241708906, 36.9493835272692, 0],
            [-122.065253845467, 36.9493908802203, 0],
            [-122.06526852837, 36.9493975429763, 0],
            [-122.065273420902, 36.9494014389348, 0],
            [-122.065286888901, 36.9494023368489, 0],
            [-122.065348535135, 36.949402522144, 0],
            [-122.065388997796, 36.9494026430647, 0],
            [-122.065388064556, 36.9500454356983, 0]
          ]
        ]
      },
      "properties": {
        "OBJECTID": 119,
        "CODE": "PKG",
        "NAME": "Seymour Center",
        "NUMBER": 201,
        "Location": null,
        "Permit_Type": "A, B, Disability",
        "Handicapped": null,
        "Meters": null,
        "Comments": null,
        "Paystations": null,
        "Paystation_Limit": null,
        "Meter_Limit": null,
        "Permit_Days": null,
        "Permit_Period": null,
        "NUM": "201",
        "GlobalID": "9e2cf512-c2ea-4f12-a04b-0f2045dc850a"
      }
    },
    {
      "type": "Feature",
      "id": 120,
      "geometry": {
        "type": "Polygon",
        "coordinates": [
          [
            [-122.06540310249, 36.9491075195065, 0],
            [-122.065345652248, 36.9491077528366, 0],
            [-122.065344183788, 36.9488770222098, 0],
            [-122.06541061456, 36.9488767521112, 0],
            [-122.06540310249, 36.9491075195065, 0]
          ]
        ]
      },
      "properties": {
        "OBJECTID": 120,
        "CODE": "PKG",
        "NAME": "Seymour Center 2",
        "NUMBER": 202,
        "Location": "Coastal Science Campus South",
        "Permit_Type": null,
        "Handicapped": null,
        "Meters": null,
        "Comments": null,
        "Paystations": null,
        "Paystation_Limit": null,
        "Meter_Limit": null,
        "Permit_Days": null,
        "Permit_Period": null,
        "NUM": "202",
        "GlobalID": "78d60fae-6f3a-42a0-ac6c-ab63f503e1ba"
      }
    },
    {
      "type": "Feature",
      "id": 121,
      "geometry": {
        "type": "Polygon",
        "coordinates": [
          [
            [-122.065809339808, 36.9499602107037, 0],
            [-122.065814096612, 36.9502062526224, 0],
            [-122.06581399681, 36.9502127218224, 0],
            [-122.06581394709, 36.9502159920172, 0],
            [-122.065787046223, 36.9502167038523, 0],
            [-122.065760146478, 36.9502174156661, 0],
            [-122.065759055175, 36.9502177421353, 0],
            [-122.065758049867, 36.9502182140707, 0],
            [-122.065757160381, 36.9502188174696, 0],
            [-122.065756413108, 36.9502195344294, 0],
            [-122.065755830219, 36.9502203436779, 0],
            [-122.06575542901, 36.9502212212044, 0],
            [-122.065755221383, 36.950222140973, 0],
            [-122.065755194698, 36.9502226520311, 0],
            [-122.06575522809, 36.9502231628354, 0],
            [-122.065755892889, 36.9502782645423, 0],
            [-122.065755999278, 36.9502791587521, 0],
            [-122.065756287324, 36.9502800267702, 0],
            [-122.065756749194, 36.950280844992, 0],
            [-122.065757372328, 36.9502815911666, 0],
            [-122.06575813978, 36.9502822450026, 0],
            [-122.065759030681, 36.9502827887195, 0],
            [-122.065760020803, 36.9502832075316, 0],
            [-122.06576108322, 36.9502834900496, 0],
            [-122.065762189042, 36.9502836285907, 0],
            [-122.065763308196, 36.9502836193876, 0],
            [-122.065764410249, 36.9502834626903, 0],
            [-122.065675855794, 36.9503685592341, 0],
            [-122.065674840922, 36.9503325341682, 0],
            [-122.065617602845, 36.9503335641285, 0],
            [-122.065609065551, 36.9500493615046, 0],
            [-122.06566109986, 36.9500484248557, 0],
            [-122.065660748945, 36.9500359543584, 0],
            [-122.065661064119, 36.9500348074995, 0],
            [-122.065661146424, 36.9500336349339, 0],
            [-122.065660993735, 36.9500324669203, 0],
            [-122.065660609994, 36.9500313335998, 0],
            [-122.065660005102, 36.9500302642182, 0],
            [-122.06565919467, 36.9500292863713, 0],
            [-122.06565819961, 36.950028425293, 0],
            [-122.065657045601, 36.9500277032036, 0],
            [-122.065636853786, 36.9500185706123, 0],
            [-122.065615275581, 36.9500117808565, 0],
            [-122.065592730471, 36.9500074659301, 0],
            [-122.065569656735, 36.9500057097158, 0],
            [-122.065496723575, 36.9500042494949, 0],
            [-122.065498047723, 36.9500514533066, 0],
            [-122.065551817294, 36.9500504852962, 0],
            [-122.065561252229, 36.9503665564589, 0],
            [-122.065497076409, 36.9503677110588, 0],
            [-122.065488859582, 36.9499426963893, 0],
            [-122.065508187386, 36.9499440599193, 0],
            [-122.065606292836, 36.949950984898, 0],
            [-122.065782063742, 36.9499589710885, 0],
            [-122.065795702336, 36.9499595908894, 0],
            [-122.065809339808, 36.9499602107037, 0]
          ]
        ]
      },
      "properties": {
        "OBJECTID": 121,
        "CODE": "PKG",
        "NAME": "Ocean Health Building",
        "NUMBER": 203,
        "Location": "Coastal Science Campus South",
        "Permit_Type": null,
        "Handicapped": null,
        "Meters": null,
        "Comments": null,
        "Paystations": null,
        "Paystation_Limit": null,
        "Meter_Limit": null,
        "Permit_Days": null,
        "Permit_Period": null,
        "NUM": "203",
        "GlobalID": "51d88d19-16c7-400e-9c54-68a630c01559"
      }
    },
    {
      "type": "Feature",
      "id": 122,
      "geometry": {
        "type": "Polygon",
        "coordinates": [
          [
            [-122.066043578139, 36.9532545714765, 0],
            [-122.066043455107, 36.9533039747215, 0],
            [-122.066045602224, 36.9533588005941, 0],
            [-122.066211959813, 36.9533590732013, 0],
            [-122.06621183336, 36.9534085224552, 0],
            [-122.065514469546, 36.9534073664089, 0],
            [-122.065514866181, 36.9532536941894, 0],
            [-122.066043578139, 36.9532545714765, 0]
          ]
        ]
      },
      "properties": {
        "OBJECTID": 122,
        "CODE": "PKG",
        "NAME": "Conservation Annex",
        "NUMBER": 204,
        "Location": "204",
        "Permit_Type": null,
        "Handicapped": null,
        "Meters": null,
        "Comments": null,
        "Paystations": null,
        "Paystation_Limit": null,
        "Meter_Limit": null,
        "Permit_Days": null,
        "Permit_Period": null,
        "NUM": "204",
        "GlobalID": "3a04805d-a0b3-436d-8644-b65243d5f484"
      }
    },
    {
      "type": "Feature",
      "id": 123,
      "geometry": {
        "type": "Polygon",
        "coordinates": [
          [
            [-122.064264654172, 36.9526489797874, 0],
            [-122.064253614102, 36.9526358299041, 0],
            [-122.064245504454, 36.9526213718263, 0],
            [-122.064240560675, 36.952606019648, 0],
            [-122.064238924533, 36.9525902184593, 0],
            [-122.06423906727, 36.9525352888574, 0],
            [-122.064239747163, 36.9525205975067, 0],
            [-122.064243291487, 36.9525061741325, 0],
            [-122.064249613356, 36.9524923758712, 0],
            [-122.064258554826, 36.9524795445909, 0],
            [-122.064269894583, 36.9524679986775, 0],
            [-122.064283351143, 36.9524580248813, 0],
            [-122.064298591644, 36.952449869187, 0],
            [-122.064315238542, 36.9524437349216, 0],
            [-122.064332879511, 36.9524397727086, 0],
            [-122.064351075337, 36.9524380821645, 0],
            [-122.06435276658, 36.95243787563, 0],
            [-122.064354391447, 36.9524374473914, 0],
            [-122.064355905241, 36.9524368079617, 0],
            [-122.064357265662, 36.9524359750309, 0],
            [-122.06435843505, 36.9524349734366, 0],
            [-122.064359381393, 36.9524338297429, 0],
            [-122.064360077266, 36.9524325749582, 0],
            [-122.064360504356, 36.9524312462773, 0],
            [-122.064360649903, 36.9524298781166, 0],
            [-122.064360754261, 36.9523898754815, 0],
            [-122.065180548031, 36.9523912441104, 0],
            [-122.065180438769, 36.9524331456309, 0],
            [-122.065180562216, 36.9524344353829, 0],
            [-122.065180934271, 36.9524356929594, 0],
            [-122.065181548702, 36.9524368887047, 0],
            [-122.065182386928, 36.9524379931289, 0],
            [-122.06518343151, 36.9524389776279, 0],
            [-122.065184655037, 36.9524398200399, 0],
            [-122.065186026712, 36.9524404973473, 0],
            [-122.065187514783, 36.9524409946559, 0],
            [-122.065189080803, 36.9524412989642, 0],
            [-122.065190686433, 36.9524414026758, 0],
            [-122.065211387162, 36.9524428803088, 0],
            [-122.065231457822, 36.952447206956, 0],
            [-122.06525029499, 36.952454253737, 0],
            [-122.06526733054, 36.9524638074873, 0],
            [-122.065282050933, 36.9524755804118, 0],
            [-122.065294015367, 36.9524892188533, 0],
            [-122.06530286156, 36.9525043113253, 0],
            [-122.065308324044, 36.9525204044875, 0],
            [-122.065310237745, 36.9525370130114, 0],
            [-122.065310078636, 36.9525986080665, 0],
            [-122.065310560448, 36.9526031382023, 0],
            [-122.065312014076, 36.9526075318281, 0],
            [-122.065314396327, 36.952611656147, 0],
            [-122.065317634974, 36.9526153859618, 0],
            [-122.06532163111, 36.9526186090498, 0],
            [-122.065326262499, 36.9526212252172, 0],
            [-122.065331390534, 36.95262315702, 0],
            [-122.065336857903, 36.9526243452888, 0],
            [-122.065342499902, 36.9526247534836, 0],
            [-122.065352801424, 36.9526247638783, 0],
            [-122.065352681417, 36.9526856473681, 0],
            [-122.065347357495, 36.9526855232852, 0],
            [-122.065342033574, 36.952685399202, 0],
            [-122.065334389348, 36.9526853621432, 0],
            [-122.064350294243, 36.9526837063749, 0],
            [-122.064330699404, 36.9526816847509, 0],
            [-122.064311812199, 36.9526770320604, 0],
            [-122.06429417888, 36.9526698815611, 0],
            [-122.064278306807, 36.9526604400295, 0],
            [-122.064264654172, 36.9526489797874, 0]
          ],
          [
            [-122.065180059789, 36.9525807471599, 0],
            [-122.0651799496, 36.9526227658485, 0],
            [-122.065179950359, 36.9526229100291, 0],
            [-122.065179954485, 36.9526230541646, 0],
            [-122.065179961961, 36.9526231973539, 0],
            [-122.065179972823, 36.9526233413989, 0],
            [-122.065179985912, 36.9526234845128, 0],
            [-122.065180003491, 36.9526236275665, 0],
            [-122.065180023315, 36.9526237705901, 0],
            [-122.065180046506, 36.9526239135683, 0],
            [-122.065180071924, 36.9526240556156, 0],
            [-122.065180101832, 36.9526241976025, 0],
            [-122.065180133967, 36.9526243386584, 0],
            [-122.065180169469, 36.9526244796691, 0],
            [-122.065180207198, 36.9526246197487, 0],
            [-122.065180249417, 36.952624759768, 0],
            [-122.065180293881, 36.9526248997572, 0],
            [-122.065180340553, 36.9526250379144, 0],
            [-122.065180391714, 36.9526251760112, 0],
            [-122.065180445103, 36.952625313177, 0],
            [-122.06518050184, 36.9526254493967, 0],
            [-122.065180560822, 36.9526255855862, 0],
            [-122.065180623135, 36.9526257199286, 0],
            [-122.065180688815, 36.9526258542259, 0],
            [-122.065180756703, 36.952625986691, 0],
            [-122.065180827958, 36.952626119111, 0],
            [-122.065180902544, 36.952626249684, 0],
            [-122.065180979374, 36.9526263802267, 0],
            [-122.065181058413, 36.9526265089374, 0],
            [-122.0651811408, 36.952626636702, 0],
            [-122.065181226517, 36.9526267626195, 0],
            [-122.06518131448, 36.9526268885069, 0],
            [-122.06518140465, 36.9526270125623, 0],
            [-122.06518149815, 36.9526271347705, 0],
            [-122.065181593877, 36.9526272560477, 0],
            [-122.065181692952, 36.9526273763788, 0],
            [-122.065181793113, 36.9526274948928, 0],
            [-122.065181897745, 36.9526276124457, 0],
            [-122.065182003462, 36.9526277281816, 0],
            [-122.065182112528, 36.9526278429714, 0],
            [-122.065182223782, 36.9526279550281, 0],
            [-122.065182337263, 36.9526280661539, 0],
            [-122.065182452971, 36.9526281763485, 0],
            [-122.06518257199, 36.9526282837951, 0],
            [-122.065182693235, 36.9526283903107, 0],
            [-122.065182815565, 36.9526284950092, 0],
            [-122.065182941207, 36.9526285969598, 0],
            [-122.065183069075, 36.9526286979793, 0],
            [-122.065183198028, 36.9526287971818, 0],
            [-122.065183330311, 36.9526288945372, 0],
            [-122.065183463679, 36.9526289900757, 0],
            [-122.065183600377, 36.9526290837671, 0],
            [-122.06518373816, 36.9526291756415, 0],
            [-122.065183878151, 36.952629265684, 0],
            [-122.065184020331, 36.9526293529934, 0],
            [-122.065184163614, 36.9526294393869, 0],
            [-122.065184309087, 36.9526295230473, 0],
            [-122.065184456767, 36.9526296048758, 0],
            [-122.065184606635, 36.9526296839713, 0],
            [-122.065184757589, 36.9526297612499, 0],
            [-122.065184909628, 36.9526298367115, 0],
            [-122.065185063874, 36.9526299103411, 0],
            [-122.065185219186, 36.9526299812528, 0],
            [-122.065185376706, 36.9526300503324, 0],
            [-122.065185535293, 36.9526301166942, 0],
            [-122.065185696087, 36.952630181224, 0],
            [-122.065185857965, 36.9526302439368, 0],
            [-122.065186020892, 36.9526303030308, 0],
            [-122.065186184922, 36.9526303612087, 0],
            [-122.065186350018, 36.9526304166688, 0],
            [-122.065186516181, 36.952630469411, 0],
            [-122.065186684551, 36.9526305203212, 0],
            [-122.065186852865, 36.9526305685285, 0],
            [-122.065187022245, 36.9526306140179, 0],
            [-122.065187193833, 36.9526306576754, 0],
            [-122.065187365364, 36.95263069863, 0],
            [-122.065187537981, 36.9526307377676, 0],
            [-122.065187711663, 36.9526307741874, 0],
            [-122.06518788529, 36.9526308079044, 0],
            [-122.065188059982, 36.9526308389034, 0],
            [-122.06518823576, 36.9526308680855, 0],
            [-122.065188411481, 36.9526308945648, 0],
            [-122.065188588268, 36.9526309183262, 0],
            [-122.065188765018, 36.9526309402857, 0],
            [-122.065188942834, 36.9526309595273, 0],
            [-122.065189120594, 36.9526309760661, 0],
            [-122.06518929942, 36.952630989887, 0],
            [-122.06518947819, 36.9526310010051, 0],
            [-122.065189656922, 36.9526310103212, 0],
            [-122.065189835598, 36.9526310169346, 0],
            [-122.06519001534, 36.9526310208301, 0],
            [-122.065190193922, 36.9526310229388, 0],
            [-122.065190373551, 36.9526310214286, 0],
            [-122.065190552021, 36.9526310181317, 0],
            [-122.065190731556, 36.9526310121167, 0],
            [-122.065190909913, 36.9526310034141, 0],
            [-122.065191089355, 36.9526309928946, 0],
            [-122.065191267617, 36.9526309796873, 0],
            [-122.065191445824, 36.9526309637771, 0],
            [-122.065191622851, 36.9526309451792, 0],
            [-122.065191799822, 36.9526309238785, 0],
            [-122.065191898364, 36.9526309108402, 0],
            [-122.065192780618, 36.9526307872488, 0],
            [-122.065193660364, 36.9526306510744, 0],
            [-122.065194537603, 36.952630502317, 0],
            [-122.065195410088, 36.9526303410067, 0],
            [-122.065196280083, 36.9526301680143, 0],
            [-122.065197145326, 36.952629982469, 0],
            [-122.065198006957, 36.9526297852567, 0],
            [-122.065198863834, 36.9526295754914, 0],
            [-122.065199715978, 36.9526293540742, 0],
            [-122.065200563387, 36.9526291210051, 0],
            [-122.065201406061, 36.952628876284, 0],
            [-122.06520224286, 36.952628619025, 0],
            [-122.065203073802, 36.9526283501292, 0],
            [-122.065203898906, 36.9526280704975, 0],
            [-122.065204717011, 36.9526277783429, 0],
            [-122.065205529279, 36.9526274754524, 0],
            [-122.065206335689, 36.9526271609251, 0],
            [-122.065207133997, 36.952626834791, 0],
            [-122.065207925345, 36.952626497936, 0],
            [-122.065208709732, 36.9526261503601, 0],
            [-122.065209486017, 36.9526257911775, 0],
            [-122.065210254237, 36.9526254221901, 0],
            [-122.065211014355, 36.9526250415959, 0],
            [-122.06521176639, 36.9526246502958, 0],
            [-122.065212510361, 36.9526242491909, 0],
            [-122.065213244003, 36.9526238374104, 0],
            [-122.06521396958, 36.952623415825, 0],
            [-122.065214685952, 36.9526229835489, 0],
            [-122.065215392014, 36.952622541498, 0],
            [-122.065216088889, 36.9526220896573, 0],
            [-122.065216776576, 36.9526216280268, 0],
            [-122.065217452832, 36.9526211566367, 0],
            [-122.065218119919, 36.9526206763577, 0],
            [-122.065218775575, 36.9526201863191, 0],
            [-122.065219420939, 36.9526196874067, 0],
            [-122.065220054889, 36.9526191796356, 0],
            [-122.065220677427, 36.9526186630057, 0],
            [-122.065221289673, 36.9526181375021, 0],
            [-122.065221889402, 36.9526176040558, 0],
            [-122.065222477718, 36.9526170617507, 0],
            [-122.065223054639, 36.952616511488, 0],
            [-122.065223619043, 36.9526159532825, 0],
            [-122.065224172052, 36.9526153871192, 0],
            [-122.065224711441, 36.9526148139292, 0],
            [-122.065225239434, 36.9526142327814, 0],
            [-122.065225753788, 36.9526136437061, 0],
            [-122.065226255662, 36.9526130484899, 0],
            [-122.065226743896, 36.9526124453461, 0],
            [-122.065227219651, 36.9526118360614, 0],
            [-122.065227681803, 36.952611220651, 0],
            [-122.065228131457, 36.9526105981988, 0],
            [-122.065228566386, 36.952609969636, 0],
            [-122.065228987713, 36.9526093349474, 0],
            [-122.065229395457, 36.9526086950341, 0],
            [-122.065229788475, 36.95260804901, 0],
            [-122.065230167911, 36.9526073977611, 0],
            [-122.065230533762, 36.9526067412874, 0],
            [-122.065230884908, 36.952606079604, 0],
            [-122.065231221366, 36.9526054136118, 0],
            [-122.065231543119, 36.9526047424098, 0],
            [-122.065231850184, 36.9526040668991, 0],
            [-122.065232143684, 36.9526033870644, 0],
            [-122.065232421394, 36.952602703837, 0],
            [-122.065232684416, 36.9526020163009, 0],
            [-122.065232931647, 36.9526013253719, 0],
            [-122.06523316421, 36.952600631035, 0],
            [-122.065233382123, 36.9525999341912, 0],
            [-122.065233585348, 36.9525992330387, 0],
            [-122.065233771698, 36.9525985303103, 0],
            [-122.065233944502, 36.952597824159, 0],
            [-122.06523410043, 36.9525971164318, 0],
            [-122.065234241708, 36.9525964061978, 0],
            [-122.065234367232, 36.9525956943728, 0],
            [-122.065234477003, 36.9525949809569, 0],
            [-122.065234572143, 36.9525942659351, 0],
            [-122.065234651549, 36.9525935502233, 0],
            [-122.065234715201, 36.9525928329206, 0],
            [-122.065234763118, 36.9525921149279, 0],
            [-122.065234795301, 36.9525913962452, 0],
            [-122.065234811749, 36.9525906768726, 0],
            [-122.065234814063, 36.9525903569182, 0],
            [-122.065234955581, 36.9525356192757, 0],
            [-122.065234949577, 36.9525349002046, 0],
            [-122.065234927858, 36.9525341813443, 0],
            [-122.065234890423, 36.9525334626951, 0],
            [-122.06523483729, 36.9525327451577, 0],
            [-122.065234769565, 36.9525320278163, 0],
            [-122.065234685038, 36.9525313125028, 0],
            [-122.065234585918, 36.9525305973852, 0],
            [-122.065234469997, 36.9525298842956, 0],
            [-122.06523433952, 36.9525291732037, 0],
            [-122.065234194488, 36.9525284641096, 0],
            [-122.065234032655, 36.9525277570435, 0],
            [-122.065233856265, 36.9525270519751, 0],
            [-122.065233663094, 36.9525263498356, 0],
            [-122.065233456489, 36.9525256496789, 0],
            [-122.065233234244, 36.9525249533368, 0],
            [-122.065232996339, 36.9525242599086, 0],
            [-122.065232743916, 36.95252357028, 0],
            [-122.065232475852, 36.9525228844662, 0],
            [-122.06523219327, 36.9525222024521, 0],
            [-122.065231896151, 36.9525215233366, 0],
            [-122.065231584551, 36.9525208498227, 0],
            [-122.06523125731, 36.9525201801235, 0],
            [-122.065230916692, 36.95251951511, 0],
            [-122.065230560472, 36.952518855713, 0],
            [-122.065230190855, 36.9525182001006, 0],
            [-122.065229806777, 36.9525175509907, 0],
            [-122.065229409322, 36.9525169065664, 0],
            [-122.065228997405, 36.9525162686445, 0],
            [-122.065228570988, 36.9525156354233, 0],
            [-122.065228131251, 36.9525150095904, 0],
            [-122.065227678155, 36.952514389344, 0],
            [-122.065227211702, 36.952513774684, 0],
            [-122.065226731947, 36.9525131683134, 0],
            [-122.065226238834, 36.9525125675293, 0],
            [-122.065225733522, 36.9525119741184, 0],
            [-122.065225214891, 36.9525113880959, 0],
            [-122.06522468292, 36.9525108085608, 0],
            [-122.065224138769, 36.9525102373, 0],
            [-122.06522358244, 36.9525096743134, 0],
            [-122.065223015035, 36.952509118685, 0],
            [-122.065222434309, 36.9525085704449, 0],
            [-122.065221841423, 36.9525080313801, 0],
            [-122.065221238584, 36.9525074996583, 0],
            [-122.065220622463, 36.9525069771269, 0],
            [-122.065219996425, 36.9525064637404, 0],
            [-122.065219358209, 36.9525059586282, 0],
            [-122.065218710077, 36.952505462661, 0],
            [-122.065218050908, 36.9525049758539, 0],
            [-122.0652173807, 36.9525044982069, 0],
            [-122.065216700578, 36.9525040297049, 0],
            [-122.065216010558, 36.9525035712489, 0],
            [-122.065215310643, 36.9525031228389, 0],
            [-122.065214600812, 36.9525026835739, 0],
            [-122.065213882225, 36.9525022552408, 0],
            [-122.065213153724, 36.9525018360526, 0],
            [-122.065212416467, 36.9525014277964, 0],
            [-122.065211670436, 36.9525010295709, 0],
            [-122.06521091565, 36.9525006422774, 0],
            [-122.065210153213, 36.9525002649997, 0],
            [-122.065209382021, 36.9524998986538, 0],
            [-122.065208603196, 36.9524995432247, 0],
            [-122.065207816738, 36.9524991987124, 0],
            [-122.065207022666, 36.9524988660178, 0],
            [-122.065206222066, 36.9524985433239, 0],
            [-122.065205413851, 36.9524982324477, 0],
            [-122.065204600268, 36.9524979333591, 0],
            [-122.065203779053, 36.9524976451873, 0],
            [-122.065202952468, 36.952497368803, 0],
            [-122.065202119374, 36.9524971033205, 0],
            [-122.06520128093, 36.9524968505264, 0],
            [-122.065200437117, 36.95249660952, 0],
            [-122.065199587916, 36.9524963794002, 0],
            [-122.065198734488, 36.9524961619538, 0],
            [-122.065197875691, 36.9524959562949, 0],
            [-122.065197012648, 36.9524957624086, 0],
            [-122.065196145378, 36.9524955811957, 0],
            [-122.065195274984, 36.9524954117403, 0],
            [-122.065194400363, 36.9524952549582, 0],
            [-122.065193523741, 36.9524951099186, 0],
            [-122.065192642891, 36.9524949775524, 0],
            [-122.065192249858, 36.9524949224486, 0],
            [-122.06519207309, 36.9524948995881, 0],
            [-122.065191895255, 36.9524948794456, 0],
            [-122.065191717458, 36.9524948611049, 0],
            [-122.065191539717, 36.9524948454671, 0],
            [-122.065191360911, 36.9524948325471, 0],
            [-122.06519118216, 36.95249482233, 0],
            [-122.065191003447, 36.9524948139147, 0],
            [-122.065190824809, 36.9524948091032, 0],
            [-122.065190645086, 36.9524948061087, 0],
            [-122.065190466542, 36.9524948058019, 0],
            [-122.065190286913, 36.9524948073121, 0],
            [-122.065190108481, 36.9524948124109, 0],
            [-122.065189928965, 36.9524948193267, 0],
            [-122.065189750627, 36.9524948289303, 0],
            [-122.065189572346, 36.9524948412367, 0],
            [-122.065189394103, 36.952494855345, 0],
            [-122.065189215934, 36.952494873057, 0],
            [-122.065189037803, 36.9524948925709, 0],
            [-122.065188860832, 36.9524949138716, 0],
            [-122.065188685059, 36.952494938761, 0],
            [-122.065188508201, 36.9524949654673, 0],
            [-122.065188333644, 36.9524949948464, 0],
            [-122.065188158021, 36.9524950269433, 0],
            [-122.065187984699, 36.9524950617129, 0],
            [-122.065187811415, 36.9524950982844, 0],
            [-122.06518763931, 36.9524951375437, 0],
            [-122.065187467261, 36.9524951795058, 0],
            [-122.065187296373, 36.9524952232547, 0],
            [-122.065187127786, 36.9524952696762, 0],
            [-122.065186959255, 36.9524953188006, 0],
            [-122.065186790761, 36.9524953697269, 0],
            [-122.06518662457, 36.9524954233258, 0],
            [-122.065186459538, 36.9524954787116, 0],
            [-122.065186295685, 36.9524955367851, 0],
            [-122.065186133011, 36.9524955975464, 0],
            [-122.065185971497, 36.9524956600944, 0],
            [-122.065185812266, 36.9524957244143, 0],
            [-122.06518565311, 36.9524957923379, 0],
            [-122.065185496218, 36.9524958611323, 0],
            [-122.065185341627, 36.9524959325993, 0],
            [-122.065185187093, 36.9524960067692, 0],
            [-122.065185034841, 36.9524960827108, 0],
            [-122.065184884872, 36.9524961604243, 0],
            [-122.065184736063, 36.9524962399244, 0],
            [-122.065184588433, 36.9524963221124, 0],
            [-122.065184443105, 36.952496406973, 0],
            [-122.06518430004, 36.9524964927044, 0],
            [-122.065184158154, 36.9524965811236, 0],
            [-122.065184018551, 36.9524966713145, 0],
            [-122.065183881231, 36.9524967632772, 0],
            [-122.065183745071, 36.9524968570266, 0],
            [-122.065183612334, 36.9524969534338, 0],
            [-122.06518348074, 36.9524970507267, 0],
            [-122.065183351446, 36.9524971506923, 0],
            [-122.065183224417, 36.9524972515288, 0],
            [-122.065183099688, 36.9524973550379, 0],
            [-122.065182977243, 36.9524974603188, 0],
            [-122.065182857062, 36.9524975664705, 0],
            [-122.06518273804, 36.952497674409, 0],
            [-122.065182623565, 36.95249778499, 0],
            [-122.065182510232, 36.9524978964569, 0],
            [-122.065182399162, 36.9524980087946, 0],
            [-122.065182290394, 36.952498123805, 0],
            [-122.065182185013, 36.9524982396711, 0],
            [-122.065182081914, 36.952498357309, 0],
            [-122.065181981098, 36.9524984767186, 0],
            [-122.065181883668, 36.9524985969839, 0],
            [-122.065181787379, 36.9524987181351, 0],
            [-122.065181694496, 36.952498841043, 0],
            [-122.065181605018, 36.9524989657075, 0],
            [-122.065181517804, 36.9524990912429, 0],
            [-122.065181432854, 36.952499217649, 0],
            [-122.065181351309, 36.9524993458118, 0],
            [-122.065181272028, 36.9524994748455, 0],
            [-122.065181196152, 36.9524996056358, 0],
            [-122.065181122522, 36.952499736396, 0],
            [-122.065181052296, 36.9524998689128, 0],
            [-122.065180984316, 36.9525000013995, 0],
            [-122.065180919741, 36.9525001356429, 0],
            [-122.06518085743, 36.9525002707571, 0],
            [-122.065180799628, 36.9525004067119, 0],
            [-122.065180742967, 36.9525005435526, 0],
            [-122.065180690797, 36.9525006803331, 0],
            [-122.065180640909, 36.9525008188852, 0],
            [-122.065180593266, 36.9525009574073, 0],
            [-122.065180550133, 36.95250109677, 0],
            [-122.065180509263, 36.9525012370035, 0],
            [-122.065180470639, 36.9525013772068, 0],
            [-122.065180436523, 36.9525015182509, 0],
            [-122.065180404671, 36.9525016601657, 0],
            [-122.065180376187, 36.9525018020354, 0],
            [-122.06518035109, 36.9525019447607, 0],
            [-122.065180328238, 36.9525020874559, 0],
            [-122.065180308753, 36.9525022301059, 0],
            [-122.065180292655, 36.9525023736117, 0],
            [-122.065180279924, 36.9525025170722, 0],
            [-122.065180269439, 36.9525026605026, 0],
            [-122.065180263444, 36.9525028038727, 0],
            [-122.065180259713, 36.9525029481137, 0],
            [-122.06518025912, 36.9525030274266, 0],
            [-122.065180150035, 36.9525450451989, 0],
            [-122.06436915023, 36.9525436829207, 0],
            [-122.06436925489, 36.9525032098587, 0],
            [-122.064369123914, 36.9525018814557, 0],
            [-122.064368728671, 36.9525005881402, 0],
            [-122.064368077692, 36.9524993622406, 0],
            [-122.064367189634, 36.9524982368507, 0],
            [-122.064366087548, 36.9524972404993, 0],
            [-122.064364798958, 36.9524964007541, 0],
            [-122.064363359095, 36.95249573787, 0],
            [-122.064361804274, 36.9524952702846, 0],
            [-122.064360176295, 36.9524950100539, 0],
            [-122.064358517944, 36.9524949629121, 0],
            [-122.064356870833, 36.9524951319056, 0],
            [-122.064348520532, 36.9524971526666, 0],
            [-122.064340716503, 36.9525002781695, 0],
            [-122.064333685947, 36.9525044188514, 0],
            [-122.064327628506, 36.9525094557804, 0],
            [-122.064322721909, 36.9525152423809, 0],
            [-122.064319107553, 36.9525216127393, 0],
            [-122.064316888271, 36.9525283825338, 0],
            [-122.064316129591, 36.9525353553265, 0],
            [-122.064315994821, 36.9525875379874, 0],
            [-122.064316717274, 36.9525945134382, 0],
            [-122.064318900961, 36.9526012908482, 0],
            [-122.06432248338, 36.9526076727934, 0],
            [-122.064327359671, 36.9526134768373, 0],
            [-122.064333389317, 36.9526185336383, 0],
            [-122.064340399751, 36.9526226986173, 0],
            [-122.064348187463, 36.9526258510412, 0],
            [-122.06435652709, 36.9526278993081, 0],
            [-122.064358173496, 36.9526280736784, 0],
            [-122.064359832256, 36.9526280324979, 0],
            [-122.064361461852, 36.9526277772248, 0],
            [-122.064363018618, 36.9526273138522, 0],
            [-122.064364462423, 36.9526266564364, 0],
            [-122.064365754277, 36.9526258199195, 0],
            [-122.064366862095, 36.952624827262, 0],
            [-122.064367756111, 36.9526237049977, 0],
            [-122.064368412212, 36.9526224813871, 0],
            [-122.064368815338, 36.9526211881742, 0],
            [-122.064368952749, 36.9526198606763, 0],
            [-122.064369057579, 36.9525793957224, 0],
            [-122.065180059789, 36.9525807471599, 0]
          ]
        ]
      },
      "properties": {
        "OBJECTID": 123,
        "CODE": null,
        "NAME": "CBB South",
        "NUMBER": 205,
        "Location": null,
        "Permit_Type": null,
        "Handicapped": null,
        "Meters": null,
        "Comments": null,
        "Paystations": null,
        "Paystation_Limit": null,
        "Meter_Limit": null,
        "Permit_Days": null,
        "Permit_Period": null,
        "NUM": "205",
        "GlobalID": "76ccc004-589b-446d-b77d-d3c21f4cd2b7"
      }
    },
    {
      "type": "Feature",
      "id": 126,
      "geometry": {
        "type": "Polygon",
        "coordinates": [
          [
            [-122.065224471234, 36.9533048829731, 0],
            [-122.06507658425, 36.9533812327718, 0],
            [-122.064950123704, 36.9534465210396, 0],
            [-122.06495093469, 36.9534530537151, 0],
            [-122.065008599513, 36.9534531511852, 0],
            [-122.065007973382, 36.9536917756049, 0],
            [-122.06495207811, 36.953691680516, 0],
            [-122.064951967495, 36.9537337388642, 0],
            [-122.064279247653, 36.9537325996909, 0],
            [-122.06427936987, 36.9536860126997, 0],
            [-122.064205500918, 36.9536858880298, 0],
            [-122.064206189939, 36.9534243364649, 0],
            [-122.064276685375, 36.9534244568247, 0],
            [-122.064289285788, 36.9534244779275, 0],
            [-122.064289406773, 36.9533786407461, 0],
            [-122.064918426815, 36.953379705773, 0],
            [-122.065029428589, 36.9533223996258, 0],
            [-122.065108322969, 36.9532816683275, 0],
            [-122.065140272459, 36.953287805548, 0],
            [-122.065224471234, 36.9533048829731, 0]
          ]
        ]
      },
      "properties": {
        "OBJECTID": 126,
        "CODE": "PKG",
        "NAME": "CBB North",
        "NUMBER": 206,
        "Location": null,
        "Permit_Type": null,
        "Handicapped": null,
        "Meters": null,
        "Comments": null,
        "Paystations": null,
        "Paystation_Limit": null,
        "Meter_Limit": null,
        "Permit_Days": null,
        "Permit_Period": null,
        "NUM": "206",
        "GlobalID": "d8919843-7d8f-498a-8a4e-d39df852d73b"
      }
    },
    {
      "type": "Feature",
      "id": 127,
      "geometry": {
        "type": "Polygon",
        "coordinates": [
          [
            [-122.062905568038, 36.9549614467939, 0],
            [-122.062833017461, 36.9551730702863, 0],
            [-122.062782297764, 36.955161966999, 0],
            [-122.062777259625, 36.9551766635827, 0],
            [-122.06271126794, 36.9551620916919, 0],
            [-122.062716266955, 36.9551475109883, 0],
            [-122.062657835881, 36.9551347185261, 0],
            [-122.062730492838, 36.9549227891205, 0],
            [-122.062905568038, 36.9549614467939, 0]
          ]
        ]
      },
      "properties": {
        "OBJECTID": 127,
        "CODE": "PKG",
        "NAME": "CSC Entry",
        "NUMBER": 207,
        "Location": null,
        "Permit_Type": null,
        "Handicapped": null,
        "Meters": null,
        "Comments": null,
        "Paystations": null,
        "Paystation_Limit": null,
        "Meter_Limit": null,
        "Permit_Days": null,
        "Permit_Period": null,
        "NUM": "207",
        "GlobalID": "aac80043-bc26-42a6-b6ed-d0faee564aa0"
      }
    },
    {
      "type": "Feature",
      "id": 128,
      "geometry": {
        "type": "Polygon",
        "coordinates": [
          [
            [-122.057674616791, 36.9555948523275, 0],
            [-122.057671271823, 36.9554969257593, 0],
            [-122.057672713258, 36.9553989694954, 0],
            [-122.057678936302, 36.9553011322957, 0],
            [-122.057689933935, 36.9552035638511, 0],
            [-122.057705689014, 36.9551064130854, 0],
            [-122.057705720864, 36.9551047544672, 0],
            [-122.05770610927, 36.9551031244298, 0],
            [-122.057706840649, 36.9551015718188, 0],
            [-122.057707893482, 36.9551001419814, 0],
            [-122.057709236093, 36.9550988776968, 0],
            [-122.057710831061, 36.9550978155125, 0],
            [-122.057712630748, 36.9550969867055, 0],
            [-122.057714579547, 36.955096417252, 0],
            [-122.057763088914, 36.9550774407448, 0],
            [-122.057767002759, 36.955075244521, 0],
            [-122.057770381639, 36.9550725390615, 0],
            [-122.057773122853, 36.9550694077466, 0],
            [-122.05777514413, 36.9550659444984, 0],
            [-122.057776384754, 36.9550622537651, 0],
            [-122.057776806609, 36.9550584469026, 0],
            [-122.057780944291, 36.9550381878064, 0],
            [-122.057783395791, 36.9550176250063, 0],
            [-122.05778987684, 36.9549976292919, 0],
            [-122.05780022489, 36.9549787011932, 0],
            [-122.057814180268, 36.9549613146005, 0],
            [-122.057831393815, 36.9549459058481, 0],
            [-122.057908683524, 36.954928346237, 0],
            [-122.057987031009, 36.9549140897271, 0],
            [-122.058066213649, 36.95490317624, 0],
            [-122.058135667517, 36.9548943816363, 0],
            [-122.058205825389, 36.9548905638769, 0],
            [-122.058276129815, 36.9548917529403, 0],
            [-122.058346022519, 36.9548979391653, 0],
            [-122.058386759906, 36.954910997294, 0],
            [-122.058429488096, 36.9549190163715, 0],
            [-122.058473239925, 36.9549218182701, 0],
            [-122.0585170225, 36.9549193378563, 0],
            [-122.058528947443, 36.9549172625283, 0],
            [-122.058540335054, 36.9549137524745, 0],
            [-122.058550915326, 36.9549088915101, 0],
            [-122.058560440218, 36.9549027937976, 0],
            [-122.058568684742, 36.9548956020294, 0],
            [-122.058575455937, 36.9548874873078, 0],
            [-122.058580591566, 36.9548786401507, 0],
            [-122.058583972427, 36.9548692685248, 0],
            [-122.058585283239, 36.9548139890205, 0],
            [-122.058580922058, 36.9547588096661, 0],
            [-122.058570920194, 36.9547041022349, 0],
            [-122.058673117819, 36.9546944388509, 0],
            [-122.058679760833, 36.954777320075, 0],
            [-122.058683617648, 36.9548203139449, 0],
            [-122.058682206624, 36.954863403468, 0],
            [-122.058675542799, 36.9549061774994, 0],
            [-122.058673727065, 36.9549167285934, 0],
            [-122.058674059203, 36.9549273753396, 0],
            [-122.058676532352, 36.9549378411639, 0],
            [-122.058681080188, 36.9549478520892, 0],
            [-122.058687585012, 36.9549571474419, 0],
            [-122.058695875628, 36.9549654861884, 0],
            [-122.058758617366, 36.9549895086235, 0],
            [-122.058818576748, 36.9550177055946, 0],
            [-122.058831652165, 36.9550187969634, 0],
            [-122.05884476489, 36.9550180611162, 0],
            [-122.058857520084, 36.9550155186517, 0],
            [-122.05886952968, 36.9550112459526, 0],
            [-122.058880430307, 36.9550053731428, 0],
            [-122.058888296276, 36.9550285782072, 0],
            [-122.058862752738, 36.9551267909495, 0],
            [-122.058842795887, 36.9552258265841, 0],
            [-122.058828467565, 36.9553254817864, 0],
            [-122.058819796141, 36.9554255534115, 0],
            [-122.058817301092, 36.9554302639534, 0],
            [-122.058813870351, 36.9554345814681, 0],
            [-122.058809598089, 36.9554383902451, 0],
            [-122.058804598868, 36.9554415833133, 0],
            [-122.05879901021, 36.9554440777269, 0],
            [-122.058792984471, 36.9554458020573, 0],
            [-122.058785245356, 36.9554469409882, 0],
            [-122.058777838896, 36.9554490667826, 0],
            [-122.058770961549, 36.9554521227427, 0],
            [-122.058764794691, 36.9554560289412, 0],
            [-122.058759501271, 36.9554606831677, 0],
            [-122.058755221279, 36.9554659591864, 0],
            [-122.058752067559, 36.9554717212112, 0],
            [-122.058751015799, 36.9554835895494, 0],
            [-122.058747487171, 36.9554951476449, 0],
            [-122.058741580448, 36.955506068847, 0],
            [-122.05873346324, 36.9555160427068, 0],
            [-122.058723366618, 36.9555247867656, 0],
            [-122.058711577377, 36.9555320520646, 0],
            [-122.05869842927, 36.9555376340773, 0],
            [-122.058684295177, 36.955541373715, 0],
            [-122.058643187501, 36.9555438761069, 0],
            [-122.058601961984, 36.9555437846269, 0],
            [-122.058560872357, 36.9555410967846, 0],
            [-122.058461470213, 36.9555301169402, 0],
            [-122.058362864262, 36.9555152413324, 0],
            [-122.058306683085, 36.9555050553154, 0],
            [-122.05824946752, 36.9554996765343, 0],
            [-122.058191861052, 36.9554991621752, 0],
            [-122.058163185291, 36.9555013414558, 0],
            [-122.057734330189, 36.9555706930044, 0],
            [-122.057731817821, 36.9555714862732, 0],
            [-122.057674616791, 36.9555948523275, 0]
          ],
          [
            [-122.057850630148, 36.9555179650554, 0],
            [-122.057919900512, 36.95548795448, 0],
            [-122.057923081175, 36.9554867359272, 0],
            [-122.057925954532, 36.9554851024263, 0],
            [-122.057928437305, 36.9554830992482, 0],
            [-122.057930454406, 36.9554807877761, 0],
            [-122.057931948826, 36.9554782345588, 0],
            [-122.057932874966, 36.9554755150044, 0],
            [-122.057933206404, 36.9554727087708, 0],
            [-122.057932933635, 36.9554698988948, 0],
            [-122.057932062869, 36.9554671682028, 0],
            [-122.057930621551, 36.955464594732, 0],
            [-122.057928652864, 36.9554622572103, 0],
            [-122.057926212075, 36.9554602215872, 0],
            [-122.05792337234, 36.9554585499689, 0],
            [-122.057920217741, 36.9554572898961, 0],
            [-122.057890000276, 36.9554445317282, 0],
            [-122.057857884128, 36.9554351919073, 0],
            [-122.057824472561, 36.9554294453136, 0],
            [-122.057816288404, 36.9554347896795, 0],
            [-122.057809344949, 36.9554411565427, 0],
            [-122.057803838319, 36.9554483648473, 0],
            [-122.057799924862, 36.9554562106378, 0],
            [-122.057797716713, 36.9554644698218, 0],
            [-122.057797276372, 36.9554729072545, 0],
            [-122.057798615743, 36.9554812848624, 0],
            [-122.057801698423, 36.9554893634147, 0],
            [-122.057806432027, 36.9554969116382, 0],
            [-122.057808999161, 36.9554998413603, 0],
            [-122.057811564031, 36.9555027702114, 0],
            [-122.05781785109, 36.9555078500431, 0],
            [-122.057825119708, 36.9555120155688, 0],
            [-122.057833160689, 36.9555151425152, 0],
            [-122.057841746537, 36.9555171447035, 0],
            [-122.057850630148, 36.9555179650554, 0]
          ],
          [
            [-122.058020614539, 36.9554598767267, 0],
            [-122.058025319602, 36.9554599319134, 0],
            [-122.058046626129, 36.9554585892125, 0],
            [-122.058067405927, 36.9554545905245, 0],
            [-122.058087143374, 36.9554480346612, 0],
            [-122.058105347793, 36.9554390858884, 0],
            [-122.058110523828, 36.9554362410514, 0],
            [-122.058115079671, 36.9554327844818, 0],
            [-122.058118901413, 36.9554288006114, 0],
            [-122.058121896753, 36.9554243871013, 0],
            [-122.058123990495, 36.9554196540005, 0],
            [-122.058125131145, 36.9554147173498, 0],
            [-122.058125292039, 36.9554096991664, 0],
            [-122.058125269063, 36.9554068598182, 0],
            [-122.058124641767, 36.9554040654943, 0],
            [-122.058123428672, 36.9554013970545, 0],
            [-122.058121666206, 36.9553989324158, 0],
            [-122.058119404118, 36.9553967421074, 0],
            [-122.058116710024, 36.9553948919139, 0],
            [-122.058113660243, 36.9553934339859, 0],
            [-122.058110345536, 36.9553924130712, 0],
            [-122.058106861923, 36.9553918567247, 0],
            [-122.058103310795, 36.9553917807144, 0],
            [-122.05809979442, 36.9553921890808, 0],
            [-122.058096416996, 36.9553930705184, 0],
            [-122.058093275629, 36.9553943966938, 0],
            [-122.058060098721, 36.9554087291891, 0],
            [-122.058059215864, 36.9554060112764, 0],
            [-122.058057781504, 36.9554034485285, 0],
            [-122.058055833058, 36.9554011125408, 0],
            [-122.058053427986, 36.95539906653, 0],
            [-122.058050631471, 36.9553973673014, 0],
            [-122.058047519738, 36.9553960625009, 0],
            [-122.058044181136, 36.9553951887978, 0],
            [-122.058041697951, 36.9553948443794, 0],
            [-122.058039179343, 36.9553947410525, 0],
            [-122.05803666464, 36.955394880094, 0],
            [-122.058029649107, 36.9553954983303, 0],
            [-122.058026246183, 36.9553962332123, 0],
            [-122.058022835419, 36.9553969691001, 0],
            [-122.058016384579, 36.9553992587105, 0],
            [-122.058013415825, 36.9554007862466, 0],
            [-122.058010451544, 36.9554023128217, 0],
            [-122.058005174022, 36.9554060574984, 0],
            [-122.058000679358, 36.9554104063273, 0],
            [-122.057997073171, 36.95541525426, 0],
            [-122.057994440689, 36.9554204875088, 0],
            [-122.057993291962, 36.9554238985483, 0],
            [-122.057991626104, 36.9554282014681, 0],
            [-122.057990906901, 36.9554326683723, 0],
            [-122.057991154078, 36.9554371674235, 0],
            [-122.057992359291, 36.9554415671593, 0],
            [-122.057994489522, 36.9554457373479, 0],
            [-122.057997480446, 36.9554495544843, 0],
            [-122.058001244391, 36.9554529061898, 0],
            [-122.058005670408, 36.9554556948157, 0],
            [-122.058010627657, 36.9554578382994, 0],
            [-122.058015971044, 36.9554592709902, 0],
            [-122.058020614539, 36.9554598767267, 0]
          ],
          [
            [-122.058252199696, 36.955382622971, 0],
            [-122.058248772083, 36.9554119331787, 0],
            [-122.058238343024, 36.9554048197609, 0],
            [-122.058227685254, 36.9553997262658, 0],
            [-122.058216304037, 36.9553957554096, 0],
            [-122.058204383779, 36.9553929732183, 0],
            [-122.058199677105, 36.9553932190585, 0],
            [-122.058195089042, 36.9553940941476, 0],
            [-122.058190750449, 36.955395573306, 0],
            [-122.058186785093, 36.9553976143261, 0],
            [-122.058183305163, 36.9554001580325, 0],
            [-122.058180410272, 36.9554031346034, 0],
            [-122.058178181698, 36.9554064564383, 0],
            [-122.058176686015, 36.9554100307261, 0],
            [-122.058175961525, 36.9554137551203, 0],
            [-122.058176031859, 36.9554175238656, 0],
            [-122.058176893671, 36.9554212297649, 0],
            [-122.058178523427, 36.9554247667922, 0],
            [-122.058180874127, 36.9554280346419, 0],
            [-122.058183878717, 36.9554309404861, 0],
            [-122.058187451244, 36.9554334007615, 0],
            [-122.058285548433, 36.9554368066373, 0],
            [-122.058289374654, 36.9554372060983, 0],
            [-122.058293231755, 36.9554370914671, 0],
            [-122.058297009796, 36.9554364678178, 0],
            [-122.0583006069, 36.9554353500298, 0],
            [-122.058303920441, 36.9554337710165, 0],
            [-122.058306860346, 36.9554317734363, 0],
            [-122.058309344685, 36.9554294133571, 0],
            [-122.058311304077, 36.9554267565918, 0],
            [-122.058312682785, 36.9554238768821, 0],
            [-122.058252199696, 36.955382622971, 0]
          ],
          [
            [-122.058373143288, 36.9554352502477, 0],
            [-122.05837401825, 36.9554375329881, 0],
            [-122.058375350565, 36.95543966903, 0],
            [-122.058377106463, 36.9554416002474, 0],
            [-122.058392985717, 36.9554486903755, 0],
            [-122.05840994967, 36.955453938387, 0],
            [-122.058427662698, 36.9554572424268, 0],
            [-122.058445780946, 36.9554585367971, 0],
            [-122.05846394791, 36.9554577956224, 0],
            [-122.058471842922, 36.955451885522, 0],
            [-122.058478686303, 36.9554451901199, 0],
            [-122.058484355873, 36.9554378282045, 0],
            [-122.058488753253, 36.95542992906, 0],
            [-122.05849800098, 36.9553776814197, 0],
            [-122.058500970891, 36.9553249679623, 0],
            [-122.058513237305, 36.9552217094644, 0],
            [-122.058532160253, 36.9551190964623, 0],
            [-122.058557690313, 36.9550173999708, 0],
            [-122.058556810644, 36.955013159005, 0],
            [-122.058555103409, 36.9550090814024, 0],
            [-122.05855261119, 36.955005271132, 0],
            [-122.058549395468, 36.9550018228985, 0],
            [-122.058545538939, 36.9549988257156, 0],
            [-122.058541138538, 36.9549963512839, 0],
            [-122.058536303439, 36.9549944657335, 0],
            [-122.058531155855, 36.9549932142929, 0],
            [-122.05852582668, 36.9549926276552, 0],
            [-122.058464366312, 36.9549822977999, 0],
            [-122.058461035315, 36.9549817358197, 0],
            [-122.058457633119, 36.9549816389048, 0],
            [-122.058454260852, 36.9549820102095, 0],
            [-122.058451018238, 36.954982839389, 0],
            [-122.058445729341, 36.9549863039677, 0],
            [-122.058441251551, 36.9549904354014, 0],
            [-122.058437715989, 36.9549951129801, 0],
            [-122.058435224311, 36.9550002028703, 0],
            [-122.058433849787, 36.9550055562972, 0],
            [-122.058433630756, 36.9550110186445, 0],
            [-122.058434575155, 36.9550164311966, 0],
            [-122.05843665391, 36.9550216375345, 0],
            [-122.058439807751, 36.9550264870503, 0],
            [-122.058443945038, 36.9550308385802, 0],
            [-122.058495405453, 36.9550088438834, 0],
            [-122.058465334692, 36.9551866967859, 0],
            [-122.058454296576, 36.9552656535436, 0],
            [-122.058441454897, 36.9553947118332, 0],
            [-122.058385542674, 36.9554183710249, 0],
            [-122.058382765997, 36.9554192516512, 0],
            [-122.058380208879, 36.9554204853138, 0],
            [-122.058377941388, 36.9554220395345, 0],
            [-122.058376025513, 36.9554238711288, 0],
            [-122.058374512969, 36.9554259289388, 0],
            [-122.058373447539, 36.9554281583078, 0],
            [-122.058372853771, 36.9554304976268, 0],
            [-122.058372752827, 36.9554328844306, 0],
            [-122.058373143288, 36.9554352502477, 0]
          ],
          [
            [-122.05837260426, 36.9550331240436, 0],
            [-122.058373639593, 36.9550300939173, 0],
            [-122.0583740441, 36.9550269676839, 0],
            [-122.058384719813, 36.9549916388687, 0],
            [-122.058385410993, 36.9549885827015, 0],
            [-122.058385450971, 36.9549854766603, 0],
            [-122.058384835984, 36.9549824100134, 0],
            [-122.058383584686, 36.9549794699271, 0],
            [-122.058381733596, 36.9549767388229, 0],
            [-122.058379334896, 36.9549742962094, 0],
            [-122.05837645624, 36.954972209673, 0],
            [-122.058373178624, 36.9549705403134, 0],
            [-122.058369597317, 36.9549693337191, 0],
            [-122.058334133546, 36.9549653882473, 0],
            [-122.058298351994, 36.9549643109992, 0],
            [-122.058262616717, 36.9549661133305, 0],
            [-122.05825911405, 36.9549680472364, 0],
            [-122.058256072054, 36.954970427384, 0],
            [-122.058253577993, 36.9549731841165, 0],
            [-122.058251704332, 36.9549762380619, 0],
            [-122.058250503163, 36.9549795020096, 0],
            [-122.058250011814, 36.9549828808356, 0],
            [-122.058250242896, 36.9549862788451, 0],
            [-122.058251188703, 36.9549895952076, 0],
            [-122.058252824822, 36.9549927356242, 0],
            [-122.058255102213, 36.9549956097298, 0],
            [-122.058257955151, 36.9549981345921, 0],
            [-122.058261302397, 36.9550002373989, 0],
            [-122.058279689082, 36.9550086836687, 0],
            [-122.058298084845, 36.9550171343203, 0],
            [-122.05833107362, 36.9550384455027, 0],
            [-122.058333749025, 36.955040748339, 0],
            [-122.058336856753, 36.9550426723041, 0],
            [-122.058340316012, 36.9550441662084, 0],
            [-122.058344035012, 36.9550451898238, 0],
            [-122.058347910998, 36.9550457156855, 0],
            [-122.058351842637, 36.9550457307287, 0],
            [-122.058355725451, 36.955045232745, 0],
            [-122.058359455337, 36.9550442375448, 0],
            [-122.058362931728, 36.955042769002, 0],
            [-122.058366062271, 36.9550408680034, 0],
            [-122.05836876378, 36.9550385843252, 0],
            [-122.058370964556, 36.9550359802066, 0],
            [-122.05837260426, 36.9550331240436, 0]
          ],
          [
            [-122.057876580756, 36.9549882799504, 0],
            [-122.057874819533, 36.9549886891921, 0],
            [-122.057873167458, 36.9549893258779, 0],
            [-122.057871669063, 36.9549901713894, 0],
            [-122.057870365435, 36.9549912035488, 0],
            [-122.057869294145, 36.9549923930161, 0],
            [-122.057868482585, 36.9549937069824, 0],
            [-122.057867953619, 36.954995110897, 0],
            [-122.057867722142, 36.9549965649084, 0],
            [-122.057867567852, 36.954999303889, 0],
            [-122.057867952261, 36.9550020284627, 0],
            [-122.057868864989, 36.9550046711786, 0],
            [-122.057870284462, 36.9550071665381, 0],
            [-122.057872175752, 36.9550094546279, 0],
            [-122.057874490495, 36.9550114775169, 0],
            [-122.057877173776, 36.955013186373, 0],
            [-122.057880158448, 36.955014537935, 0],
            [-122.057897440479, 36.9550201314318, 0],
            [-122.057915586591, 36.9550235865684, 0],
            [-122.057934171749, 36.9550248216079, 0],
            [-122.05795278216, 36.9550238096361, 0],
            [-122.05797098371, 36.9550205726749, 0],
            [-122.057988372578, 36.955015185512, 0],
            [-122.05799019651, 36.9550125485861, 0],
            [-122.057991426533, 36.9550097006063, 0],
            [-122.057992028481, 36.9550067267411, 0],
            [-122.057991981696, 36.9550037137812, 0],
            [-122.057991291415, 36.9550007517755, 0],
            [-122.057989974083, 36.9549979297225, 0],
            [-122.057988071795, 36.9549953281667, 0],
            [-122.057985638977, 36.9549930265871, 0],
            [-122.057982748877, 36.9549910915942, 0],
            [-122.057979485822, 36.9549895824412, 0],
            [-122.057928082674, 36.9549864130683, 0],
            [-122.057876580756, 36.9549882799504, 0]
          ],
          [
            [-122.05806702664, 36.9550158107379, 0],
            [-122.058071312343, 36.9550160049024, 0],
            [-122.058075576222, 36.9550156343113, 0],
            [-122.058079710676, 36.9550147085129, 0],
            [-122.05812684282, 36.9550051848323, 0],
            [-122.058173444233, 36.9549941118666, 0],
            [-122.05817629476, 36.9549933816584, 0],
            [-122.058178951159, 36.9549922791487, 0],
            [-122.058181336568, 36.9549908342026, 0],
            [-122.058183383368, 36.9549890891786, 0],
            [-122.058185034194, 36.9549870935078, 0],
            [-122.058186239686, 36.9549849037237, 0],
            [-122.058186966354, 36.9549825833572, 0],
            [-122.058187194231, 36.9549801984621, 0],
            [-122.05818691574, 36.9549778167292, 0],
            [-122.058186139036, 36.9549755065399, 0],
            [-122.058184886814, 36.9549733333781, 0],
            [-122.058183194079, 36.9549713607605, 0],
            [-122.058181110262, 36.9549696439005, 0],
            [-122.058178694766, 36.9549682315696, 0],
            [-122.058176014704, 36.954967165227, 0],
            [-122.058154268525, 36.9549624650296, 0],
            [-122.058131833328, 36.9549608173601, 0],
            [-122.058109379416, 36.9549622727395, 0],
            [-122.058087569516, 36.9549667871655, 0],
            [-122.058067055486, 36.9549742257611, 0],
            [-122.058048443645, 36.9549843695463, 0],
            [-122.0580465151, 36.9549874305299, 0],
            [-122.058045242262, 36.9549907044449, 0],
            [-122.058044659186, 36.9549941007171, 0],
            [-122.058044781927, 36.9549975272103, 0],
            [-122.058045608542, 36.9550008902266, 0],
            [-122.058047114709, 36.9550040999718, 0],
            [-122.058049260409, 36.9550070677627, 0],
            [-122.058051986708, 36.9550097132794, 0],
            [-122.058055220283, 36.9550119663076, 0],
            [-122.058058873346, 36.9550137631344, 0],
            [-122.0580628461, 36.955015056429, 0],
            [-122.05806702664, 36.9550158107379, 0]
          ],
          [
            [-122.058582649968, 36.9554521275094, 0],
            [-122.058585292251, 36.9554578652253, 0],
            [-122.058589087854, 36.9554631738777, 0],
            [-122.058593932638, 36.9554679052607, 0],
            [-122.058613103701, 36.9554728551854, 0],
            [-122.058632992221, 36.9554754199748, 0],
            [-122.058653137721, 36.9554755417993, 0],
            [-122.058673072967, 36.9554732160903, 0],
            [-122.058675988216, 36.9554718163205, 0],
            [-122.058678559857, 36.9554700381374, 0],
            [-122.058680712619, 36.9554679339151, 0],
            [-122.05868238268, 36.9554655666889, 0],
            [-122.058683519804, 36.95546300472, 0],
            [-122.058684090796, 36.9554603259544, 0],
            [-122.058684080427, 36.9554576080984, 0],
            [-122.058683485888, 36.9554549322967, 0],
            [-122.058652056559, 36.9554326469027, 0],
            [-122.058617248692, 36.9554138393019, 0],
            [-122.058626315684, 36.9552986196814, 0],
            [-122.058642297427, 36.9551838798852, 0],
            [-122.058665156745, 36.9550698862588, 0],
            [-122.058682930373, 36.9550563659993, 0],
            [-122.058721974328, 36.9550754729202, 0],
            [-122.058724084311, 36.9550761773827, 0],
            [-122.058726312787, 36.9550765855713, 0],
            [-122.058728596649, 36.9550766866142, 0],
            [-122.058730868466, 36.9550764778081, 0],
            [-122.058733062097, 36.9550759645431, 0],
            [-122.058735116079, 36.9550751611588, 0],
            [-122.058736970278, 36.9550740918901, 0],
            [-122.058738571445, 36.9550727880892, 0],
            [-122.058739873159, 36.9550712855234, 0],
            [-122.058740837027, 36.955069627963, 0],
            [-122.058741437136, 36.95506786532, 0],
            [-122.058741654287, 36.9550660465155, 0],
            [-122.05874148283, 36.9550642238941, 0],
            [-122.058739909146, 36.9550545165656, 0],
            [-122.058736700312, 36.9550450708133, 0],
            [-122.058731918331, 36.9550360606393, 0],
            [-122.058725648615, 36.9550276516223, 0],
            [-122.058718880435, 36.9550231973899, 0],
            [-122.05871129847, 36.9550196786587, 0],
            [-122.058703103403, 36.955017188272, 0],
            [-122.058694511033, 36.9550157900333, 0],
            [-122.058685749005, 36.9550155232553, 0],
            [-122.058677048763, 36.955016393856, 0],
            [-122.058668641151, 36.9550183789232, 0],
            [-122.058660745169, 36.9550214259641, 0],
            [-122.058653571383, 36.9550254546615, 0],
            [-122.058647309588, 36.9550303579402, 0],
            [-122.05864212333, 36.9550360083484, 0],
            [-122.058619191099, 36.9551155413688, 0],
            [-122.0586015791, 36.955195935101, 0],
            [-122.058589336577, 36.9552769644926, 0],
            [-122.058582499177, 36.955358398364, 0],
            [-122.058581792945, 36.9553991993515, 0],
            [-122.058581300965, 36.9554275988779, 0],
            [-122.058581086844, 36.9554400066457, 0],
            [-122.058581236161, 36.9554461192365, 0],
            [-122.058582649968, 36.9554521275094, 0]
          ]
        ]
      },
      "properties": {
        "OBJECTID": 128,
        "CODE": "PKG",
        "NAME": "Westside Research Park",
        "NUMBER": 301,
        "Location": null,
        "Permit_Type": null,
        "Handicapped": null,
        "Meters": null,
        "Comments": null,
        "Paystations": null,
        "Paystation_Limit": null,
        "Meter_Limit": null,
        "Permit_Days": null,
        "Permit_Period": null,
        "NUM": "301",
        "GlobalID": "6951de86-cf00-41f5-b990-1aba28c6d714"
      }
    },
    {
      "type": "Feature",
      "id": 147,
      "geometry": {
        "type": "Polygon",
        "coordinates": [
          [
            [-122.05787913097, 36.9580866171868, 0],
            [-122.057863545991, 36.9580700812614, 0],
            [-122.057851702027, 36.9580516713413, 0],
            [-122.057843940312, 36.9580319217813, 0],
            [-122.057837418615, 36.9580156495752, 0],
            [-122.057827793916, 36.9580003930132, 0],
            [-122.057815299701, 36.9579865265746, 0],
            [-122.05780024628, 36.9579743930717, 0],
            [-122.057783003633, 36.9579642885589, 0],
            [-122.057763995816, 36.9579564633085, 0],
            [-122.057743689506, 36.9579511111498, 0],
            [-122.057722585961, 36.9579483605645, 0],
            [-122.057701204325, 36.9579482821196, 0],
            [-122.057514104476, 36.9579646165096, 0],
            [-122.057498088305, 36.9578648017526, 0],
            [-122.057556473236, 36.9578636713183, 0],
            [-122.057614558537, 36.9578588148242, 0],
            [-122.057671972004, 36.9578502624762, 0],
            [-122.057702145692, 36.957837586061, 0],
            [-122.057729535073, 36.9578213672997, 0],
            [-122.057753491099, 36.9578019861563, 0],
            [-122.057773449478, 36.9577799025699, 0],
            [-122.057788939269, 36.9577556374146, 0],
            [-122.057799595004, 36.9577297615234, 0],
            [-122.057805165498, 36.9577028874592, 0],
            [-122.057805519018, 36.9576756478169, 0],
            [-122.057779505631, 36.9576008260343, 0],
            [-122.057758355824, 36.9575250308709, 0],
            [-122.057742126571, 36.9574484652375, 0],
            [-122.057728340527, 36.9572862375184, 0],
            [-122.057721003693, 36.9571237425047, 0],
            [-122.057720203645, 36.9569767354646, 0],
            [-122.057735149359, 36.9569754579754, 0],
            [-122.057735688542, 36.956975412021, 0],
            [-122.057733704139, 36.9569604625259, 0],
            [-122.057823892992, 36.9569559511559, 0],
            [-122.057823462291, 36.9570103258126, 0],
            [-122.057823620805, 36.9570103885807, 0],
            [-122.057823074172, 36.9570592828366, 0],
            [-122.057822761704, 36.9570986240344, 0],
            [-122.057826559516, 36.9572412662078, 0],
            [-122.057835285355, 36.9573837704484, 0],
            [-122.05783837496, 36.9573968343027, 0],
            [-122.05784425112, 36.957409273351, 0],
            [-122.057852734224, 36.9574207114919, 0],
            [-122.057863570021, 36.9574308015582, 0],
            [-122.057876428762, 36.9574392379447, 0],
            [-122.057890922262, 36.9574457671952, 0],
            [-122.057906612959, 36.9574501914857, 0],
            [-122.057923025284, 36.9574523756828, 0],
            [-122.057939663798, 36.9574522552113, 0],
            [-122.058646830067, 36.9573911194504, 0],
            [-122.058656558309, 36.9573913417778, 0],
            [-122.058666212541, 36.9573923266009, 0],
            [-122.058663397177, 36.9573709492095, 0],
            [-122.058734842615, 36.9573648889075, 0],
            [-122.058745432607, 36.9574529397927, 0],
            [-122.058746804212, 36.9574577239094, 0],
            [-122.058748059136, 36.957467490474, 0],
            [-122.058810563938, 36.9579489296115, 0],
            [-122.058810872146, 36.9579660499424, 0],
            [-122.058807760604, 36.957982991593, 0],
            [-122.05880131237, 36.9579993199793, 0],
            [-122.058791689483, 36.9580146183862, 0],
            [-122.058779138741, 36.9580284960011, 0],
            [-122.058763981842, 36.9580405997612, 0],
            [-122.058746604213, 36.9580506172066, 0],
            [-122.058727450895, 36.9580582945596, 0],
            [-122.058707011909, 36.9580634351173, 0],
            [-122.058698194061, 36.9580636340967, 0],
            [-122.058689548133, 36.9580650284615, 0],
            [-122.058681324829, 36.9580675779116, 0],
            [-122.058673765203, 36.9580712098332, 0],
            [-122.058667088228, 36.9580758158599, 0],
            [-122.058661489901, 36.958081262699, 0],
            [-122.058649211954, 36.9581018469288, 0],
            [-122.058639115617, 36.9581231743175, 0],
            [-122.057972171271, 36.9581799172392, 0],
            [-122.057994317778, 36.9581270079473, 0],
            [-122.05796847997, 36.9581255120375, 0],
            [-122.057943334635, 36.9581205327751, 0],
            [-122.057919612449, 36.9581122145021, 0],
            [-122.057898002304, 36.9581007985466, 0],
            [-122.05787913097, 36.9580866171868, 0]
          ],
          [
            [-122.058001807463, 36.9580239268718, 0],
            [-122.058024867395, 36.9580191614604, 0],
            [-122.058020298281, 36.9580081838114, 0],
            [-122.058013853304, 36.9579978305192, 0],
            [-122.058005660218, 36.9579883053485, 0],
            [-122.057995880213, 36.9579797999013, 0],
            [-122.057984707651, 36.9579724810044, 0],
            [-122.057979790949, 36.9579730036021, 0],
            [-122.057971090735, 36.9579762199478, 0],
            [-122.057963227579, 36.9579805948559, 0],
            [-122.05795642676, 36.9579859991496, 0],
            [-122.057950895991, 36.9579922687408, 0],
            [-122.057946804254, 36.9579992130226, 0],
            [-122.057944276317, 36.9580066212516, 0],
            [-122.057943073707, 36.958013824325, 0],
            [-122.057943282826, 36.9580210896437, 0],
            [-122.057944896643, 36.958028240668, 0],
            [-122.05794787787, 36.9580351039659, 0],
            [-122.05795215225, 36.9580415102043, 0],
            [-122.057957615528, 36.958047305771, 0],
            [-122.057964136752, 36.9580523491259, 0],
            [-122.057972895076, 36.9580584287003, 0],
            [-122.057982742657, 36.9580633167635, 0],
            [-122.057993432143, 36.9580668904534, 0],
            [-122.058004692134, 36.9580690587709, 0],
            [-122.058016238525, 36.9580697678355, 0],
            [-122.058018270483, 36.9580697388831, 0],
            [-122.058020267626, 36.9580694391369, 0],
            [-122.058022173952, 36.9580688756538, 0],
            [-122.058023937014, 36.9580680644547, 0],
            [-122.058025506742, 36.9580670278373, 0],
            [-122.058026837725, 36.9580657961476, 0],
            [-122.058027894747, 36.9580644041016, 0],
            [-122.05802864714, 36.9580628890579, 0],
            [-122.058029074473, 36.9580612945466, 0],
            [-122.058029163084, 36.95805966581, 0],
            [-122.058028912768, 36.9580580470093, 0],
            [-122.058028327863, 36.9580564849482, 0],
            [-122.058027427249, 36.9580550235331, 0],
            [-122.058001807463, 36.9580239268718, 0]
          ],
          [
            [-122.058656115125, 36.9579151475262, 0],
            [-122.058653829148, 36.95791565211, 0],
            [-122.058651678484, 36.9579164540807, 0],
            [-122.058649723287, 36.9579175301046, 0],
            [-122.058648015743, 36.957918851547, 0],
            [-122.058646603415, 36.957920383527, 0],
            [-122.058645529077, 36.9579220768084, 0],
            [-122.058644817745, 36.9579238923055, 0],
            [-122.058644490768, 36.9579257765628, 0],
            [-122.058644557204, 36.9579276789922, 0],
            [-122.058670314966, 36.9579652496368, 0],
            [-122.058643701278, 36.9579699238959, 0],
            [-122.058669720133, 36.9580053570281, 0],
            [-122.058672876481, 36.9580080481521, 0],
            [-122.058676521335, 36.9580103073833, 0],
            [-122.058680563688, 36.958012078262, 0],
            [-122.058684901585, 36.9580133179926, 0],
            [-122.058689429927, 36.9580139946359, 0],
            [-122.058694032708, 36.9580140917187, 0],
            [-122.058698598692, 36.9580136062219, 0],
            [-122.058703012489, 36.9580125514036, 0],
            [-122.058707164566, 36.9580109521588, 0],
            [-122.05871095134, 36.9580088495249, 0],
            [-122.05871558112, 36.9580058109988, 0],
            [-122.058719546954, 36.9580022181029, 0],
            [-122.058722747447, 36.957998163213, 0],
            [-122.05872510055, 36.9579937510632, 0],
            [-122.058726545696, 36.9579890933096, 0],
            [-122.058727047202, 36.9579843102879, 0],
            [-122.058726590771, 36.9579795247513, 0],
            [-122.058725189051, 36.9579748590928, 0],
            [-122.058699275315, 36.9579441125686, 0],
            [-122.058689853185, 36.9579361890708, 0],
            [-122.0586673425, 36.9579172594405, 0],
            [-122.058665337166, 36.9579162444681, 0],
            [-122.05866315011, 36.957915509492, 0],
            [-122.058660841262, 36.9579150744384, 0],
            [-122.058658474912, 36.957914952867, 0],
            [-122.058656115125, 36.9579151475262, 0]
          ],
          [
            [-122.057886784987, 36.9579317974001, 0],
            [-122.057915053529, 36.9578815252264, 0],
            [-122.057884537828, 36.9578795006172, 0],
            [-122.057907689831, 36.9578403093695, 0],
            [-122.057907288211, 36.9578383798764, 0],
            [-122.057906489621, 36.9578365313872, 0],
            [-122.0579053176, 36.9578348158566, 0],
            [-122.057903804589, 36.9578332815154, 0],
            [-122.057901993062, 36.9578319728557, 0],
            [-122.05789993539, 36.9578309243244, 0],
            [-122.057897687253, 36.9578301676203, 0],
            [-122.057895313093, 36.9578297235111, 0],
            [-122.057892879407, 36.957829603725, 0],
            [-122.057890455891, 36.9578298118369, 0],
            [-122.057888383272, 36.9578302621871, 0],
            [-122.05787858221, 36.957833244505, 0],
            [-122.057874181035, 36.9578345829989, 0],
            [-122.05786110252, 36.9578407812986, 0],
            [-122.057849530293, 36.9578486771443, 0],
            [-122.057839800981, 36.9578580416422, 0],
            [-122.057838716719, 36.9578593114883, 0],
            [-122.05783767115, 36.9578606060508, 0],
            [-122.057832525442, 36.9578687107257, 0],
            [-122.057829205609, 36.957877408323, 0],
            [-122.057827815109, 36.9578864352141, 0],
            [-122.057828394347, 36.9578955196004, 0],
            [-122.057830925256, 36.9579043859585, 0],
            [-122.057835332642, 36.9579127658365, 0],
            [-122.057841482133, 36.9579204068934, 0],
            [-122.057849188123, 36.9579270772987, 0],
            [-122.057854704628, 36.9579300261949, 0],
            [-122.057860770388, 36.9579321692965, 0],
            [-122.05786720552, 36.9579334423188, 0],
            [-122.057873818332, 36.957933807269, 0],
            [-122.057880409835, 36.9579332532878, 0],
            [-122.057886784987, 36.9579317974001, 0]
          ],
          [
            [-122.058660147187, 36.9578648071149, 0],
            [-122.0586638025, 36.9578650277103, 0],
            [-122.058667450672, 36.9578647419311, 0],
            [-122.058676223505, 36.9578638901913, 0],
            [-122.058684719769, 36.9578619408912, 0],
            [-122.058692728256, 36.9578589437161, 0],
            [-122.058700049508, 36.9578549734277, 0],
            [-122.058706501392, 36.9578501279872, 0],
            [-122.058711923613, 36.957844529396, 0],
            [-122.05871618089, 36.9578383146414, 0],
            [-122.058719167562, 36.9578316410423, 0],
            [-122.058720808428, 36.9578246727197, 0],
            [-122.058716654835, 36.9578115365946, 0],
            [-122.05871025531, 36.9577989946383, 0],
            [-122.058701735101, 36.9577872921027, 0],
            [-122.058691262958, 36.9577766601403, 0],
            [-122.058685154744, 36.9577719852996, 0],
            [-122.05867904307, 36.9577673059989, 0],
            [-122.058676516356, 36.9577655716355, 0],
            [-122.058673659299, 36.9577642066706, 0],
            [-122.058670555817, 36.957763250536, 0],
            [-122.058667295178, 36.9577627299754, 0],
            [-122.058663970916, 36.9577626608613, 0],
            [-122.058660680759, 36.9577630445907, 0],
            [-122.058657519962, 36.9577638717797, 0],
            [-122.058654578936, 36.9577651159864, 0],
            [-122.058651943433, 36.9577667427204, 0],
            [-122.058649689942, 36.9577687040974, 0],
            [-122.058647881371, 36.9577709470073, 0],
            [-122.058646576827, 36.9577733976636, 0],
            [-122.058624081602, 36.9578112095712, 0],
            [-122.058658833327, 36.9578109189763, 0],
            [-122.058642458241, 36.9578455399663, 0],
            [-122.058642260917, 36.9578484768851, 0],
            [-122.05864269437, 36.9578513981628, 0],
            [-122.058643744438, 36.9578542165731, 0],
            [-122.058645381315, 36.9578568487034, 0],
            [-122.058647555101, 36.9578592168172, 0],
            [-122.058650202573, 36.9578612505652, 0],
            [-122.058653246139, 36.9578628906049, 0],
            [-122.058656593816, 36.9578640876988, 0],
            [-122.058660147187, 36.9578648071149, 0]
          ],
          [
            [-122.058002905357, 36.957774977764, 0],
            [-122.058005290591, 36.9577711383579, 0],
            [-122.058006823501, 36.9577670282671, 0],
            [-122.058007458297, 36.9577627679619, 0],
            [-122.058007176268, 36.9577584838591, 0],
            [-122.058005986748, 36.9577543010999, 0],
            [-122.05800392373, 36.9577503426932, 0],
            [-122.058001048043, 36.9577467258823, 0],
            [-122.057976611879, 36.9577201175598, 0],
            [-122.058004122103, 36.95771005316, 0],
            [-122.057958115435, 36.9576755033622, 0],
            [-122.057950311909, 36.9576770675567, 0],
            [-122.057942836195, 36.9576794393447, 0],
            [-122.057935813244, 36.9576825792066, 0],
            [-122.057929802888, 36.9576861372099, 0],
            [-122.057924378034, 36.9576902578445, 0],
            [-122.05792054723, 36.9576939732734, 0],
            [-122.057916721945, 36.9576976841225, 0],
            [-122.057910668987, 36.9577060090977, 0],
            [-122.057906381931, 36.9577150134088, 0],
            [-122.057903972561, 36.9577244558452, 0],
            [-122.057903506463, 36.957734087703, 0],
            [-122.057904995152, 36.9577436519889, 0],
            [-122.057908399679, 36.9577528950869, 0],
            [-122.057909321552, 36.9577547320157, 0],
            [-122.05791255867, 36.957760073387, 0],
            [-122.057917424647, 36.9577672287234, 0],
            [-122.057923731239, 36.957773619526, 0],
            [-122.057931296039, 36.9577790598828, 0],
            [-122.05793990019, 36.9577833932067, 0],
            [-122.057949294037, 36.9577864939626, 0],
            [-122.057959207325, 36.9577882720372, 0],
            [-122.057965471117, 36.957789297713, 0],
            [-122.05797185898, 36.9577894836223, 0],
            [-122.057978199018, 36.9577888257534, 0],
            [-122.057984317558, 36.9577873426483, 0],
            [-122.057990050317, 36.9577850725498, 0],
            [-122.057994974522, 36.9577822599226, 0],
            [-122.057999293764, 36.9577788669001, 0],
            [-122.058002905357, 36.957774977764, 0]
          ],
          [
            [-122.058647380354, 36.9577373933143, 0],
            [-122.058653496743, 36.957737376442, 0],
            [-122.058659534164, 36.9577365846987, 0],
            [-122.058665339169, 36.9577350372581, 0],
            [-122.058670766601, 36.9577327739107, 0],
            [-122.058675680637, 36.9577298514449, 0],
            [-122.058679957018, 36.957726342716, 0],
            [-122.058683489746, 36.957722334754, 0],
            [-122.058686190002, 36.957717930581, 0],
            [-122.058691322369, 36.9577030202436, 0],
            [-122.058693554821, 36.9576876557183, 0],
            [-122.058692833095, 36.9576721982075, 0],
            [-122.058689175954, 36.9576570106409, 0],
            [-122.058682667182, 36.9576424505724, 0],
            [-122.058673460991, 36.9576288601958, 0],
            [-122.058661775132, 36.9576165592263, 0],
            [-122.05864788175, 36.9576058369128, 0],
            [-122.058639878507, 36.9576045948078, 0],
            [-122.058631728615, 36.9576044568205, 0],
            [-122.058623666854, 36.9576054270218, 0],
            [-122.058619802688, 36.9576064510596, 0],
            [-122.058615927352, 36.9576074779502, 0],
            [-122.05860873009, 36.9576105498901, 0],
            [-122.058602281038, 36.9576145571789, 0],
            [-122.058596776415, 36.9576193773354, 0],
            [-122.058592363964, 36.9576248786133, 0],
            [-122.058589175073, 36.9576308988442, 0],
            [-122.058587301614, 36.9576372655738, 0],
            [-122.058586797028, 36.9576437942448, 0],
            [-122.058587675407, 36.957650298122, 0],
            [-122.058589912636, 36.9576565891786, 0],
            [-122.058593444296, 36.9576624853335, 0],
            [-122.058598166921, 36.9576678167434, 0],
            [-122.058578377655, 36.9576793686868, 0],
            [-122.05859371204, 36.9577002750432, 0],
            [-122.058612916009, 36.9577190109716, 0],
            [-122.058635519669, 36.9577351195385, 0],
            [-122.058641337714, 36.9577366350765, 0],
            [-122.058647380354, 36.9577373933143, 0]
          ],
          [
            [-122.057964998486, 36.9576151180548, 0],
            [-122.057966535091, 36.9576122146111, 0],
            [-122.057967485624, 36.9576091540799, 0],
            [-122.057986012568, 36.9575728020854, 0],
            [-122.057955302462, 36.9575704944161, 0],
            [-122.057975593891, 36.9575317225786, 0],
            [-122.057975700636, 36.957529939496, 0],
            [-122.05797545158, 36.9575281647721, 0],
            [-122.057974854428, 36.957526445166, 0],
            [-122.057973922429, 36.9575248237578, 0],
            [-122.057972680035, 36.9575233425769, 0],
            [-122.057971159465, 36.9575220390428, 0],
            [-122.057969400722, 36.9575209468662, 0],
            [-122.057967445924, 36.9575200934215, 0],
            [-122.057965347198, 36.957519501443, 0],
            [-122.057963157606, 36.9575191846409, 0],
            [-122.057951680677, 36.9575177059274, 0],
            [-122.057940057079, 36.9575177639021, 0],
            [-122.057934335299, 36.9575185595018, 0],
            [-122.057928603433, 36.9575193561372, 0],
            [-122.057917629944, 36.957522441539, 0],
            [-122.057907444702, 36.9575269312795, 0],
            [-122.057898317014, 36.9575327073094, 0],
            [-122.057890498486, 36.9575396103611, 0],
            [-122.057884203077, 36.9575474528319, 0],
            [-122.057879601492, 36.957556018859, 0],
            [-122.057876820313, 36.9575650769474, 0],
            [-122.057875935232, 36.9575743782583, 0],
            [-122.057876616606, 36.9575822690027, 0],
            [-122.057878805785, 36.9575899818936, 0],
            [-122.057882720257, 36.9575977699637, 0],
            [-122.057888169321, 36.9576049391393, 0],
            [-122.057895006365, 36.9576112967215, 0],
            [-122.057903045913, 36.9576166712582, 0],
            [-122.057912073862, 36.9576209187155, 0],
            [-122.057921844149, 36.9576239243246, 0],
            [-122.057932096792, 36.9576256059456, 0],
            [-122.057942553524, 36.9576259204343, 0],
            [-122.057946474899, 36.9576257049251, 0],
            [-122.057950305239, 36.9576249985812, 0],
            [-122.057953950597, 36.9576238197807, 0],
            [-122.057957321741, 36.9576221976526, 0],
            [-122.057960334134, 36.9576201711767, 0],
            [-122.057962914729, 36.9576177917957, 0],
            [-122.057964998486, 36.9576151180548, 0]
          ],
          [
            [-122.058600144639, 36.9574778577892, 0],
            [-122.058580331947, 36.9575162520497, 0],
            [-122.058613320282, 36.9575156804339, 0],
            [-122.058583935322, 36.9575724607944, 0],
            [-122.058585812439, 36.9575748734282, 0],
            [-122.05858812666, 36.9575770287868, 0],
            [-122.05859082191, 36.9575788762518, 0],
            [-122.05859383665, 36.9575803724874, 0],
            [-122.058597099425, 36.957581483302, 0],
            [-122.05860053556, 36.9575821817571, 0],
            [-122.05860406501, 36.9575824527008, 0],
            [-122.05860760341, 36.9575822891504, 0],
            [-122.058617046051, 36.9575816807952, 0],
            [-122.058626279632, 36.9575799811867, 0],
            [-122.058635109543, 36.9575772280727, 0],
            [-122.058643350548, 36.9575734780008, 0],
            [-122.058653362513, 36.9575672421993, 0],
            [-122.05866199164, 36.9575597929521, 0],
            [-122.058669012914, 36.9575513261224, 0],
            [-122.058674243358, 36.9575420613437, 0],
            [-122.058677545411, 36.9575322419746, 0],
            [-122.05867883343, 36.9575221241974, 0],
            [-122.058678074708, 36.9575119715974, 0],
            [-122.058675287128, 36.9575020506884, 0],
            [-122.05867054452, 36.9574926182242, 0],
            [-122.058663971085, 36.9574839230758, 0],
            [-122.058655738825, 36.9574761909452, 0],
            [-122.058646060798, 36.9574696235548, 0],
            [-122.058641927815, 36.9574670013591, 0],
            [-122.05863796247, 36.9574650438046, 0],
            [-122.058633630614, 36.9574636607025, 0],
            [-122.058629070199, 36.9574628979718, 0],
            [-122.058624414145, 36.9574627754644, 0],
            [-122.0586197973, 36.9574632976863, 0],
            [-122.058615368695, 36.9574644491273, 0],
            [-122.058611248902, 36.957466195733, 0],
            [-122.058607565976, 36.957468485325, 0],
            [-122.058604427412, 36.9574712488771, 0],
            [-122.058601929197, 36.957474403999, 0],
            [-122.058600144639, 36.9574778577892, 0]
          ]
        ]
      },
      "properties": {
        "OBJECTID": 147,
        "CODE": null,
        "NAME": "WRP Special Events",
        "NUMBER": 302,
        "Location": null,
        "Permit_Type": null,
        "Handicapped": null,
        "Meters": null,
        "Comments": null,
        "Paystations": null,
        "Paystation_Limit": null,
        "Meter_Limit": null,
        "Permit_Days": null,
        "Permit_Period": null,
        "NUM": "302",
        "GlobalID": "68c22238-bff7-4bc3-9b90-65d78a687a65"
      }
    },
    {
      "type": "Feature",
      "id": 164,
      "geometry": {
        "type": "Polygon",
        "coordinates": [
          [
            [-122.061086027315, 36.9949792508655, 0],
            [-122.061226222472, 36.9949721574282, 0],
            [-122.061235764271, 36.9950547456054, 0],
            [-122.061154760771, 36.9950639484463, 0],
            [-122.061088177953, 36.9950671872702, 0],
            [-122.061084149189, 36.9950204757886, 0],
            [-122.061022988831, 36.9950225628871, 0],
            [-122.061008468406, 36.994779843407, 0],
            [-122.060967598714, 36.9947716805866, 0],
            [-122.06091930766, 36.9947363589332, 0],
            [-122.060849146959, 36.9946991795579, 0],
            [-122.060666064297, 36.9946969113112, 0],
            [-122.06056341363, 36.9946886448316, 0],
            [-122.060485393644, 36.9946547548768, 0],
            [-122.060376262894, 36.9945655548897, 0],
            [-122.060225265464, 36.9944917484726, 0],
            [-122.060034173303, 36.9944392886592, 0],
            [-122.059816050841, 36.9943592420623, 0],
            [-122.059749480288, 36.9943483399573, 0],
            [-122.059745190833, 36.9944236788873, 0],
            [-122.059622258183, 36.9944683979113, 0],
            [-122.059457331988, 36.9945248110863, 0],
            [-122.059410520525, 36.9945338925786, 0],
            [-122.059359481402, 36.99454074344, 0],
            [-122.05932078269, 36.9945435944062, 0],
            [-122.059274156705, 36.9945427847933, 0],
            [-122.059220814557, 36.9945357217756, 0],
            [-122.059166358629, 36.9945280089339, 0],
            [-122.059087451075, 36.9945118301598, 0],
            [-122.059015013712, 36.9944871255134, 0],
            [-122.058950766878, 36.9944580072957, 0],
            [-122.058880532159, 36.9944155706349, 0],
            [-122.058827824867, 36.9943635706037, 0],
            [-122.058781240142, 36.994263726799, 0],
            [-122.059078499124, 36.994234254669, 0],
            [-122.059134516966, 36.9944346658379, 0],
            [-122.059304636853, 36.9944082998581, 0],
            [-122.059330889622, 36.9944675847707, 0],
            [-122.059446891625, 36.9944464434917, 0],
            [-122.059552189529, 36.9944208523278, 0],
            [-122.059678496313, 36.9943840977076, 0],
            [-122.059718004584, 36.9942599854752, 0],
            [-122.059767133082, 36.9941015587895, 0],
            [-122.059812743244, 36.9940384820388, 0],
            [-122.060037738883, 36.9940131950731, 0],
            [-122.060633417138, 36.9939667172296, 0],
            [-122.060644010457, 36.9940473428915, 0],
            [-122.059890890385, 36.9941084717296, 0],
            [-122.059845996231, 36.9941158264145, 0],
            [-122.059797241635, 36.994208450638, 0],
            [-122.059767762687, 36.9942963163117, 0],
            [-122.060056668998, 36.9943923322294, 0],
            [-122.060272834598, 36.9944494827106, 0],
            [-122.060432746254, 36.9945294392012, 0],
            [-122.060510797682, 36.9946016760125, 0],
            [-122.060583399893, 36.9946420827717, 0],
            [-122.060675650545, 36.9946552965742, 0],
            [-122.06086744797, 36.9946585024068, 0],
            [-122.060994103227, 36.9947416423417, 0],
            [-122.061070431183, 36.994744486023, 0],
            [-122.061086027315, 36.9949792508655, 0]
          ]
        ]
      },
      "properties": {
        "OBJECTID": 164,
        "CODE": "PKG",
        "NAME": "ARC Center and Baskin Arts",
        "NUMBER": 173,
        "Location": "ARC Center and Baskin Arts",
        "Permit_Type": "ADA, Medical, Parkmobile",
        "Handicapped": null,
        "Meters": null,
        "Comments": null,
        "Paystations": null,
        "Paystation_Limit": null,
        "Meter_Limit": null,
        "Permit_Days": "Daily",
        "Permit_Period": "7:00am-8:30pm",
        "NUM": "173",
        "GlobalID": "1b5c513d-2a0c-47d5-a920-dba5437e8e2c"
      }
    }
  ]
}